0     0.00256459
0.09998      0.0545687
0.19996      0.0396246
0.29994      0.0108926
0.39992      0.0188003
0.4999      0.0138805
0.59988      0.0146014
0.69986      0.0093028
0.79984      0.0247911
0.89982       0.018095
0.9998     0.00282133
1.09978      0.0129006
1.19976       0.047175
1.29974      0.0236849
1.39972       0.025403
1.4997     0.00545442
1.59968        0.03578
1.69966      0.0212829
1.79964      0.0436712
1.89962       0.036731
1.9996       0.490465
2.09958      0.0183733
2.19956      0.0154685
2.29954      0.0774907
2.39952      0.0133613
2.4995      0.0135947
2.59948      0.0232782
2.69946     0.00777033
2.79944       0.027849
2.89942      0.0342879
2.9994       0.606447
3.09938       0.017684
3.19936      0.0357925
3.29934      0.0159848
3.39932      0.0385132
3.4993     0.00939673
3.59928      0.0290281
3.69926      0.0233913
3.79924      0.0350362
3.89922      0.0241036
3.9992      0.0223345
4.09918      0.0146323
4.19916      0.0127875
4.29914      0.0190946
4.39912      0.0124919
4.4991      0.0298332
4.59908      0.0520713
4.69906       0.026314
4.79904      0.0466863
4.89902      0.0255282
4.999       0.039472
5.09898      0.0278566
5.19896      0.0353908
5.29894      0.0175271
5.39892      0.0184998
5.4989      0.0279098
5.59888      0.0339322
5.69886      0.0129352
5.79884      0.0575846
5.89882      0.0364552
5.9988      0.0289868
6.09878      0.0559515
6.19876      0.0352388
6.29874      0.0296241
6.39872      0.0542435
6.4987      0.0191855
6.59868      0.0211856
6.69866       0.076499
6.79864      0.0240105
6.89862      0.0544079
6.9986      0.0406787
7.09858      0.0418553
7.19856      0.0481709
7.29854      0.0278493
7.39852     0.00697072
7.4985      0.0267056
7.59848     0.00980414
7.69846      0.0300085
7.79844      0.0121036
7.89842       0.029468
7.9984      0.0213575
8.09838     0.00687762
8.19836      0.0305656
8.29834      0.0403783
8.39832      0.0178401
8.4983      0.0309421
8.59828      0.0468714
8.69826       0.038336
8.79824      0.0345327
8.89822      0.0420262
8.9982      0.0252429
9.09818      0.0335932
9.19816      0.0362795
9.29814      0.0407069
9.39812      0.0401535
9.4981      0.0111463
9.59808      0.0166478
9.69806      0.0103926
9.79804      0.0438629
9.89802      0.0372034
9.998      0.0193953
10.098     0.00975438
10.198      0.0370308
10.2979      0.0197409
10.3979      0.0193937
10.4979      0.0154953
10.5979      0.0356137
10.6979      0.0176108
10.7978      0.0393916
10.8978       0.023274
10.9978      0.0710505
11.0978      0.0744859
11.1978      0.0300354
11.2977      0.0397127
11.3977      0.0504087
11.4977     0.00601328
11.5977      0.0461271
11.6977     0.00163819
11.7976     0.00278726
11.8976      0.0243113
11.9976      0.0411281
12.0976      0.0318268
12.1976       0.042563
12.2975      0.0373962
12.3975      0.0524575
12.4975       0.021953
12.5975      0.0346521
12.6975      0.0136167
12.7974      0.0153578
12.8974      0.0412562
12.9974       0.181835
13.0974      0.0305524
13.1974      0.0197372
13.2973      0.0251715
13.3973      0.0705872
13.4973      0.0280283
13.5973      0.0388348
13.6973      0.0233705
13.7972      0.0582249
13.8972     0.00926421
13.9972      0.0284803
14.0972      0.0451456
14.1972      0.0123682
14.2971      0.0307132
14.3971      0.0414339
14.4971      0.0246337
14.5971      0.0490373
14.6971      0.0299501
14.797      0.0450598
14.897       0.021568
14.997      0.0209183
15.097      0.0364907
15.197      0.0376983
15.2969       0.053138
15.3969      0.0077007
15.4969      0.0600631
15.5969      0.0334681
15.6969      0.0154982
15.7968      0.0160429
15.8968      0.0381018
15.9968      0.0237474
16.0968      0.0138516
16.1968        0.01905
16.2967      0.0429794
16.3967      0.0561239
16.4967      0.0640912
16.5967      0.0431299
16.6967       0.025298
16.7966      0.0196834
16.8966      0.0559981
16.9966     0.00908799
17.0966      0.0369557
17.1966      0.0245287
17.2965      0.0204616
17.3965      0.0179593
17.4965      0.0154522
17.5965      0.0621985
17.6965      0.0162041
17.7964       0.024905
17.8964      0.0418896
17.9964      0.0131584
18.0964      0.0184527
18.1964      0.0238363
18.2963      0.0247677
18.3963      0.0430302
18.4963        0.01845
18.5963      0.0397462
18.6963      0.0207828
18.7962      0.0220157
18.8962      0.0231328
18.9962      0.0204299
19.0962      0.0195738
19.1962      0.0188806
19.2961      0.0436699
19.3961      0.0219334
19.4961      0.0127901
19.5961      0.0347784
19.6961      0.0325018
19.796      0.0232603
19.896       0.029564
19.996      0.0527553
20.096      0.0125452
20.196      0.0653756
20.2959      0.0179083
20.3959      0.0434088
20.4959     0.00907546
20.5959      0.0208744
20.6959      0.0163638
20.7958      0.0268813
20.8958      0.0478962
20.9958       0.018191
21.0958      0.0141264
21.1958      0.0410953
21.2957      0.0306248
21.3957      0.0577642
21.4957      0.0332988
21.5957        0.05074
21.6957      0.0198434
21.7956      0.0124244
21.8956      0.0198661
21.9956      0.0130922
22.0956       0.033162
22.1956      0.0424047
22.2955       0.036303
22.3955      0.0113503
22.4955     0.00367493
22.5955      0.0321716
22.6955       0.022997
22.7954      0.0222158
22.8954      0.0227843
22.9954      0.0451805
23.0954      0.0303717
23.1954       0.026121
23.2953      0.0412117
23.3953     0.00870317
23.4953      0.0280069
23.5953       0.016085
23.6953      0.0330432
23.7952      0.0428839
23.8952      0.0322981
23.9952      0.0473344
24.0952      0.0274666
24.1952      0.0298347
24.2951      0.0176448
24.3951      0.0152326
24.4951        0.01471
24.5951      0.0198228
24.6951      0.0447379
24.795     0.00474988
24.895       0.021494
24.995     0.00661994
25.095      0.0310692
25.195      0.0173577
25.2949      0.0319862
25.3949      0.0580166
25.4949      0.0287845
25.5949      0.0479149
25.6949      0.0246602
25.7948      0.0389364
25.8948     0.00706633
25.9948      0.0301006
26.0948      0.0206373
26.1948      0.0275497
26.2947     0.00910894
26.3947      0.0250297
26.4947      0.0391326
26.5947      0.0556578
26.6947       0.028055
26.7946      0.0033984
26.8946      0.0139914
26.9946      0.0237459
27.0946       0.011875
27.1946      0.0382977
27.2945      0.0172857
27.3945      0.0286675
27.4945      0.0151194
27.5945      0.0191762
27.6945     0.00604118
27.7944      0.0276575
27.8944     0.00442608
27.9944      0.0294832
28.0944      0.0282248
28.1944      0.0568878
28.2943      0.0355314
28.3943      0.0337651
28.4943      0.0219628
28.5943      0.0479112
28.6943      0.0324339
28.7942     0.00720813
28.8942      0.0715142
28.9942      0.0402463
29.0942      0.0275751
29.1942      0.0324997
29.2941      0.0511736
29.3941      0.0289839
29.4941      0.0418749
29.5941      0.0293572
29.6941      0.0239107
29.794      0.0180947
29.894      0.0325524
29.994      0.0149266
30.094      0.0387374
30.194      0.0210437
30.2939     0.00945621
30.3939       0.015226
30.4939      0.0439456
30.5939      0.0340453
30.6939       0.023996
30.7938      0.0229766
30.8938      0.0254616
30.9938      0.0101252
31.0938      0.0221397
31.1938      0.0369274
31.2937      0.0254276
31.3937      0.0569459
31.4937      0.0439759
31.5937     0.00778148
31.6937      0.0209179
31.7936       0.041454
31.8936      0.0132072
31.9936     0.00679818
32.0936      0.0232169
32.1936      0.0316781
32.2935      0.0384339
32.3935      0.0215323
32.4935      0.0119161
32.5935      0.0254489
32.6935     0.00335575
32.7934      0.0338193
32.8934      0.0258975
32.9934      0.0246607
33.0934      0.0404547
33.1934      0.0235067
33.2933     0.00857579
33.3933      0.0351391
33.4933      0.0152889
33.5933      0.0204069
33.6933      0.0588729
33.7932      0.0638608
33.8932      0.0391675
33.9932      0.0309711
34.0932      0.0203352
34.1932      0.0183636
34.2931       0.051327
34.3931      0.0184503
34.4931      0.0484818
34.5931     0.00759336
34.6931       0.038976
34.793      0.0119486
34.893      0.0253257
34.993     0.00665167
35.093      0.0281929
35.193      0.0501295
35.2929      0.0212224
35.3929      0.0207316
35.4929      0.0288369
35.5929      0.0453242
35.6929      0.0357504
35.7928      0.0180039
35.8928      0.0225901
35.9928      0.0193236
36.0928      0.0204379
36.1928      0.0217728
36.2927     0.00366376
36.3927      0.0330688
36.4927      0.0538359
36.5927      0.0265205
36.6927      0.0244451
36.7926      0.0356918
36.8926       0.032067
36.9926       0.362909
37.0926      0.0324376
37.1926      0.0367523
37.2925      0.0333339
37.3925      0.0349232
37.4925      0.0389132
37.5925       0.017583
37.6925      0.0132677
37.7924      0.0526834
37.8924      0.0499592
37.9924      0.0329006
38.0924       0.028209
38.1924      0.0203835
38.2923       0.085797
38.3923      0.0221928
38.4923      0.0387228
38.5923      0.0105381
38.6923      0.0174332
38.7922      0.0105705
38.8922     0.00890133
38.9922       0.326616
39.0922      0.0262021
39.1922      0.0234345
39.2921      0.0455454
39.3921      0.0690583
39.4921      0.0434806
39.5921     0.00468394
39.6921      0.0193893
39.792      0.0430341
39.892      0.0125567
39.992      0.0463198
40.092     0.00531368
40.192       0.033235
40.2919     0.00951863
40.3919      0.0138374
40.4919      0.0598072
40.5919      0.0334474
40.6919      0.0130234
40.7918      0.0190392
40.8918     0.00951102
40.9918      0.0186943
41.0918      0.0347219
41.1918        0.00808
41.2917      0.0269381
41.3917       0.048653
41.4917      0.0164692
41.5917      0.0133418
41.6917      0.0329932
41.7916      0.0120833
41.8916     0.00342417
41.9916       0.044828
42.0916       0.018424
42.1916      0.0416208
42.2915      0.0647252
42.3915      0.0270457
42.4915       0.039328
42.5915      0.0243608
42.6915      0.0599507
42.7914      0.0646258
42.8914      0.0138802
42.9914      0.0195628
43.0914      0.0423269
43.1914      0.0326908
43.2913      0.0292493
43.3913      0.0549144
43.4913       0.017296
43.5913      0.0117327
43.6913      0.0239044
43.7912     0.00637324
43.8912      0.0311066
43.9912      0.0730343
44.0912      0.0211158
44.1912       0.040195
44.2911      0.0359945
44.3911       0.053649
44.4911      0.0394056
44.5911       0.038145
44.6911      0.0208543
44.791      0.0263108
44.891      0.0577993
44.991      0.0150092
45.091      0.0284123
45.191      0.0569213
45.2909      0.0369134
45.3909      0.0521585
45.4909      0.0315648
45.5909      0.0285237
45.6909      0.0313106
45.7908      0.0155594
45.8908      0.0303618
45.9908      0.0301445
46.0908      0.0448858
46.1908       0.022795
46.2907      0.0385135
46.3907      0.0291395
46.4907      0.0332981
46.5907      0.0236873
46.6907      0.0412835
46.7906      0.0376811
46.8906      0.0274586
46.9906      0.0158911
47.0906      0.0138456
47.1906      0.0187309
47.2905      0.0654913
47.3905      0.0173836
47.4905      0.0093159
47.5905      0.0376359
47.6905      0.0335124
47.7904      0.0497591
47.8904      0.0335139
47.9904      0.0169846
48.0904      0.0498645
48.1904      0.0072849
48.2903      0.0310653
48.3903      0.0151755
48.4903       0.029555
48.5903      0.0326386
48.6903      0.0311158
48.7902      0.0100766
48.8902      0.0473753
48.9902      0.0351518
49.0902      0.0483555
49.1902      0.0108163
49.2901      0.0224337
49.3901      0.0200315
49.4901      0.0367307
49.5901      0.0107959
49.6901      0.0220433
49.79      0.0359978
49.89      0.0208453
49.99      0.0179282
50.09      0.0253507
50.19      0.0295211
50.2899      0.0159224
50.3899      0.0500672
50.4899      0.0178375
50.5899      0.0394408
50.6899      0.0374412
50.7898      0.0267862
50.8898      0.0555751
50.9898     0.00289383
51.0898     0.00937725
51.1898      0.0137321
51.2897      0.0279684
51.3897      0.0464615
51.4897       0.042627
51.5897     0.00373352
51.6897      0.0306403
51.7896      0.0187061
51.8896      0.0542029
51.9896      0.0155786
52.0896      0.0166652
52.1896      0.0167015
52.2895       0.064257
52.3895      0.0261659
52.4895      0.0240995
52.5895      0.0228102
52.6895      0.0305523
52.7894      0.0153791
52.8894      0.0354578
52.9894      0.0650605
53.0894      0.0142242
53.1894      0.0104872
53.2893       0.023103
53.3893      0.0164834
53.4893       0.036625
53.5893      0.0308885
53.6893      0.0211838
53.7892      0.0156692
53.8892      0.0477806
53.9892      0.0418347
54.0892      0.0611642
54.1892      0.0358275
54.2891       0.029637
54.3891      0.0331058
54.4891      0.0231093
54.5891      0.0116417
54.6891      0.0406679
54.789     0.00914566
54.889      0.0406049
54.989      0.0205384
55.089      0.0285325
55.189      0.0362351
55.2889      0.0144693
55.3889      0.0226411
55.4889      0.0436454
55.5889      0.0474267
55.6889     0.00874216
55.7888      0.0367949
55.8888      0.0357905
55.9888      0.0251482
56.0888     0.00848445
56.1888      0.0128775
56.2887      0.0143403
56.3887      0.0245811
56.4887      0.0220042
56.5887      0.0219875
56.6887      0.0326202
56.7886      0.0291566
56.8886      0.0217219
56.9886      0.0583231
57.0886       0.030623
57.1886        0.06916
57.2885      0.0348523
57.3885      0.0264324
57.4885      0.0337186
57.5885      0.0151842
57.6885      0.0185874
57.7884      0.0284444
57.8884      0.0224227
57.9884      0.0371855
58.0884      0.0330954
58.1884      0.0228208
58.2883      0.0514235
58.3883      0.0291142
58.4883      0.0230068
58.5883      0.0317457
58.6883     0.00473234
58.7882      0.0385997
58.8882       0.011103
58.9882      0.0180842
59.0882       0.030974
59.1882      0.0341302
59.2881       0.040987
59.3881      0.0198009
59.4881      0.0517356
59.5881      0.0500659
59.6881      0.0185946
59.788      0.0241513
59.888      0.0596147
59.988      0.0441446
60.088       0.034364
60.188      0.0256014
60.2879      0.0226972
60.3879      0.0441285
60.4879      0.0124806
60.5879      0.0127724
60.6879      0.0476789
60.7878     0.00686893
60.8878      0.0386955
60.9878      0.0243599
61.0878      0.0213695
61.1878      0.0139846
61.2877      0.0507675
61.3877      0.0174979
61.4877      0.0372505
61.5877      0.0149004
61.6877      0.0242748
61.7876      0.0481509
61.8876      0.0279411
61.9876      0.0586152
62.0876      0.0055946
62.1876      0.0795714
62.2875      0.0385861
62.3875      0.0637686
62.4875      0.0168959
62.5875      0.0644092
62.6875      0.0352226
62.7874      0.0428493
62.8874       0.013106
62.9874     0.00851626
63.0874      0.0184416
63.1874       0.010535
63.2873      0.0331159
63.3873      0.0119701
63.4873       0.022418
63.5873      0.0325959
63.6873      0.0145704
63.7872      0.0262387
63.8872      0.0238368
63.9872      0.0229195
64.0872      0.0421455
64.1872      0.0472303
64.2871     0.00315665
64.3871      0.0456559
64.4871       0.017098
64.5871      0.0141646
64.6871      0.0133656
64.787      0.0134267
64.887      0.0162443
64.987      0.0247344
65.087       0.037863
65.187     0.00503205
65.2869      0.0703422
65.3869      0.0573586
65.4869      0.0498193
65.5869      0.0543883
65.6869      0.0678346
65.7868      0.0225221
65.8868       0.034627
65.9868      0.0362657
66.0868      0.0240849
66.1868      0.0610787
66.2867      0.0439253
66.3867      0.0166124
66.4867      0.0138557
66.5867      0.0599634
66.6867      0.0526735
66.7866      0.0171861
66.8866      0.0617891
66.9866      0.0306809
67.0866      0.0513683
67.1866      0.0328742
67.2865      0.0377011
67.3865      0.0368466
67.4865      0.0358218
67.5865      0.0279887
67.6865      0.0262763
67.7864      0.0237835
67.8864      0.0560732
67.9864      0.0321829
68.0864      0.0246936
68.1864      0.0248929
68.2863      0.0196848
68.3863      0.0299066
68.4863      0.0257112
68.5863      0.0274331
68.6863      0.0443464
68.7862       0.050734
68.8862      0.0112875
68.9862      0.0516842
69.0862      0.0194785
69.1862      0.0253814
69.2861      0.0652332
69.3861      0.0671168
69.4861      0.0281681
69.5861      0.0211837
69.6861      0.0243279
69.786      0.0364008
69.886      0.0212665
69.986      0.0352752
70.086      0.0423633
70.186      0.0613359
70.2859        0.01696
70.3859      0.0167018
70.4859      0.0225361
70.5859      0.0326197
70.6859      0.0342479
70.7858      0.0201207
70.8858      0.0497467
70.9858      0.0613095
71.0858      0.0147529
71.1858     0.00841774
71.2857       0.016334
71.3857      0.0106259
71.4857      0.0301421
71.5857      0.0171696
71.6857      0.0105586
71.7856        0.01671
71.8856      0.0223945
71.9856       0.024226
72.0856      0.0315214
72.1856      0.0153761
72.2855      0.0379799
72.3855       0.039029
72.4855      0.0238565
72.5855      0.0358254
72.6855     0.00390968
72.7854      0.0524422
72.8854      0.0236872
72.9854      0.0400658
73.0854       0.020786
73.1854      0.0348829
73.2853      0.0172562
73.3853      0.0289083
73.4853      0.0238496
73.5853       0.120292
73.6853      0.0186123
73.7852      0.0233011
73.8852      0.0496519
73.9852      0.0103962
74.0852       0.018129
74.1852     0.00115655
74.2851      0.0486679
74.3851      0.0206638
74.4851      0.0204825
74.5851      0.0326618
74.6851       0.040215
74.785      0.0627505
74.885      0.0280559
74.985      0.0694445
75.085      0.0376222
75.185      0.0137707
75.2849      0.0188501
75.3849      0.0452687
75.4849      0.0179556
75.5849      0.0419251
75.6849      0.0165196
75.7848      0.0128615
75.8848      0.0364474
75.9848      0.0099069
76.0848      0.0482817
76.1848      0.0450129
76.2847      0.0246801
76.3847      0.0488391
76.4847      0.0446034
76.5847      0.0203544
76.6847      0.0236253
76.7846      0.0349004
76.8846      0.0477854
76.9846      0.0348385
77.0846       0.017979
77.1846      0.0246154
77.2845      0.0229603
77.3845      0.0104617
77.4845      0.0225643
77.5845      0.0296418
77.6845      0.0255525
77.7844     0.00942509
77.8844      0.0195321
77.9844      0.0107912
78.0844     0.00847197
78.1844      0.0123222
78.2843     0.00840103
78.3843      0.0375922
78.4843      0.0458719
78.5843      0.0442146
78.6843      0.0147851
78.7842      0.0241256
78.8842      0.0421666
78.9842      0.0195251
79.0842      0.0322422
79.1842      0.0280998
79.2841      0.0607184
79.3841      0.0173912
79.4841       0.010861
79.5841      0.0428211
79.6841      0.0236028
79.784      0.0160016
79.884       0.044511
79.984       0.025201
80.084      0.0390074
80.184      0.0289146
80.2839      0.0210323
80.3839       0.046283
80.4839      0.0275133
80.5839      0.0514718
80.6839      0.0503637
80.7838      0.0204459
80.8838      0.0142144
80.9838      0.0249182
81.0838      0.0132197
81.1838      0.0105791
81.2837     0.00872258
81.3837      0.0226439
81.4837      0.0398509
81.5837      0.0383824
81.6837      0.0144841
81.7836      0.0347283
81.8836      0.0715414
81.9836      0.0367285
82.0836      0.0252166
82.1836     0.00761394
82.2835      0.0100855
82.3835      0.0342725
82.4835      0.0228229
82.5835     0.00917914
82.6835      0.0557415
82.7834        0.04478
82.8834      0.0242136
82.9834      0.0276019
83.0834      0.0484735
83.1834      0.0328299
83.2833     0.00726998
83.3833      0.0249681
83.4833      0.0487188
83.5833       0.027138
83.6833      0.0376151
83.7832      0.0166561
83.8832      0.0231538
83.9832      0.0233336
84.0832      0.0163645
84.1832      0.0291321
84.2831      0.0598019
84.3831      0.0231142
84.4831      0.0211357
84.5831      0.0217087
84.6831     0.00714197
84.783     0.00576603
84.883      0.0745058
84.983       0.010333
85.083     0.00528314
85.183       0.013555
85.2829      0.0332922
85.3829      0.0208422
85.4829      0.0493843
85.5829      0.0408029
85.6829      0.0257367
85.7828      0.0744943
85.8828      0.0018935
85.9828      0.0442984
86.0828      0.0505728
86.1828      0.0358199
86.2827      0.0133551
86.3827      0.0215816
86.4827      0.0347598
86.5827      0.0193802
86.6827      0.0373102
86.7826      0.0557679
86.8826      0.0321533
86.9826      0.0401961
87.0826      0.0330892
87.1826      0.0280087
87.2825      0.0468399
87.3825      0.0647915
87.4825      0.0433069
87.5825      0.0429447
87.6825      0.0400736
87.7824      0.0105856
87.8824      0.0127467
87.9824      0.0326681
88.0824      0.0334652
88.1824     0.00941394
88.2823      0.0116171
88.3823      0.0441602
88.4823      0.0307552
88.5823      0.0438179
88.6823      0.0367361
88.7822      0.0392493
88.8822      0.0435436
88.9822     0.00374221
89.0822       0.017069
89.1822      0.0375682
89.2821       0.016286
89.3821      0.0195275
89.4821      0.0146969
89.5821     0.00746121
89.6821      0.0609239
89.782     0.00137586
89.882      0.0168779
89.982      0.0412388
90.082      0.0296166
90.182      0.0265509
90.2819       0.037756
90.3819      0.0188771
90.4819      0.0273849
90.5819      0.0494496
90.6819     0.00237352
90.7818      0.0339464
90.8818      0.0161266
90.9818      0.0563679
91.0818      0.0381086
91.1818     0.00478335
91.2817      0.0252108
91.3817      0.0390719
91.4817      0.0066684
91.5817      0.0133523
91.6817      0.0308714
91.7816      0.0213764
91.8816      0.0261043
91.9816      0.0106802
92.0816      0.0300718
92.1816      0.0438089
92.2815     0.00930818
92.3815      0.0874264
92.4815      0.0205909
92.5815       0.037048
92.6815      0.0487411
92.7814      0.0316518
92.8814      0.0156384
92.9814     0.00863454
93.0814      0.0328347
93.1814      0.0195127
93.2813      0.0429193
93.3813      0.0354946
93.4813     0.00903359
93.5813      0.0682818
93.6813      0.0494811
93.7812      0.0294325
93.8812       0.019104
93.9812      0.0320982
94.0812      0.0551956
94.1812      0.0373366
94.2811      0.0167902
94.3811      0.0142978
94.4811      0.0214989
94.5811      0.0538528
94.6811      0.0356556
94.781      0.0250087
94.881      0.0203748
94.981      0.0196852
95.081       0.012261
95.181      0.0218469
95.2809       0.038841
95.3809      0.0332494
95.4809      0.0408274
95.5809      0.0520745
95.6809      0.0392456
95.7808      0.0397315
95.8808      0.0282117
95.9808      0.0121048
96.0808      0.0463777
96.1808      0.0482876
96.2807      0.0466788
96.3807      0.0315364
96.4807      0.0163382
96.5807        0.03173
96.6807      0.0323919
96.7806      0.0331106
96.8806       0.027267
96.9806      0.0890762
97.0806      0.0079187
97.1806      0.0533758
97.2805      0.0272213
97.3805      0.0511177
97.4805      0.0098429
97.5805      0.0175055
97.6805      0.0271612
97.7804      0.0246778
97.8804      0.0592887
97.9804      0.0169023
98.0804      0.0158697
98.1804      0.0339988
98.2803      0.0309837
98.3803      0.0448736
98.4803      0.0157096
98.5803      0.0168517
98.6803      0.0322132
98.7802      0.0172433
98.8802       0.014638
98.9802     0.00982525
99.0802      0.0173677
99.1802      0.0728004
99.2801      0.0499316
99.3801      0.0269001
99.4801      0.0413891
99.5801      0.0257887
99.6801      0.0120046
99.78      0.0151088
99.88      0.0366043
99.98      0.0165084
100.08     0.00786862
100.18      0.0420671
100.28      0.0122953
100.38      0.0570152
100.48      0.0195156
100.58       0.040664
100.68      0.0113266
100.78       0.017202
100.88      0.0191255
100.98      0.0535166
101.08      0.0453821
101.18      0.0635876
101.28      0.0392076
101.38     0.00897982
101.48      0.0555086
101.58      0.0353336
101.68      0.0634629
101.78      0.0131107
101.88      0.0526746
101.98      0.0561391
102.08     0.00492427
102.18      0.0351408
102.28      0.0328222
102.38      0.0472468
102.48      0.0315803
102.579      0.0334876
102.679     0.00230316
102.779        0.03537
102.879      0.0402659
102.979      0.0447313
103.079      0.0106432
103.179      0.0515471
103.279      0.0308992
103.379      0.0380578
103.479      0.0225077
103.579      0.0375534
103.679      0.0223245
103.779      0.0282511
103.879      0.0285641
103.979      0.0283302
104.079      0.0309507
104.179      0.0290182
104.279      0.0279306
104.379      0.0216666
104.479     0.00616222
104.579      0.0712899
104.679      0.0289149
104.779      0.0214792
104.879      0.0624578
104.979      0.0462785
105.079      0.0358757
105.179      0.0433668
105.279      0.0477369
105.379      0.0328845
105.479       0.057669
105.579      0.0299014
105.679      0.0529952
105.779      0.0202268
105.879      0.0510519
105.979      0.0158646
106.079     0.00600549
106.179      0.0241969
106.279      0.0710508
106.379      0.0513948
106.479      0.0138192
106.579      0.0432365
106.679      0.0235887
106.779    0.000604757
106.879       0.061961
106.979      0.0263095
107.079      0.0203346
107.179      0.0148932
107.279       0.019014
107.379      0.0369872
107.479      0.0280702
107.578       0.031646
107.678      0.0143678
107.778     0.00565946
107.878      0.0142247
107.978      0.0143497
108.078     0.00774473
108.178      0.0131534
108.278      0.0227147
108.378      0.0250466
108.478      0.0433626
108.578      0.0248719
108.678      0.0232344
108.778       0.029146
108.878      0.0284664
108.978      0.0166551
109.078      0.0199088
109.178      0.0228986
109.278      0.0166819
109.378      0.0210981
109.478      0.0387971
109.578      0.0228191
109.678      0.0362716
109.778     0.00854365
109.878       0.033458
109.978      0.0225061
110.078      0.0156572
110.178      0.0141615
110.278      0.0266872
110.378      0.0374592
110.478      0.0489774
110.578      0.0258027
110.678      0.0187146
110.778      0.0294217
110.878      0.0221626
110.978      0.0622123
111.078      0.0595634
111.178      0.0520912
111.278      0.0298114
111.378        0.01728
111.478     0.00678125
111.578        0.04203
111.678      0.0407959
111.778       0.018467
111.878      0.0410918
111.978      0.0418586
112.078      0.0589759
112.178      0.0412402
112.278      0.0275226
112.378     0.00542216
112.478      0.0428443
112.577      0.0215082
112.677      0.0474492
112.777      0.0124517
112.877       0.012762
112.977      0.0382653
113.077      0.0285187
113.177     0.00906129
113.277       0.020507
113.377      0.0505154
113.477      0.0485648
113.577      0.0153789
113.677      0.0106352
113.777      0.0177677
113.877      0.0321291
113.977       0.038562
114.077      0.0185279
114.177      0.0339072
114.277      0.0600529
114.377      0.0455064
114.477      0.0405544
114.577      0.0410851
114.677      0.0335873
114.777      0.0381129
114.877      0.0441018
114.977      0.0419873
115.077       0.033805
115.177      0.0323331
115.277        0.03603
115.377      0.0295025
115.477      0.0225193
115.577      0.0241027
115.677      0.0260778
115.777     0.00406747
115.877       0.027727
115.977      0.0515617
116.077      0.0571339
116.177      0.0112805
116.277      0.0216462
116.377      0.0341143
116.477      0.0239148
116.577       0.039837
116.677      0.0334148
116.777      0.0176883
116.877      0.0168462
116.977      0.0217145
117.077       0.012535
117.177      0.0252642
117.277      0.0495516
117.377      0.0362181
117.477      0.0617249
117.576      0.0339867
117.676       0.025312
117.776      0.0319724
117.876      0.0107046
117.976      0.0379246
118.076      0.0180941
118.176      0.0507003
118.276      0.0137021
118.376      0.0287728
118.476       0.022709
118.576      0.0225249
118.676      0.0346129
118.776      0.0326131
118.876      0.0377979
118.976      0.0322861
119.076      0.0636233
119.176      0.0119478
119.276      0.0102018
119.376       0.032309
119.476      0.0206239
119.576      0.0274228
119.676      0.0412415
119.776      0.0235111
119.876     0.00724626
119.976      0.0276559
120.076      0.0070708
120.176      0.0152161
120.276      0.0401526
120.376      0.0416219
120.476      0.0329421
120.576        0.01204
120.676      0.0140285
120.776      0.0451784
120.876      0.0149568
120.976       0.013614
121.076      0.0440187
121.176      0.0400847
121.276      0.0167654
121.376      0.0337875
121.476     0.00890837
121.576      0.0398831
121.676       0.027798
121.776      0.0734766
121.876      0.0209252
121.976      0.0414068
122.076      0.0447514
122.176      0.0182057
122.276      0.0525747
122.376      0.0234399
122.476      0.0325441
122.575      0.0394471
122.675      0.0282837
122.775      0.0174214
122.875      0.0233405
122.975      0.0563714
123.075      0.0154017
123.175      0.0243754
123.275       0.038295
123.375     0.00894497
123.475      0.0573004
123.575      0.0180901
123.675      0.0321492
123.775      0.0436823
123.875      0.0214505
123.975      0.0110905
124.075      0.0231871
124.175      0.0351451
124.275       0.037057
124.375      0.0374444
124.475      0.0256199
124.575      0.0275646
124.675      0.0610718
124.775      0.0324419
124.875      0.0210091
124.975      0.0310991
125.075      0.0207864
125.175      0.0181055
125.275      0.0187495
125.375       0.019323
125.475      0.0589918
125.575       0.022181
125.675      0.0630778
125.775      0.0508074
125.875      0.0252575
125.975      0.0186914
126.075      0.0314843
126.175      0.0351075
126.275      0.0168265
126.375      0.0305791
126.475      0.0166462
126.575      0.0256685
126.675      0.0476053
126.775      0.0400861
126.875      0.0124374
126.975      0.0279363
127.075      0.0290593
127.175      0.0373193
127.275       0.035184
127.375      0.0311861
127.475      0.0113126
127.574      0.0130894
127.674     0.00971803
127.774      0.0647617
127.874      0.0304406
127.974      0.0331285
128.074      0.0291658
128.174      0.0169347
128.274      0.0316434
128.374      0.0147274
128.474     0.00400808
128.574      0.0398684
128.674      0.0377517
128.774      0.0355632
128.874     0.00918583
128.974      0.0222255
129.074       0.055593
129.174     0.00818267
129.274      0.0305129
129.374      0.0279355
129.474       0.022502
129.574      0.0304367
129.674      0.0431544
129.774     0.00734635
129.874      0.0442984
129.974      0.0139271
130.074      0.0397562
130.174      0.0418128
130.274      0.0338538
130.374       0.041838
130.474      0.0330941
130.574      0.0134637
130.674      0.0331719
130.774        0.01844
130.874      0.0139858
130.974       0.027673
131.074     0.00871897
131.174      0.0385992
131.274      0.0475717
131.374      0.0341909
131.474      0.0494987
131.574      0.0126481
131.674      0.0173284
131.774      0.0491174
131.874      0.0279093
131.974      0.0564008
132.074      0.0254669
132.174      0.0235023
132.274       0.018189
132.374      0.0114439
132.474      0.0548798
132.573      0.0473164
132.673      0.0293647
132.773      0.0063199
132.873      0.0151941
132.973      0.0254931
133.073      0.0236204
133.173      0.0535632
133.273      0.0369511
133.373      0.0332641
133.473      0.0518252
133.573      0.0364372
133.673      0.0515546
133.773      0.0177639
133.873      0.0434564
133.973      0.0167944
134.073      0.0100478
134.173       0.017276
134.273      0.0358145
134.373       0.041073
134.473      0.0568585
134.573      0.0571232
134.673      0.0459034
134.773     0.00581398
134.873      0.0395214
134.973     0.00728413
135.073     0.00922946
135.173      0.0164168
135.273       0.017217
135.373      0.0579031
135.473      0.0297219
135.573      0.0276232
135.673      0.0155615
135.773      0.0344226
135.873      0.0112454
135.973       0.013034
136.073      0.0435422
136.173     0.00861023
136.273      0.0434125
136.373      0.0187068
136.473       0.017439
136.573      0.0131471
136.673      0.0567702
136.773      0.0332848
136.873      0.0139738
136.973      0.0418192
137.073      0.0128243
137.173      0.0564906
137.273      0.0368729
137.373     0.00926395
137.473       0.038829
137.572      0.0317074
137.672      0.0397294
137.772      0.0253699
137.872      0.0237243
137.972      0.0452507
138.072      0.0241542
138.172      0.0150923
138.272      0.0482684
138.372      0.0341278
138.472      0.0602613
138.572      0.0105831
138.672      0.0305514
138.772      0.0157799
138.872      0.0309921
138.972      0.0282304
139.072      0.0345353
139.172      0.0365633
139.272       0.050733
139.372       0.026077
139.472      0.0311509
139.572     0.00486067
139.672      0.0175168
139.772      0.0350883
139.872      0.0355066
139.972      0.0303194
140.072      0.0425211
140.172      0.0157469
140.272      0.0399188
140.372      0.0379883
140.472     0.00955533
140.572      0.0368739
140.672      0.0411453
140.772      0.0434067
140.872      0.0262366
140.972      0.0251997
141.072        0.02016
141.172      0.0236712
141.272      0.0513539
141.372      0.0182985
141.472      0.0588122
141.572      0.0357598
141.672      0.0246989
141.772      0.0196067
141.872      0.0250401
141.972       0.030474
142.072      0.0210106
142.172      0.0322417
142.272      0.0467161
142.372      0.0319485
142.472      0.0508932
142.571       0.029487
142.671      0.0252479
142.771      0.0300329
142.871     0.00619166
142.971      0.0273067
143.071      0.0247736
143.171      0.0114878
143.271      0.0291662
143.371      0.0282941
143.471      0.0336306
143.571      0.0860221
143.671      0.0164947
143.771      0.0275169
143.871      0.0180007
143.971      0.0118207
144.071      0.0399246
144.171      0.0358912
144.271      0.0275296
144.371      0.0239349
144.471       0.071574
144.571      0.0210372
144.671      0.0327693
144.771      0.0302801
144.871       0.052603
144.971      0.0486313
145.071      0.0350451
145.171      0.0380039
145.271       0.050733
145.371      0.0433095
145.471     0.00886716
145.571       0.066732
145.671     0.00852358
145.771      0.0368014
145.871      0.0406337
145.971      0.0326492
146.071      0.0712918
146.171      0.0138644
146.271     0.00719896
146.371       0.027349
146.471      0.0128023
146.571      0.0522125
146.671      0.0416246
146.771     0.00588977
146.871      0.0377084
146.971      0.0318278
147.071      0.0480775
147.171      0.0266735
147.271     0.00229834
147.371      0.0278781
147.471      0.0257368
147.57      0.0250967
147.67     0.00255399
147.77      0.0236716
147.87     0.00884778
147.97      0.0218749
148.07      0.0343392
148.17      0.0626549
148.27      0.0100612
148.37      0.0233857
148.47       0.044574
148.57      0.0238324
148.67      0.0201876
148.77      0.0129299
148.87      0.0448806
148.97      0.0404851
149.07      0.0146503
149.17      0.0300939
149.27      0.0133142
149.37     0.00919777
149.47      0.0553121
149.57      0.0398028
149.67      0.0375597
149.77       0.063389
149.87      0.0225935
149.97      0.0333119
150.07       0.025315
150.17      0.0338752
150.27       0.022494
150.37      0.0217608
150.47      0.0455291
150.57     0.00729064
150.67      0.0184618
150.77      0.0083643
150.87      0.0135918
150.97      0.0394395
151.07      0.0189407
151.17      0.0233087
151.27      0.0431522
151.37      0.0373133
151.47      0.0140074
151.57      0.0263527
151.67      0.0348459
151.77      0.0295463
151.87      0.0246688
151.97      0.0348096
152.07      0.0189805
152.17      0.0390811
152.27      0.0176754
152.37       0.014611
152.47       0.038652
152.569       0.056313
152.669      0.0331154
152.769      0.0503921
152.869      0.0193826
152.969       0.055758
153.069      0.0371377
153.169      0.0520224
153.269      0.0207607
153.369      0.0108402
153.469      0.0404463
153.569      0.0208249
153.669      0.0226892
153.769     0.00660846
153.869      0.0405029
153.969      0.0311321
154.069      0.0205367
154.169      0.0558348
154.269      0.0268325
154.369      0.0520745
154.469      0.0223118
154.569      0.0908409
154.669      0.0115456
154.769      0.0105731
154.869       0.016431
154.969      0.0191975
155.069      0.0441103
155.169      0.0545862
155.269      0.0244018
155.369     0.00307004
155.469      0.0193064
155.569      0.0195451
155.669      0.0232993
155.769      0.0366515
155.869      0.0523264
155.969      0.0269808
156.069      0.0340594
156.169      0.0239052
156.269      0.0395459
156.369      0.0443882
156.469       0.016231
156.569      0.0440329
156.669      0.0203137
156.769      0.0252082
156.869      0.0306938
156.969      0.0492865
157.069      0.0461812
157.169      0.0228322
157.269     0.00970745
157.369      0.0532521
157.469      0.0302775
157.568       0.041624
157.668      0.0235425
157.768       0.048967
157.868        0.03954
157.968      0.0494957
158.068        0.03267
158.168       0.028415
158.268      0.0271533
158.368      0.0180892
158.468       0.011739
158.568      0.0396988
158.668      0.0102386
158.768      0.0624455
158.868      0.0507827
158.968      0.0161958
159.068      0.0159214
159.168      0.0115605
159.268      0.0476254
159.368      0.0315437
159.468      0.0240461
159.568      0.0431136
159.668      0.0264939
159.768       0.032305
159.868      0.0269587
159.968      0.0333802
160.068      0.0445883
160.168      0.0100618
160.268      0.0395207
160.368      0.0174741
160.468      0.0211122
160.568      0.0300587
160.668      0.0438988
160.768     0.00578253
160.868      0.0108426
160.968      0.0309189
161.068      0.0276649
161.168      0.0469576
161.268      0.0236406
161.368      0.0519456
161.468      0.0206683
161.568      0.0333583
161.668      0.0193148
161.768      0.0265086
161.868      0.0345134
161.968      0.0274353
162.068      0.0327817
162.168      0.0121861
162.268      0.0276011
162.368     0.00711868
162.468      0.0231462
162.567      0.0226779
162.667      0.0180749
162.767      0.0265106
162.867      0.0527124
162.967      0.0517712
163.067      0.0343406
163.167      0.0555431
163.267      0.0577762
163.367      0.0249983
163.467      0.0367686
163.567     0.00806001
163.667      0.0211923
163.767      0.0274955
163.867       0.010773
163.967      0.0514273
164.067      0.0506486
164.167       0.027785
164.267      0.0489887
164.367      0.0226563
164.467      0.0426148
164.567      0.0171818
164.667      0.0199756
164.767      0.0395849
164.867      0.0153648
164.967     0.00674983
165.067      0.0261762
165.167      0.0187532
165.267      0.0685404
165.367      0.0302543
165.467      0.0242409
165.567      0.0357791
165.667      0.0084783
165.767      0.0179965
165.867      0.0208951
165.967      0.0492642
166.067      0.0175486
166.167      0.0179404
166.267      0.0435513
166.367      0.0201651
166.467       0.031671
166.567       0.042712
166.667      0.0815379
166.767      0.0346962
166.867      0.0167553
166.967       0.020113
167.067      0.0335446
167.167     0.00642091
167.267       0.051178
167.367      0.0217428
167.467      0.0615447
167.566      0.0272989
167.666      0.0366585
167.766      0.0587098
167.866      0.0479105
167.966      0.0217497
168.066      0.0218716
168.166      0.0349629
168.266      0.0175558
168.366      0.0304595
168.466      0.0257286
168.566      0.0231834
168.666       0.016238
168.766      0.0277921
168.866      0.0259778
168.966      0.0279282
169.066      0.0180066
169.166     0.00521305
169.266     0.00573488
169.366      0.0095186
169.466        0.02904
169.566     0.00721536
169.666      0.0607126
169.766      0.0125451
169.866      0.0274638
169.966       0.050681
170.066      0.0202596
170.166      0.0330758
170.266      0.0326293
170.366      0.0673658
170.466      0.0119276
170.566      0.0327457
170.666      0.0289015
170.766      0.0256601
170.866      0.0111001
170.966      0.0334761
171.066      0.0352772
171.166      0.0376831
171.266      0.0302935
171.366      0.0400475
171.466     0.00735522
171.566      0.0172729
171.666      0.0292027
171.766       0.050144
171.866       0.038412
171.966      0.0474835
172.066      0.0260033
172.166      0.0359942
172.266      0.0224424
172.366      0.0226695
172.466      0.0241369
172.565       0.036062
172.665      0.0378637
172.765      0.0412198
172.865      0.0180202
172.965      0.0546614
173.065      0.0243278
173.165      0.0100037
173.265      0.0592919
173.365      0.0373257
173.465      0.0368999
173.565      0.0196256
173.665      0.0222059
173.765      0.0472494
173.865       0.024543
173.965      0.0273486
174.065      0.0206018
174.165      0.0290644
174.265      0.0296788
174.365      0.0162842
174.465      0.0143599
174.565      0.0304768
174.665      0.0285677
174.765      0.0385796
174.865      0.0315552
174.965     0.00830276
175.065     0.00923223
175.165      0.0155603
175.265      0.0289054
175.365      0.0442395
175.465      0.0225954
175.565      0.0341393
175.665      0.0411178
175.765     0.00794134
175.865      0.0303811
175.965      0.0195528
176.065     0.00431201
176.165      0.0338437
176.265      0.0346964
176.365      0.0377876
176.465      0.0535357
176.565       0.029797
176.665      0.0168774
176.765       0.060923
176.865       0.026597
176.965      0.0118679
177.065      0.0374134
177.165      0.0365695
177.265      0.0280003
177.365      0.0408531
177.465      0.0232615
177.564       0.039738
177.664      0.0222944
177.764       0.054422
177.864      0.0395998
177.964      0.0274279
178.064      0.0167636
178.164      0.0459409
178.264      0.0358832
178.364      0.0254504
178.464      0.0381676
178.564      0.0461339
178.664      0.0323672
178.764      0.0222454
178.864      0.0269268
178.964      0.0466458
179.064       0.023985
179.164      0.0315321
179.264      0.0558336
179.364      0.0266043
179.464      0.0516374
179.564      0.0334739
179.664      0.0107193
179.764      0.0342834
179.864      0.0129654
179.964     0.00382181
180.064      0.0159802
180.164      0.0151584
180.264      0.0155322
180.364       0.018629
180.464      0.0375044
180.564     0.00839282
180.664      0.0398067
180.764      0.0541749
180.864      0.0236582
180.964      0.0521597
181.064      0.0256584
181.164      0.0302576
181.264       0.035849
181.364       0.024497
181.464      0.0101165
181.564      0.0154033
181.664      0.0261708
181.764      0.0131961
181.864      0.0488894
181.964      0.0212849
182.064      0.0130841
182.164      0.0122136
182.264      0.0195483
182.364     0.00554318
182.464     0.00553891
182.563      0.0319734
182.663      0.0226276
182.763      0.0131044
182.863      0.0456821
182.963      0.0308794
183.063      0.0467981
183.163      0.0606602
183.263      0.0415479
183.363      0.0275906
183.463      0.0128407
183.563      0.0555994
183.663      0.0125187
183.763       0.017521
183.863      0.0329211
183.963      0.0168271
184.063      0.0522924
184.163      0.0372333
184.263      0.0275256
184.363      0.0289613
184.463     0.00220805
184.563       0.019416
184.663      0.0444113
184.763      0.0280869
184.863      0.0334259
184.963      0.0190621
185.063      0.0113483
185.163       0.026104
185.263       0.036273
185.363      0.0182476
185.463      0.0266249
185.563      0.0190582
185.663      0.0157866
185.763      0.0301415
185.863      0.0966698
185.963      0.0371949
186.063      0.0274288
186.163     0.00879416
186.263      0.0097531
186.363      0.0403915
186.463      0.0267153
186.563      0.0104433
186.663      0.0140868
186.763      0.0158124
186.863      0.0430001
186.963       0.027564
187.063      0.0135966
187.163      0.0310421
187.263      0.0352533
187.363      0.0182253
187.463      0.0213831
187.562       0.039609
187.662      0.0454861
187.762      0.0433031
187.862      0.0174548
187.962     0.00750824
188.062      0.0128295
188.162      0.0395284
188.262      0.0210667
188.362      0.0352985
188.462      0.0314478
188.562      0.0190648
188.662      0.0269048
188.762      0.0309939
188.862      0.0322447
188.962      0.0252214
189.062      0.0100695
189.162      0.0398153
189.262      0.0140128
189.362      0.0288831
189.462      0.0421311
189.562      0.0164481
189.662       0.016903
189.762      0.0269579
189.862      0.0231992
189.962      0.0125944
190.062      0.0219628
190.162      0.0305162
190.262      0.0257677
190.362      0.0081447
190.462      0.0395687
190.562      0.0198009
190.662       0.028462
190.762      0.0240694
190.862      0.0429418
190.962      0.0493719
191.062      0.0324332
191.162      0.0242087
191.262     0.00991808
191.362      0.0167766
191.462      0.0395151
191.562      0.0647792
191.662      0.0217189
191.762     0.00650543
191.862      0.0453995
191.962      0.0134758
192.062      0.0294089
192.162      0.0610391
192.262      0.0143846
192.362      0.0203545
192.462      0.0140156
192.561       0.018237
192.661      0.0366213
192.761      0.0404835
192.861       0.016146
192.961      0.0355604
193.061      0.0194924
193.161     0.00966913
193.261      0.0456662
193.361        0.02971
193.461      0.0180156
193.561      0.0146046
193.661      0.0400661
193.761      0.0177697
193.861       0.037801
193.961      0.0597071
194.061      0.0152983
194.161      0.0224502
194.261      0.0294556
194.361      0.0462691
194.461      0.0132911
194.561     0.00323706
194.661      0.0428316
194.761      0.0234938
194.861        0.03894
194.961      0.0428059
195.061     0.00781379
195.161      0.0211535
195.261      0.0480781
195.361       0.029385
195.461       0.054802
195.561      0.0243212
195.661      0.0120966
195.761       0.019861
195.861       0.017994
195.961      0.0213914
196.061      0.0418184
196.161      0.0300199
196.261      0.0216593
196.361      0.0615851
196.461      0.0437069
196.561      0.0248629
196.661      0.0325844
196.761      0.0138483
196.861     0.00956813
196.961      0.0259409
197.061      0.0242962
197.161      0.0105519
197.261      0.0181758
197.361      0.0268975
197.461     0.00623197
197.56     0.00553451
197.66      0.0303702
197.76      0.0453096
197.86     0.00287366
197.96      0.0329557
198.06     0.00417928
198.16      0.0051233
198.26      0.0306793
198.36      0.0264493
198.46      0.0383083
198.56      0.0334492
198.66      0.0312545
198.76      0.0390867
198.86     0.00162943
198.96      0.0291869
199.06      0.0368459
199.16      0.0560883
199.26      0.0291868
199.36       0.011201
199.46      0.0349751
199.56      0.0333164
199.66      0.0386213
199.76       0.049864
199.86      0.0359165
199.96     0.00354861
200.06      0.0254671
200.16     0.00786422
200.26      0.0236489
200.36      0.0494495
200.46      0.0371844
200.56      0.0180107
200.66      0.0377751
200.76      0.0412023
200.86      0.0285149
200.96      0.0512725
201.06      0.0875722
201.16      0.0578121
201.26      0.0399872
201.36       0.056635
201.46      0.0322176
201.56      0.0158334
201.66     0.00634863
201.76       0.036909
201.86      0.0357943
201.96      0.0205914
202.06      0.0121208
202.16      0.0253402
202.26       0.023507
202.36      0.0174228
202.46      0.0203641
202.559      0.0365321
202.659       0.032908
202.759      0.0185297
202.859      0.0364427
202.959      0.0258293
203.059      0.0474804
203.159      0.0357055
203.259      0.0139711
203.359      0.0416676
203.459      0.0171234
203.559      0.0278169
203.659       0.028532
203.759      0.0282557
203.859      0.0258132
203.959      0.0265528
204.059      0.0278219
204.159      0.0500799
204.259      0.0108741
204.359      0.0063196
204.459      0.0269798
204.559      0.0149815
204.659      0.0600708
204.759      0.0150943
204.859      0.0110197
204.959      0.0305611
205.059       0.020426
205.159      0.0222877
205.259      0.0286462
205.359      0.0424821
205.459      0.0246251
205.559      0.0498269
205.659      0.0107155
205.759      0.0114912
205.859      0.0218708
205.959      0.0207635
206.059      0.0362976
206.159      0.0150183
206.259      0.0321433
206.359      0.0213185
206.459      0.0206259
206.559      0.0168614
206.659      0.0339618
206.759      0.0191572
206.859       0.017549
206.959      0.0162591
207.059      0.0279672
207.159       0.039516
207.259      0.0475258
207.359      0.0240347
207.459      0.0265902
207.558      0.0386542
207.658      0.0538992
207.758      0.0246152
207.858      0.0326309
207.958      0.0275063
208.058      0.0191013
208.158      0.0227787
208.258      0.0325137
208.358      0.0225743
208.458       0.026976
208.558      0.0545428
208.658      0.0321686
208.758      0.0218945
208.858      0.0282658
208.958      0.0129313
209.058      0.0243968
209.158      0.0409817
209.258     0.00639077
209.358      0.0150711
209.458      0.0175015
209.558      0.0224718
209.658      0.0258284
209.758      0.0178185
209.858      0.0120664
209.958      0.0107842
210.058      0.0340833
210.158     0.00742442
210.258      0.0137756
210.358      0.0150326
210.458      0.0285906
210.558      0.0270338
210.658      0.0179419
210.758      0.0554675
210.858      0.0155552
210.958       0.027258
211.058      0.0488157
211.158      0.0615811
211.258      0.0437777
211.358      0.0160954
211.458      0.0559085
211.558      0.0347319
211.658      0.0187339
211.758      0.0352193
211.858      0.0504515
211.958      0.0233256
212.058      0.0270677
212.158      0.0214736
212.258      0.0461183
212.358      0.0235102
212.458      0.0295635
212.557      0.0455835
212.657      0.0340155
212.757      0.0534013
212.857      0.0470707
212.957      0.0168323
213.057      0.0469671
213.157      0.0415932
213.257      0.0161419
213.357      0.0648129
213.457      0.0255678
213.557      0.0233026
213.657      0.0021372
213.757      0.0524789
213.857      0.0292419
213.957      0.0553694
214.057      0.0233512
214.157      0.0369576
214.257      0.0258434
214.357      0.0340394
214.457      0.0459759
214.557      0.0310094
214.657      0.0619934
214.757      0.0379417
214.857      0.0297733
214.957      0.0294018
215.057      0.0214139
215.157      0.0479723
215.257      0.0300312
215.357      0.0374278
215.457      0.0179731
215.557      0.0684197
215.657       0.023937
215.757     0.00239466
215.857      0.0368271
215.957     0.00808723
216.057      0.0575948
216.157      0.0155576
216.257      0.0126413
216.357     0.00931535
216.457      0.0463557
216.557      0.0351358
216.657      0.0439533
216.757      0.0580471
216.857      0.0231517
216.957     0.00851313
217.057      0.0339677
217.157      0.0411255
217.257      0.0387637
217.357      0.0349922
217.457      0.0246262
217.556      0.0557695
217.656      0.0119007
217.756      0.0494972
217.856      0.0231057
217.956      0.0321783
218.056      0.0329839
218.156      0.0457838
218.256     0.00826451
218.356      0.0444014
218.456     0.00489835
218.556      0.0165768
218.656      0.0269029
218.756      0.0221992
218.856       0.022064
218.956      0.0179378
219.056      0.0261034
219.156     0.00978422
219.256      0.0536558
219.356      0.0617057
219.456      0.0425252
219.556      0.0061287
219.656      0.0660371
219.756      0.0253495
219.856       0.031521
219.956      0.0344145
220.056      0.0157992
220.156      0.0199059
220.256       0.040109
220.356      0.0583497
220.456      0.0167496
220.556      0.0346947
220.656      0.0332692
220.756      0.0225955
220.856      0.0225943
220.956      0.0252589
221.056      0.0168313
221.156      0.0393837
221.256       0.029295
221.356      0.0183433
221.456      0.0355336
221.556      0.0577728
221.656      0.0105641
221.756     0.00817382
221.856       0.033434
221.956     0.00503093
222.056       0.024483
222.156      0.0203068
222.256      0.0225618
222.356      0.0322818
222.456      0.0247615
222.555      0.0366196
222.655       0.027367
222.755       0.011649
222.855      0.0440002
222.955      0.0242027
223.055      0.0206125
223.155      0.0302155
223.255      0.0324138
223.355     0.00337209
223.455      0.0246616
223.555      0.0501947
223.655      0.0176268
223.755      0.0185457
223.855      0.0260241
223.955      0.0326232
224.055     0.00508606
224.155      0.0211905
224.255      0.0832322
224.355      0.0261882
224.455      0.0332255
224.555      0.0446586
224.655      0.0232278
224.755      0.0342331
224.855      0.0522412
224.955      0.0288405
225.055      0.0151295
225.155      0.0705374
225.255      0.0308237
225.355      0.0157826
225.455     0.00494486
225.555      0.0276165
225.655      0.0143519
225.755      0.0336168
225.855      0.0192687
225.955      0.0439801
226.055      0.0386649
226.155      0.0432882
226.255      0.0390849
226.355      0.0423593
226.455      0.0250563
226.555      0.0101086
226.655      0.0163619
226.755      0.0430332
226.855      0.0209857
226.955      0.0263968
227.055      0.0117784
227.155      0.0230854
227.255      0.0271947
227.355          0.052
227.455      0.0451892
227.554      0.0473437
227.654      0.0268455
227.754      0.0157774
227.854      0.0133758
227.954      0.0354668
228.054      0.0104176
228.154      0.0176498
228.254      0.0273477
228.354      0.0407349
228.454      0.0126154
228.554      0.0596162
228.654     0.00655871
228.754      0.0186984
228.854       0.036357
228.954      0.0172543
229.054     0.00708716
229.154      0.0449327
229.254      0.0290226
229.354     0.00539045
229.454      0.0505087
229.554      0.0400056
229.654     0.00543009
229.754      0.0300266
229.854     0.00729821
229.954      0.0579555
230.054       0.038133
230.154      0.0292846
230.254      0.0211493
230.354       0.036949
230.454      0.0202941
230.554       0.039645
230.654      0.0315782
230.754      0.0211638
230.854      0.0167278
230.954      0.0337289
231.054      0.0050039
231.154      0.0497785
231.254      0.0495246
231.354      0.0145698
231.454      0.0249834
231.554       0.035701
231.654      0.0322972
231.754       0.042938
231.854       0.011151
231.954      0.0152259
232.054      0.0595521
232.154       0.024261
232.254      0.0373298
232.354      0.0134714
232.454      0.0318863
232.553      0.0113812
232.653      0.0315313
232.753      0.0121635
232.853     0.00887354
232.953      0.0352995
233.053      0.0174035
233.153      0.0243995
233.253      0.0106151
233.353      0.0170765
233.453       0.035824
233.553      0.0256104
233.653      0.0230262
233.753      0.0182745
233.853      0.0413152
233.953      0.0160776
234.053       0.053054
234.153      0.0264563
234.253      0.0519065
234.353      0.0261055
234.453      0.0318496
234.553      0.0583394
234.653        0.02571
234.753      0.0289803
234.853      0.0241752
234.953      0.0240874
235.053      0.0279031
235.153      0.0625389
235.253      0.0397392
235.353       0.045208
235.453      0.0128458
235.553      0.0163944
235.653      0.0321653
235.753      0.0363628
235.853      0.0149505
235.953      0.0475843
236.053      0.0172579
236.153     0.00789296
236.253      0.0338601
236.353      0.0130711
236.453      0.0265008
236.553      0.0192114
236.653      0.0236957
236.753      0.0367202
236.853      0.0476416
236.953      0.0373456
237.053       0.036816
237.153      0.0313738
237.253      0.0264008
237.353      0.0224026
237.453      0.0220769
237.552      0.0425976
237.652      0.0246592
237.752       0.043353
237.852      0.0278223
237.952      0.0359276
238.052      0.0265823
238.152     0.00512341
238.252      0.0190124
238.352      0.0365617
238.452      0.0282438
238.552      0.0256607
238.652      0.0744329
238.752      0.0193712
238.852       0.045268
238.952       0.024965
239.052       0.032186
239.152      0.0461908
239.252      0.0397663
239.352       0.035772
239.452      0.0283501
239.552      0.0407257
239.652      0.0305189
239.752      0.0349318
239.852       0.016173
239.952      0.0101368
240.052      0.0261927
240.152      0.0489029
240.252      0.0459247
240.352       0.038528
240.452      0.0260219
240.552      0.0259585
240.652      0.0607155
240.752      0.0317181
240.852      0.0470042
240.952      0.0197814
241.052      0.0081073
241.152      0.0107107
241.252      0.0333037
241.352      0.0207286
241.452      0.0249191
241.552      0.0274918
241.652      0.0171101
241.752      0.0091667
241.852      0.0417603
241.952      0.0248856
242.052      0.0238516
242.152      0.0171914
242.252      0.0602169
242.352      0.0468793
242.452      0.0236662
242.551      0.0297702
242.651      0.0366632
242.751      0.0397009
242.851      0.0290313
242.951      0.0336611
243.051     0.00645639
243.151      0.0252568
243.251      0.0243344
243.351      0.0448172
243.451      0.0504854
243.551       0.052047
243.651      0.0130404
243.751       0.048578
243.851      0.0204535
243.951      0.0484044
244.051      0.0509345
244.151      0.0381407
244.251    0.000475713
244.351      0.0284346
244.451      0.0267564
244.551      0.0385812
244.651      0.0238031
244.751      0.0283942
244.851      0.0391712
244.951      0.0162487
245.051      0.0170147
245.151        0.04038
245.251      0.0422414
245.351      0.0508804
245.451      0.0210013
245.551      0.0284629
245.651      0.0356193
245.751       0.043115
245.851      0.0322066
245.951      0.0132018
246.051      0.0314943
246.151      0.0269345
246.251     0.00954868
246.351     0.00541625
246.451      0.0167761
246.551      0.0126917
246.651      0.0182523
246.751       0.025308
246.851      0.0403021
246.951      0.0441306
247.051      0.0155493
247.151      0.0224771
247.251      0.0500642
247.351     0.00911333
247.451       0.043537
247.55      0.0182743
247.65       0.017987
247.75      0.0475364
247.85     0.00399155
247.95      0.0415626
248.05      0.0167952
248.15      0.0158283
248.25      0.0269764
248.35      0.0261658
248.45      0.0237386
248.55       0.012173
248.65      0.0417472
248.75      0.0174011
248.85      0.0602429
248.95      0.0537422
249.05      0.0172226
249.15      0.0338322
249.25      0.0149613
249.35      0.0354516
249.45     0.00986646
249.55      0.0145544
249.65      0.0269768
249.75      0.0291419
249.85       0.021283
249.95      0.0081488
250.05      0.0292104
250.15      0.0267301
250.25      0.0480377
250.35      0.0391109
250.45      0.0101198
250.55     0.00880577
250.65      0.0238403
250.75      0.0207886
250.85       0.041698
250.95      0.0212407
251.05      0.0197476
251.15     0.00636611
251.25      0.0133223
251.35      0.0432344
251.45      0.0346793
251.55      0.0416012
251.65      0.0427814
251.75     0.00339529
251.85      0.0374862
251.95      0.0342805
252.05      0.0164252
252.15      0.0280062
252.25      0.0182753
252.35      0.0120669
252.45      0.0062377
252.549      0.0161267
252.649      0.0147023
252.749      0.0220348
252.849      0.0217215
252.949      0.0271266
253.049     0.00919902
253.149      0.0629482
253.249      0.0369721
253.349      0.0466421
253.449      0.0207559
253.549        0.02097
253.649      0.0343042
253.749      0.0136899
253.849      0.0400901
253.949      0.0212637
254.049      0.0177466
254.149       0.043294
254.249      0.0764788
254.349      0.0484633
254.449     0.00527217
254.549      0.0259721
254.649      0.0126968
254.749      0.0473712
254.849     0.00324611
254.949      0.0239718
255.049      0.0330568
255.149      0.0514687
255.249      0.0257312
255.349      0.0143241
255.449        0.09448
255.549      0.0270456
255.649      0.0318275
255.749      0.0384223
255.849     0.00286226
255.949      0.0225189
256.049      0.0439985
256.149      0.0335849
256.249      0.0320069
256.349      0.0538648
256.449        0.01788
256.549       0.040739
256.649      0.0429904
256.749      0.0249853
256.849     0.00552012
256.949     0.00839104
257.049       0.059471
257.149       0.040957
257.249      0.0490877
257.349      0.0323659
257.449      0.0185818
257.548      0.0221091
257.648      0.0355322
257.748      0.0211186
257.848      0.0823207
257.948      0.0192463
258.048      0.0548309
258.148      0.0443539
258.248      0.0375518
258.348      0.0428579
258.448      0.0403017
258.548      0.0240168
258.648       0.017991
258.748      0.0190186
258.848      0.0187033
258.948      0.0106611
259.048      0.0334432
259.148      0.0439697
259.248      0.0506194
259.348      0.0328516
259.448      0.0139397
259.548      0.0410052
259.648      0.0124298
259.748      0.0342822
259.848     0.00464955
259.948      0.0189389
260.048      0.0292696
260.148      0.0308391
260.248       0.021989
260.348      0.0436838
260.448      0.0199854
260.548      0.0432837
260.648      0.0223899
260.748      0.0395146
260.848      0.0244907
260.948      0.0264666
261.048      0.0451452
261.148      0.0122452
261.248      0.0243377
261.348      0.0314277
261.448        0.04401
261.548      0.0473398
261.648      0.0316654
261.748      0.0483399
261.848      0.0192401
261.948      0.0293611
262.048      0.0474457
262.148      0.0215634
262.248      0.0632996
262.348     0.00900868
262.448     0.00882461
262.547      0.0543793
262.647      0.0531455
262.747     0.00761944
262.847      0.0418844
262.947     0.00658735
263.047      0.0625404
263.147      0.0230499
263.247     0.00617123
263.347     0.00800891
263.447      0.0196853
263.547      0.0147055
263.647      0.0110352
263.747      0.0169932
263.847      0.0157235
263.947      0.0349326
264.047      0.0258451
264.147      0.0346831
264.247      0.0132821
264.347      0.0339115
264.447      0.0331532
264.547      0.0153563
264.647      0.0238198
264.747       0.039414
264.847      0.0129791
264.947       0.030813
265.047      0.0258959
265.147      0.0601969
265.247      0.0115877
265.347      0.0498584
265.447      0.0135692
265.547      0.0434004
265.647      0.0259859
265.747      0.0198696
265.847      0.0563361
265.947      0.0221435
266.047      0.0194876
266.147      0.0551476
266.247      0.0344861
266.347      0.0347883
266.447      0.0228696
266.547      0.0144289
266.647      0.0441388
266.747      0.0634394
266.847      0.0316473
266.947      0.0244061
267.047     0.00750231
267.147      0.0053138
267.247      0.0298471
267.347     0.00546854
267.447     0.00348108
267.546      0.0205267
267.646     0.00909965
267.746      0.0212604
267.846      0.0320111
267.946      0.0223118
268.046      0.0168949
268.146      0.0184586
268.246      0.0366492
268.346       0.015362
268.446     0.00342334
268.546      0.0243939
268.646      0.0323625
268.746      0.0575185
268.846      0.0469548
268.946      0.0277142
269.046      0.0305267
269.146      0.0265093
269.246      0.0437679
269.346       0.034072
269.446      0.0232086
269.546      0.0132263
269.646      0.0674149
269.746      0.0512379
269.846      0.0253769
269.946       0.032984
270.046      0.0581393
270.146      0.0542453
270.246      0.0642236
270.346      0.0169012
270.446      0.0167749
270.546      0.0362625
270.646      0.0221065
270.746      0.0311963
270.846      0.0281681
270.946      0.0212289
271.046      0.0438688
271.146      0.0265142
271.246       0.027156
271.346      0.0294907
271.446      0.0258266
271.546      0.0320505
271.646      0.0407872
271.746      0.0192097
271.846      0.0163523
271.946      0.0173717
272.046     0.00911174
272.146      0.0460877
272.246      0.0231231
272.346      0.0188937
272.446      0.0157618
272.545      0.0179787
272.645     0.00578534
272.745      0.0311937
272.845      0.0191664
272.945      0.0135457
273.045     0.00828818
273.145      0.0387757
273.245      0.0125548
273.345      0.0220754
273.445      0.0290372
273.545      0.0245432
273.645      0.0106574
273.745      0.0261768
273.845     0.00571805
273.945     0.00621968
274.045      0.0316438
274.145       0.018672
274.245      0.0158477
274.345     0.00802396
274.445      0.0129342
274.545       0.019256
274.645      0.0136285
274.745      0.0312247
274.845       0.012775
274.945      0.0146682
275.045      0.0129579
275.145      0.0291485
275.245       0.026657
275.345      0.0130742
275.445      0.0057186
275.545      0.0221755
275.645      0.0381881
275.745      0.0526866
275.845      0.0196196
275.945      0.0445966
276.045      0.0300543
276.145      0.0139066
276.245      0.0169884
276.345      0.0269453
276.445        0.06052
276.545      0.0173939
276.645     0.00509638
276.745      0.0493348
276.845      0.0119687
276.945      0.0481957
277.045      0.0246969
277.145      0.0264304
277.245      0.0367026
277.345      0.0382492
277.445      0.0402814
277.544      0.0427523
277.644     0.00287133
277.744      0.0491669
277.844      0.0157759
277.944      0.0565349
278.044       0.020419
278.144       0.017461
278.244      0.0130812
278.344      0.0257321
278.444      0.0255008
278.544      0.0308991
278.644      0.0182769
278.744     0.00778388
278.844      0.0302104
278.944      0.0270562
279.044      0.0289489
279.144      0.0268187
279.244       0.020297
279.344       0.021516
279.444      0.0176723
279.544      0.0320713
279.644      0.0281159
279.744      0.0220048
279.844      0.0129579
279.944      0.0264649
280.044      0.0597502
280.144      0.0303777
280.244      0.0444129
280.344     0.00263343
280.444     0.00621081
280.544      0.0171964
280.644      0.0367671
280.744      0.0315225
280.844      0.0237665
280.944      0.0205984
281.044      0.0526503
281.144       0.010918
281.244      0.0124423
281.344       0.032841
281.444       0.033572
281.544      0.0145981
281.644      0.0251189
281.744      0.0414096
281.844       0.024742
281.944     0.00531583
282.044      0.0113146
282.144      0.0612488
282.244       0.034187
282.344      0.0233104
282.444      0.0308008
282.543      0.0158156
282.643       0.040438
282.743      0.0405549
282.843      0.0196355
282.943      0.0340621
283.043       0.039238
283.143      0.0204997
283.243      0.0561132
283.343      0.0308301
283.443      0.0265428
283.543      0.0406826
283.643      0.0147397
283.743     0.00820238
283.843      0.0277679
283.943      0.0235211
284.043       0.027255
284.143       0.025991
284.243      0.0388747
284.343      0.0567065
284.443     0.00801924
284.543      0.0246204
284.643       0.041149
284.743      0.0326991
284.843      0.0646186
284.943      0.0186555
285.043      0.0458274
285.143      0.0252757
285.243      0.0291932
285.343      0.0354105
285.443      0.0213404
285.543      0.0194018
285.643      0.0180074
285.743      0.0384208
285.843      0.0293012
285.943      0.0397659
286.043      0.0192407
286.143      0.0274846
286.243      0.0243193
286.343      0.0471836
286.443       0.023177
286.543      0.0388163
286.643      0.0572522
286.743      0.0238207
286.843      0.0335223
286.943      0.0375106
287.043      0.0378397
287.143      0.0160134
287.243      0.0170644
287.343      0.0651404
287.443      0.0169791
287.542      0.0192604
287.642      0.0431405
287.742      0.0480366
287.842      0.0179533
287.942      0.0450558
288.042      0.0339668
288.142      0.0350478
288.242      0.0206152
288.342     0.00151989
288.442      0.0232333
288.542      0.0103638
288.642      0.0299454
288.742      0.0249612
288.842      0.0175652
288.942     0.00908832
289.042      0.0143761
289.142      0.0104298
289.242       0.029503
289.342       0.025993
289.442      0.0295374
289.542      0.0199143
289.642      0.0141048
289.742      0.0409939
289.842      0.0150392
289.942      0.0171057
290.042      0.0232961
290.142      0.0214489
290.242      0.0310188
290.342      0.0277455
290.442     0.00410465
290.542      0.0538642
290.642      0.0470625
290.742      0.0393729
290.842      0.0218997
290.942      0.0170906
291.042      0.0347003
291.142      0.0161057
291.242      0.0291906
291.342       0.017002
291.442      0.0420906
291.542     0.00341253
291.642      0.0355961
291.742      0.0390644
291.842      0.0202496
291.942      0.0176502
292.042      0.0298226
292.142      0.0223781
292.242      0.0344503
292.342      0.0128491
292.442      0.0364306
292.541      0.0269214
292.641      0.0327783
292.741    0.000947841
292.841      0.0401836
292.941      0.0244671
293.041      0.0234799
293.141      0.0339446
293.241      0.0576202
293.341      0.0414921
293.441       0.015516
293.541      0.0311044
293.641      0.0310987
293.741      0.0447896
293.841      0.0385886
293.941      0.0210056
294.041     0.00835341
294.141      0.0409092
294.241      0.0331925
294.341      0.0307768
294.441      0.0403433
294.541      0.0198222
294.641      0.0206548
294.741      0.0733274
294.841       0.033106
294.941      0.0481634
295.041      0.0323159
295.141      0.0123068
295.241      0.0151199
295.341      0.0560814
295.441      0.0106296
295.541     0.00629761
295.641      0.0459153
295.741     0.00735665
295.841      0.0220368
295.941      0.0251466
296.041      0.0321315
296.141      0.0398154
296.241      0.0207233
296.341      0.0193996
296.441      0.0132213
296.541      0.0196371
296.641      0.0227711
296.741      0.0111333
296.841      0.0290988
296.941        0.01658
297.041       0.026409
297.141     0.00551818
297.241      0.0116158
297.341      0.0276154
297.441      0.0332484
297.54      0.0126015
297.64      0.0178504
297.74      0.0405884
297.84      0.0248604
297.94      0.0283019
298.04      0.0407896
298.14     0.00826379
298.24      0.0269503
298.34     0.00996096
298.44      0.0318943
298.54      0.0250261
298.64      0.0491415
298.74      0.0290075
298.84      0.0323963
298.94      0.0601142
299.04      0.0242549
299.14      0.0459693
299.24      0.0187183
299.34      0.0476894
299.44      0.0167283
299.54      0.0234733
299.64      0.0903082
299.74      0.0236911
299.84      0.0595149
299.94      0.0137772
300.04      0.0380427
300.14     0.00472242
300.24      0.0235505
300.34      0.0128191
300.44      0.0174439
300.54      0.0403286
300.64      0.0092316
300.74      0.0265827
300.84      0.0330933
300.94      0.0130986
301.04      0.0214758
301.14      0.0318973
301.24      0.0192115
301.34     0.00214074
301.44       0.010596
301.54      0.0349874
301.64      0.0509458
301.74      0.0166137
301.84      0.0118705
301.94      0.0042338
302.04     0.00708357
302.14      0.0519232
302.24      0.0196103
302.34      0.0285246
302.44       0.024799
302.539      0.0225106
302.639      0.0140876
302.739      0.0311741
302.839      0.0190296
302.939      0.0220979
303.039      0.0277491
303.139      0.0100815
303.239     0.00977273
303.339      0.0221318
303.439      0.0184515
303.539       0.065031
303.639      0.0396247
303.739     0.00851024
303.839      0.0251065
303.939      0.0257793
304.039       0.036595
304.139      0.0284724
304.239      0.0162983
304.339      0.0168669
304.439     0.00741417
304.539      0.0314834
304.639      0.0523391
304.739      0.0662049
304.839      0.0436242
304.939      0.0286399
305.039      0.0225361
305.139      0.0501515
305.239      0.0141465
305.339      0.0640646
305.439      0.0295774
305.539      0.0408516
305.639      0.0630764
305.739      0.0114273
305.839      0.0204087
305.939      0.0198296
306.039      0.0414612
306.139      0.0413796
306.239      0.0352056
306.339      0.0443903
306.439      0.0316637
306.539      0.0180706
306.639      0.0132034
306.739     0.00899359
306.839      0.0393451
306.939      0.0130442
307.039      0.0156744
307.139       0.053755
307.239      0.0287398
307.339      0.0236811
307.439     0.00293829
307.538      0.0193341
307.638      0.0178525
307.738       0.039203
307.838      0.0287036
307.938       0.063733
308.038      0.0087851
308.138      0.0120071
308.238      0.0229965
308.338      0.0282019
308.438      0.0366026
308.538      0.0457998
308.638      0.0172722
308.738      0.0156162
308.838      0.0377091
308.938      0.0362427
309.038      0.0610093
309.138      0.0254862
309.238      0.0183708
309.338      0.0240503
309.438      0.0296448
309.538      0.0215149
309.638      0.0440799
309.738     0.00922303
309.838      0.0478522
309.938      0.0135974
310.038      0.0183951
310.138      0.0040706
310.238      0.0212202
310.338      0.0449017
310.438      0.0295385
310.538      0.0322503
310.638      0.0221215
310.738      0.0589209
310.838      0.0280362
310.938      0.0288368
311.038      0.0445246
311.138     0.00907545
311.238      0.0270488
311.338      0.0321054
311.438     0.00416615
311.538      0.0444761
311.638     0.00396923
311.738      0.0226948
311.838      0.0494141
311.938      0.0163145
312.038       0.038858
312.138      0.0107945
312.238      0.0208569
312.338      0.0482484
312.438      0.0301075
312.537      0.0285216
312.637      0.0526131
312.737       0.010221
312.837      0.0149928
312.937      0.0527405
313.037      0.0311301
313.137      0.0335634
313.237      0.0358548
313.337       0.040311
313.437      0.0285032
313.537      0.0267331
313.637     0.00693526
313.737      0.0349831
313.837      0.0173856
313.937      0.0225605
314.037      0.0279011
314.137      0.0143739
314.237     0.00755008
314.337      0.0264677
314.437      0.0397055
314.537      0.0317292
314.637      0.0313553
314.737      0.0630043
314.837      0.0343853
314.937      0.0251994
315.037      0.0508248
315.137      0.0150927
315.237      0.0502601
315.337      0.0385345
315.437      0.0414324
315.537      0.0239745
315.637      0.0364475
315.737      0.0273612
315.837      0.0526693
315.937        0.01581
316.037      0.0126422
316.137       0.040775
316.237      0.0174635
316.337      0.0239232
316.437      0.0322976
316.537      0.0466882
316.637      0.0285753
316.737      0.0196963
316.837      0.0346009
316.937      0.0401353
317.037      0.0103739
317.137      0.0314826
317.237      0.0186926
317.337      0.0183244
317.437      0.0141909
317.536      0.0619913
317.636        0.01913
317.736      0.0505691
317.836      0.0287401
317.936      0.0185753
318.036      0.0407225
318.136      0.0275083
318.236      0.0274626
318.336      0.0403745
318.436      0.0491948
318.536      0.0430302
318.636      0.0206422
318.736      0.0105499
318.836      0.0428527
318.936      0.0250901
319.036      0.0277073
319.136      0.0260353
319.236      0.0329813
319.336      0.0369314
319.436      0.0264202
319.536      0.0402515
319.636      0.0468291
319.736       0.017703
319.836      0.0115714
319.936      0.0181968
320.036      0.0372527
320.136      0.0175108
320.236      0.0157764
320.336       0.018287
320.436      0.0209701
320.536      0.0744319
320.636      0.0500837
320.736      0.0302763
320.836      0.0116088
320.936      0.0232003
321.036      0.0211932
321.136      0.0234248
321.236      0.0395904
321.336       0.016048
321.436      0.0285952
321.536      0.0313911
321.636      0.0260952
321.736       0.021149
321.836      0.0475596
321.936      0.0292196
322.036      0.0245682
322.136      0.0208066
322.236      0.0430444
322.336     0.00606616
322.436      0.0318722
322.535      0.0271742
322.635      0.0557651
322.735      0.0445577
322.835     0.00762972
322.935     0.00635147
323.035      0.0770187
323.135      0.0447792
323.235      0.0343176
323.335      0.0482608
323.435      0.0399427
323.535      0.0106252
323.635      0.0210536
323.735       0.042153
323.835      0.0131922
323.935      0.0235721
324.035      0.0639311
324.135      0.0311343
324.235      0.0231577
324.335      0.0355545
324.435       0.021163
324.535      0.0333477
324.635      0.0627957
324.735      0.0362471
324.835      0.0269316
324.935      0.0269017
325.035      0.0597604
325.135      0.0257261
325.235       0.038026
325.335      0.0452244
325.435      0.0159757
325.535      0.0321038
325.635     0.00996031
325.735       0.009094
325.835      0.0259448
325.935     0.00877032
326.035      0.0289597
326.135      0.0318669
326.235      0.0307004
326.335      0.0333442
326.435      0.0308561
326.535      0.0287256
326.635      0.0280559
326.735      0.0269484
326.835      0.0331626
326.935      0.0293848
327.035      0.0445586
327.135      0.0192054
327.235       0.024784
327.335      0.0161586
327.435      0.0118853
327.534      0.0487551
327.634      0.0482253
327.734      0.0300235
327.834      0.0532255
327.934      0.0265038
328.034      0.0767532
328.134      0.0625819
328.234      0.0396935
328.334      0.0333533
328.434        0.02394
328.534      0.0229672
328.634      0.0244107
328.734      0.0240746
328.834      0.0449397
328.934      0.0419467
329.034      0.0172404
329.134      0.0324411
329.234      0.0151112
329.334      0.0339025
329.434      0.0560712
329.534      0.0128524
329.634      0.0327118
329.734      0.0533651
329.834      0.0375449
329.934    0.000377683
330.034      0.0284953
330.134      0.0304734
330.234      0.0272577
330.334      0.0562603
330.434      0.0338153
330.534      0.0622614
330.634      0.0065203
330.734      0.0296198
330.834      0.0255332
330.934      0.0344991
331.034      0.0184897
331.134      0.0467678
331.234      0.0102592
331.334      0.0304679
331.434      0.0307554
331.534     0.00788694
331.634      0.0170193
331.734      0.0517696
331.834      0.0218838
331.934     0.00776796
332.034      0.0350859
332.134      0.0081092
332.234      0.0250866
332.334      0.0134002
332.434      0.0303376
332.533      0.0261696
332.633      0.0233551
332.733      0.0671069
332.833      0.0343161
332.933      0.0364528
333.033      0.0233818
333.133     0.00894073
333.233      0.0239985
333.333      0.0163453
333.433        0.01883
333.533      0.0279207
333.633      0.0117986
333.733      0.0334393
333.833      0.0372525
333.933       0.033731
334.033      0.0105281
334.133      0.0316176
334.233      0.0291464
334.333      0.0530567
334.433      0.0640452
334.533       0.019352
334.633      0.0146941
334.733      0.0476386
334.833     0.00563524
334.933      0.0471486
335.033      0.0205501
335.133      0.0133864
335.233      0.0235632
335.333      0.0544387
335.433      0.0288889
335.533      0.0473794
335.633       0.063885
335.733      0.0376627
335.833      0.0178707
335.933      0.0464043
336.033      0.0138186
336.133     0.00758737
336.233      0.0164543
336.333      0.0212103
336.433      0.0102801
336.533      0.0458887
336.633      0.0147045
336.733     0.00440697
336.833      0.0134883
336.933      0.0246541
337.033      0.0276916
337.133     0.00308235
337.233      0.0327305
337.333       0.042777
337.433      0.0260404
337.532     0.00837124
337.632      0.0417081
337.732      0.0376896
337.832       0.027298
337.932      0.0412341
338.032      0.0117218
338.132       0.027204
338.232      0.0242187
338.332      0.0254854
338.432      0.0569665
338.532      0.0283448
338.632      0.0406236
338.732      0.0354773
338.832      0.0501581
338.932       0.010509
339.032     0.00583301
339.132      0.0192728
339.232      0.0278008
339.332      0.0223991
339.432      0.0570454
339.532      0.0555449
339.632      0.0652996
339.732      0.0240088
339.832      0.0447166
339.932      0.0197598
340.032      0.0699474
340.132      0.0516964
340.232      0.0111429
340.332      0.0263521
340.432      0.0329296
340.532      0.0303894
340.632      0.0233483
340.732      0.0219817
340.832      0.0307549
340.932       0.031608
341.032      0.0207079
341.132      0.0537167
341.232      0.0444162
341.332      0.0328477
341.432      0.0107659
341.532     0.00118669
341.632      0.0320148
341.732      0.0467783
341.832      0.0200119
341.932      0.0267093
342.032      0.0158324
342.132      0.0269897
342.232       0.040939
342.332      0.0300205
342.432      0.0217688
342.531     0.00207202
342.631      0.0234788
342.731      0.0336072
342.831      0.0121699
342.931      0.0228823
343.031      0.0328257
343.131      0.0190472
343.231      0.0341769
343.331       0.016356
343.431     0.00468538
343.531      0.0309563
343.631      0.0212279
343.731      0.0379026
343.831      0.0570217
343.931      0.0450081
344.031      0.0295046
344.131      0.0144786
344.231      0.0363775
344.331      0.0251652
344.431      0.0263959
344.531      0.0156914
344.631      0.0385565
344.731      0.0210867
344.831      0.0611006
344.931      0.0505095
345.031      0.0433563
345.131        0.01389
345.231      0.0293945
345.331     0.00992983
345.431      0.0130148
345.531      0.0194743
345.631      0.0154843
345.731      0.0631627
345.831      0.0255816
345.931       0.031914
346.031      0.0279666
346.131      0.0602438
346.231       0.033182
346.331      0.0238438
346.431      0.0314337
346.531      0.0401041
346.631      0.0300992
346.731      0.0219873
346.831      0.0310669
346.931      0.0267356
347.031     0.00685937
347.131      0.0272674
347.231      0.0584829
347.331      0.0140961
347.431      0.0348971
347.53      0.0489039
347.63      0.0198119
347.73      0.0300606
347.83      0.0374681
347.93      0.0155294
348.03      0.0350315
348.13      0.0616251
348.23       0.018088
348.33      0.0426301
348.43      0.0625228
348.53       0.022799
348.63      0.0149712
348.73      0.0277202
348.83     0.00893433
348.93      0.0174195
349.03     0.00696625
349.13      0.0329462
349.23      0.0127715
349.33      0.0154701
349.43      0.0265357
349.53      0.0126621
349.63       0.026522
349.73      0.0297017
349.83      0.0121047
349.93      0.0263185
350.03      0.0454336
350.13      0.0339287
350.23      0.0111907
350.33      0.0308243
350.43     0.00949037
350.53      0.0297245
350.63     0.00659914
350.73      0.0303056
350.83      0.0107535
350.93      0.0312936
351.03      0.0162517
351.13      0.0232388
351.23      0.0224113
351.33      0.0278595
351.43      0.0152235
351.53      0.0372184
351.63      0.0389566
351.73       0.021147
351.83      0.0150709
351.93      0.0296411
352.03      0.0289597
352.13      0.0218564
352.23       0.062855
352.33      0.0251719
352.43      0.0125994
352.529      0.0185815
352.629      0.0139157
352.729      0.0230124
352.829      0.0565878
352.929      0.0105855
353.029      0.0139896
353.129      0.0178519
353.229      0.0154788
353.329      0.0164376
353.429      0.0443748
353.529      0.0154139
353.629      0.0281974
353.729      0.0696221
353.829      0.0171802
353.929      0.0440714
354.029       0.016067
354.129      0.0226371
354.229      0.0258964
354.329      0.0188176
354.429      0.0140402
354.529      0.0476918
354.629      0.0364846
354.729      0.0238702
354.829      0.0233082
354.929      0.0627569
355.029      0.0782875
355.129      0.0262454
355.229      0.0196601
355.329      0.0231361
355.429      0.0782028
355.529      0.0524421
355.629      0.0476984
355.729      0.0283294
355.829     0.00955686
355.929      0.0436405
356.029      0.0303431
356.129       0.018203
356.229     0.00581998
356.329      0.0265186
356.429       0.029363
356.529      0.0563374
356.629      0.0176666
356.729      0.0400164
356.829      0.0106043
356.929      0.0296543
357.029      0.0379943
357.129      0.0501875
357.229       0.033838
357.329      0.0135473
357.429      0.0156775
357.528      0.0124599
357.628      0.0497841
357.728      0.0234485
357.828      0.0112019
357.928        0.06657
358.028      0.0579492
358.128      0.0799495
358.228      0.0196618
358.328     0.00761401
358.428      0.0219598
358.528      0.0335035
358.628      0.0185801
358.728       0.032729
358.828      0.0379019
358.928      0.0347567
359.028     0.00858304
359.128      0.0103636
359.228      0.0369603
359.328      0.0233877
359.428      0.0210451
359.528      0.0460662
359.628        0.02541
359.728      0.0295887
359.828      0.0053476
359.928       0.018384
360.028      0.0240498
360.128      0.0215989
360.228      0.0334361
360.328      0.0383869
360.428      0.0407252
360.528      0.0191865
360.628      0.0233703
360.728      0.0310304
360.828      0.0394641
360.928       0.031179
361.028      0.0334202
361.128      0.0124871
361.228      0.0534546
361.328      0.0430991
361.428      0.0149188
361.528     0.00561308
361.628      0.0272482
361.728      0.0224612
361.828      0.0292475
361.928      0.0530761
362.028     0.00994922
362.128      0.0257343
362.228      0.0523929
362.328      0.0445615
362.428      0.0411121
362.527      0.0236929
362.627     0.00836937
362.727      0.0235912
362.827      0.0470607
362.927      0.0178369
363.027      0.0209414
363.127      0.0327562
363.227      0.0474239
363.327       0.044709
363.427      0.0105722
363.527      0.0288252
363.627      0.0336905
363.727     0.00602526
363.827        0.01561
363.927      0.0146339
364.027      0.0322346
364.127      0.0284047
364.227      0.0242718
364.327      0.0317278
364.427      0.0380122
364.527       0.015789
364.627      0.0330954
364.727      0.0445721
364.827      0.0472792
364.927      0.0743655
365.027      0.0209634
365.127      0.0296689
365.227      0.0400247
365.327      0.0342921
365.427      0.0179674
365.527      0.0619703
365.627      0.0270472
365.727       0.037633
365.827      0.0282039
365.927       0.012555
366.027     0.00901618
366.127      0.0175352
366.227      0.0623173
366.327      0.0370331
366.427       0.019305
366.527      0.0196589
366.627      0.0128904
366.727      0.0314128
366.827      0.0365381
366.927     0.00141467
367.027      0.0412386
367.127        0.02353
367.227      0.0217583
367.327      0.0400227
367.427      0.0223545
367.526      0.0104102
367.626      0.0536075
367.726      0.0398821
367.826      0.0287191
367.926      0.0435216
368.026      0.0426932
368.126      0.0328479
368.226      0.0270293
368.326     0.00326536
368.426      0.0210883
368.526      0.0233155
368.626      0.0225633
368.726      0.0368561
368.826      0.0245542
368.926      0.0313488
369.026      0.0297204
369.126      0.0397728
369.226      0.0215113
369.326       0.028318
369.426      0.0188493
369.526      0.0155975
369.626      0.0358303
369.726      0.0221952
369.826       0.036938
369.926       0.042956
370.026       0.026581
370.126     0.00518197
370.226      0.0282829
370.326      0.0165176
370.426      0.0126068
370.526      0.0132769
370.626     0.00754329
370.726       0.052634
370.826     0.00885876
370.926      0.0260684
371.026      0.0208301
371.126      0.0085847
371.226      0.0264951
371.326      0.0220617
371.426      0.0492689
371.526     0.00929559
371.626      0.0325419
371.726      0.0180591
371.826     0.00220786
371.926      0.0190817
372.026      0.0132325
372.126      0.0111746
372.226      0.0343906
372.326      0.0261011
372.426      0.0398877
372.525      0.0302959
372.625      0.0421182
372.725      0.0122223
372.825      0.0337628
372.925        0.01613
373.025     0.00989633
373.125      0.0301788
373.225      0.0327054
373.325      0.0149865
373.425       0.024455
373.525       0.023856
373.625      0.0125055
373.725      0.0312828
373.825      0.0132342
373.925      0.0151097
374.025      0.0529433
374.125      0.0144783
374.225      0.0101701
374.325      0.0687962
374.425      0.0385753
374.525      0.0378978
374.625      0.0117368
374.725      0.0218331
374.825     0.00931527
374.925      0.0461754
375.025      0.0604363
375.125      0.0374103
375.225      0.0130667
375.325      0.0199957
375.425      0.0292042
375.525        0.02166
375.625      0.0217204
375.725      0.0337018
375.825      0.0463634
375.925      0.0483997
376.025      0.0236895
376.125      0.0467501
376.225      0.0458697
376.325      0.0590641
376.425      0.0466287
376.525     0.00314549
376.625      0.0221201
376.725      0.0230791
376.825      0.0431729
376.925      0.0440557
377.025      0.0367546
377.125      0.0517052
377.225      0.0257658
377.325      0.0403089
377.425      0.0414408
377.524      0.0233519
377.624      0.0222995
377.724      0.0396745
377.824      0.0269142
377.924      0.0463256
378.024      0.0438619
378.124      0.0593313
378.224      0.0242465
378.324      0.0136363
378.424      0.0185584
378.524      0.0380027
378.624      0.0562488
378.724      0.0590774
378.824      0.0415846
378.924      0.0628784
379.024      0.0288971
379.124      0.0372364
379.224      0.0348533
379.324     0.00840535
379.424      0.0300567
379.524      0.0346764
379.624      0.0371568
379.724      0.0378941
379.824      0.0220739
379.924      0.0412352
380.024      0.0370359
380.124      0.0269038
380.224      0.0383338
380.324      0.0319103
380.424      0.0115919
380.524      0.0245982
380.624      0.0453779
380.724      0.0265176
380.824       0.026443
380.924      0.0096798
381.024      0.0405896
381.124      0.0354423
381.224      0.0517184
381.324      0.0160626
381.424      0.0443719
381.524      0.0350816
381.624      0.0355664
381.724      0.0273199
381.824      0.0493691
381.924      0.0197393
382.024      0.0317031
382.124      0.0415559
382.224      0.0253508
382.324      0.0298147
382.424      0.0299975
382.523      0.0336994
382.623      0.0187296
382.723     0.00798591
382.823      0.0151784
382.923     0.00705438
383.023      0.0583729
383.123      0.0497766
383.223      0.0214441
383.323      0.0180382
383.423     0.00523963
383.523      0.0157702
383.623      0.0526575
383.723      0.0232176
383.823      0.0312963
383.923      0.0177684
384.023       0.040687
384.123      0.0438727
384.223      0.0205445
384.323      0.0183452
384.423       0.031236
384.523      0.0620668
384.623      0.0539338
384.723      0.0273363
384.823       0.026152
384.923      0.0271331
385.023      0.0178847
385.123      0.0177375
385.223      0.0301013
385.323      0.0228974
385.423      0.0092794
385.523      0.0331092
385.623      0.0151604
385.723      0.0183072
385.823      0.0727546
385.923        0.05007
386.023      0.0521529
386.123     0.00281718
386.223      0.0183726
386.323      0.0286714
386.423      0.0243527
386.523        0.02396
386.623      0.0329326
386.723     0.00948198
386.823      0.0234074
386.923      0.0281023
387.023      0.0590175
387.123       0.021477
387.223       0.033118
387.323     0.00291859
387.423       0.028423
387.522      0.0247739
387.622      0.0653394
387.722      0.0480573
387.822     0.00873475
387.922      0.0232486
388.022      0.0254281
388.122      0.0120048
388.222      0.0300111
388.322     0.00851899
388.422      0.0278205
388.522      0.0302604
388.622      0.0240098
388.722      0.0193552
388.822      0.0490208
388.922      0.0383927
389.022      0.0393288
389.122       0.034966
389.222      0.0208228
389.322      0.0247518
389.422      0.0223026
389.522      0.0632512
389.622      0.0206792
389.722      0.0218365
389.822      0.0202917
389.922      0.0242276
390.022      0.0601875
390.122      0.0109481
390.222      0.0225532
390.322     0.00885725
390.422       0.031111
390.522      0.0546041
390.622      0.0507198
390.722      0.0228978
390.822      0.0370123
390.922      0.0255646
391.022      0.0396862
391.122      0.0183778
391.222     0.00388426
391.322       0.015759
391.422       0.017779
391.522      0.0287182
391.622      0.0386555
391.722      0.0303623
391.822      0.0143729
391.922      0.0368361
392.022      0.0462011
392.122      0.0567296
392.222      0.0346496
392.322      0.0549604
392.422      0.0315736
392.521      0.0260813
392.621      0.0522842
392.721      0.0498739
392.821      0.0589457
392.921      0.0394499
393.021        0.01374
393.121      0.0246341
393.221      0.0186439
393.321      0.0197321
393.421      0.0295889
393.521      0.0365511
393.621      0.0327362
393.721      0.0210219
393.821      0.0101114
393.921      0.0324387
394.021      0.0409398
394.121      0.0210002
394.221       0.053508
394.321      0.0143075
394.421      0.0250506
394.521       0.021211
394.621      0.0230436
394.721      0.0222193
394.821      0.0206305
394.921      0.0136057
395.021      0.0238283
395.121      0.0508957
395.221      0.0398193
395.321      0.0312359
395.421      0.0450482
395.521      0.0124159
395.621      0.0368329
395.721        0.04573
395.821      0.0135573
395.921      0.0441309
396.021      0.0359489
396.121      0.0485387
396.221      0.0400794
396.321      0.0279181
396.421      0.0570733
396.521      0.0215945
396.621      0.0529056
396.721      0.0567883
396.821      0.0307715
396.921      0.0149178
397.021      0.0204591
397.121      0.0215058
397.221      0.0353366
397.321      0.0262123
397.421      0.0348178
397.52      0.0156968
397.62      0.0531199
397.72      0.0100325
397.82       0.037081
397.92      0.0272703
398.02      0.0535972
398.12      0.0274941
398.22      0.0282738
398.32      0.0204546
398.42      0.0650496
398.52      0.0456769
398.62      0.0535033
398.72      0.0174215
398.82       0.019662
398.92      0.0120861
399.02      0.0264288
399.12      0.0310052
399.22      0.0561191
399.32      0.0490784
399.42      0.0302027
399.52      0.0229249
399.62      0.0457433
399.72     0.00649703
399.82       0.047339
399.92      0.0422154
400.02      0.0432269
400.12      0.0248431
400.22      0.0128646
400.32      0.0455365
400.42      0.0264905
400.52      0.0254698
400.62      0.0366459
400.72      0.0134778
400.82      0.0420404
400.92       0.026079
401.02      0.0235088
401.12      0.0383882
401.22      0.0267477
401.32      0.0183743
401.42       0.045398
401.52      0.0169069
401.62       0.043303
401.72       0.017472
401.82      0.0130855
401.92      0.0321548
402.02      0.0216939
402.12      0.0447695
402.22      0.0313953
402.32        0.03986
402.42      0.0440694
402.519      0.0308669
402.619      0.0164592
402.719      0.0152165
402.819      0.0307647
402.919      0.0373076
403.019      0.0108218
403.119      0.0151542
403.219      0.0129997
403.319      0.0243571
403.419      0.0452094
403.519      0.0346167
403.619      0.0169949
403.719     0.00244244
403.819      0.0321003
403.919     0.00131672
404.019      0.0148529
404.119      0.0166798
404.219      0.0815723
404.319      0.0226443
404.419      0.0198149
404.519      0.0443501
404.619      0.0275467
404.719      0.0436507
404.819      0.0362409
404.919      0.0473527
405.019     0.00485748
405.119      0.0549278
405.219       0.049351
405.319       0.045836
405.419      0.0296428
405.519       0.050092
405.619      0.0131533
405.719      0.0565163
405.819      0.0535755
405.919      0.0214099
406.019      0.0201644
406.119      0.0234109
406.219      0.0148347
406.319       0.020752
406.419      0.0347515
406.519     0.00802284
406.619      0.0307857
406.719      0.0247639
406.819      0.0119507
406.919      0.0254295
407.019      0.0149263
407.119      0.0300841
407.219      0.0386064
407.319      0.0138611
407.419      0.0548679
407.518      0.0496433
407.618      0.0295757
407.718      0.0718616
407.818      0.0543665
407.918      0.0310432
408.018      0.0266781
408.118      0.0159454
408.218      0.0404178
408.318      0.0127922
408.418      0.0401931
408.518      0.0147215
408.618      0.0418684
408.718      0.0326603
408.818      0.0126119
408.918      0.0112364
409.018      0.0220303
409.118      0.0259248
409.218      0.0388401
409.318       0.037919
409.418      0.0256235
409.518      0.0441529
409.618      0.0385687
409.718      0.0188881
409.818      0.0363131
409.918      0.0530565
410.018      0.0409751
410.118      0.0251405
410.218      0.0439112
410.318      0.0155712
410.418      0.0462601
410.518      0.0268622
410.618      0.0351963
410.718      0.0205403
410.818      0.0301773
410.918      0.0389289
411.018      0.0435333
411.118      0.0235065
411.218      0.0276148
411.318      0.0610386
411.418      0.0370519
411.518       0.038711
411.618      0.0187386
411.718       0.019687
411.818      0.0169196
411.918      0.0388752
412.018       0.017998
412.118       0.040189
412.218      0.0434337
412.318      0.0186595
412.418      0.0415174
412.517      0.0206671
412.617       0.035824
412.717      0.0204351
412.817      0.0247542
412.917      0.0474735
413.017      0.0169749
413.117      0.0748335
413.217       0.040285
413.317      0.0198806
413.417      0.0461848
413.517      0.0341823
413.617       0.021142
413.717       0.051551
413.817      0.0308995
413.917      0.0189253
414.017      0.0606651
414.117       0.011829
414.217      0.0161711
414.317       0.010787
414.417      0.0206492
414.517      0.0266097
414.617      0.0356852
414.717     0.00955578
414.817      0.0242523
414.917      0.0409009
415.017      0.0371451
415.117      0.0137991
415.217     0.00991351
415.317      0.0407867
415.417      0.0556778
415.517      0.0300118
415.617       0.048992
415.717        0.05043
415.817      0.0335932
415.917      0.0375454
416.017      0.0259384
416.117      0.0438111
416.217      0.0475557
416.317      0.0615312
416.417      0.0308737
416.517      0.0514653
416.617      0.0252125
416.717      0.0338242
416.817      0.0155109
416.917      0.0142778
417.017     0.00717199
417.117      0.0210351
417.217     0.00561356
417.317      0.0123227
417.417      0.0456895
417.516      0.0144943
417.616      0.0586213
417.716      0.0174015
417.816       0.023952
417.916      0.0210395
418.016     0.00917353
418.116      0.0509251
418.216      0.0555742
418.316      0.0324207
418.416      0.0189764
418.516      0.0189901
418.616      0.0326412
418.716      0.0138428
418.816      0.0361118
418.916      0.0188382
419.016      0.0120874
419.116      0.0372325
419.216      0.0260172
419.316      0.0316826
419.416      0.0578186
419.516      0.0119446
419.616      0.0232579
419.716      0.0250659
419.816      0.0541693
419.916      0.0354987
420.016      0.0339853
420.116      0.0690882
420.216      0.0378523
420.316      0.0259519
420.416       0.060361
420.516      0.0437046
420.616      0.0334619
420.716      0.0311894
420.816      0.0178788
420.916      0.0258575
421.016      0.0274147
421.116      0.0279377
421.216     0.00706092
421.316      0.0203886
421.416      0.0463823
421.516      0.0395209
421.616      0.0248784
421.716      0.0633482
421.816      0.0298172
421.916      0.0653328
422.016      0.0452128
422.116      0.0300149
422.216     0.00871152
422.316      0.0585449
422.416      0.0515404
422.515      0.0473507
422.615      0.0299157
422.715      0.0119341
422.815      0.0343203
422.915      0.0334978
423.015       0.011227
423.115      0.0399398
423.215      0.0323631
423.315      0.0141037
423.415      0.0230373
423.515      0.0440766
423.615      0.0222148
423.715      0.0458928
423.815      0.0503237
423.915      0.0399081
424.015      0.0276944
424.115      0.0151528
424.215      0.0138227
424.315      0.0161922
424.415      0.0300339
424.515      0.0380087
424.615      0.0355986
424.715      0.0535081
424.815      0.0520528
424.915      0.0391509
425.015      0.0242327
425.115      0.0354604
425.215      0.0188159
425.315       0.014316
425.415       0.039393
425.515       0.061101
425.615      0.0132223
425.715      0.0461447
425.815      0.0359028
425.915     0.00385667
426.015      0.0496107
426.115       0.015277
426.215         0.0206
426.315      0.0417074
426.415      0.0454145
426.515       0.046594
426.615      0.0412273
426.715      0.0244908
426.815      0.0578798
426.915      0.0274356
427.015      0.0106353
427.115      0.0421772
427.215      0.0359079
427.315      0.0142112
427.415      0.0459325
427.514      0.0160794
427.614      0.0135849
427.714      0.0331359
427.814      0.0547343
427.914      0.0217044
428.014       0.031973
428.114      0.0210002
428.214      0.0205333
428.314      0.0339041
428.414      0.0237461
428.514      0.0723663
428.614      0.0340036
428.714      0.0396298
428.814      0.0550027
428.914      0.0391663
429.014      0.0203267
429.114       0.054697
429.214     0.00331779
429.314      0.0125756
429.414      0.0188336
429.514      0.0408206
429.614      0.0478548
429.714      0.0178901
429.814       0.035975
429.914      0.0439165
430.014      0.0211748
430.114      0.0587387
430.214       0.012892
430.314      0.0516845
430.414      0.0286342
430.514       0.069833
430.614      0.0108341
430.714      0.0487911
430.814      0.0169882
430.914     0.00689985
431.014      0.0263296
431.114      0.0345475
431.214      0.0342035
431.314      0.0219247
431.414      0.0467504
431.514     0.00287588
431.614      0.0234612
431.714      0.0616379
431.814     0.00315705
431.914      0.0161448
432.014      0.0773496
432.114      0.0175819
432.214      0.0457152
432.314      0.0388329
432.414     0.00492026
432.513      0.0546639
432.613      0.0468435
432.713      0.0200952
432.813       0.013082
432.913      0.0173766
433.013      0.0511398
433.113     0.00454214
433.213      0.0532816
433.313      0.0578286
433.413      0.0335195
433.513      0.0195728
433.613      0.0404664
433.713      0.0302064
433.813      0.0299772
433.913      0.0279408
434.013      0.0481547
434.113        0.02372
434.213      0.0251308
434.313      0.0419239
434.413      0.0270214
434.513      0.0312031
434.613      0.0145132
434.713      0.0514046
434.813      0.0280921
434.913      0.0183441
435.013      0.0307462
435.113      0.0416817
435.213      0.0261922
435.313      0.0201892
435.413      0.0189343
435.513      0.0390604
435.613      0.0445594
435.713      0.0454698
435.813      0.0505488
435.913      0.0528563
436.013       0.027199
436.113      0.0209904
436.213      0.0478768
436.313      0.0324617
436.413      0.0524415
436.513      0.0142572
436.613      0.0168087
436.713      0.0386377
436.813      0.0107987
436.913       0.045424
437.013      0.0320325
437.113      0.0368944
437.213      0.0142224
437.313      0.0294789
437.413      0.0133429
437.512      0.0185762
437.612      0.0032486
437.712      0.0239366
437.812      0.0215595
437.912     0.00748691
438.012      0.0271987
438.112      0.0213408
438.212      0.0137613
438.312      0.0351395
438.412        0.03707
438.512      0.0289177
438.612      0.0220051
438.712      0.0608806
438.812      0.0433193
438.912      0.0485927
439.012      0.0311416
439.112      0.0182791
439.212      0.0072506
439.312      0.0234803
439.412      0.0486021
439.512      0.0293658
439.612      0.0390662
439.712      0.0174083
439.812      0.0901876
439.912       0.053888
440.012     0.00743317
440.112      0.0639434
440.212       0.035505
440.312      0.0423417
440.412      0.0262592
440.512       0.014675
440.612      0.0349928
440.712      0.0064877
440.812      0.0307506
440.912      0.0282259
441.012      0.0263178
441.112      0.0389453
441.212      0.0849534
441.312      0.0171748
441.412       0.022864
441.512      0.0492997
441.612      0.0216413
441.712      0.0217047
441.812     0.00759486
441.912      0.0101205
442.012      0.0160334
442.112      0.0138571
442.212      0.0282142
442.312       0.031547
442.412      0.0344218
442.511      0.0310238
442.611      0.0315533
442.711       0.013436
442.811     0.00539912
442.911      0.0443679
443.011      0.0244346
443.111      0.0062176
443.211      0.0345973
443.311    0.000412074
443.411       0.056188
443.511      0.0254686
443.611      0.0144333
443.711      0.0462383
443.811      0.0131229
443.911      0.0425202
444.011      0.0334921
444.111      0.0266296
444.211      0.0234195
444.311      0.0219307
444.411      0.0336652
444.511      0.0094265
444.611      0.0155969
444.711      0.0320604
444.811      0.0409142
444.911      0.0256346
445.011      0.0186591
445.111      0.0737894
445.211     0.00638071
445.311      0.0513024
445.411      0.0321242
445.511      0.0286397
445.611      0.0212497
445.711      0.0236314
445.811     0.00813728
445.911      0.0582429
446.011      0.0131111
446.111      0.0516219
446.211      0.0359432
446.311      0.0320719
446.411      0.0253064
446.511      0.0415242
446.611      0.0526355
446.711      0.0107572
446.811      0.0231729
446.911      0.0219119
447.011     0.00313468
447.111      0.0229014
447.211      0.0290035
447.311      0.0170774
447.411      0.0425487
447.51      0.0526679
447.61      0.0221454
447.71      0.0334108
447.81       0.016185
447.91      0.0426081
448.01      0.0404442
448.11       0.033797
448.21      0.0220513
448.31      0.0207134
448.41      0.0235965
448.51      0.0470712
448.61      0.0362113
448.71      0.0385124
448.81      0.0137398
448.91      0.0491176
449.01      0.0155534
449.11      0.0244078
449.21      0.0213924
449.31      0.0146041
449.41      0.0173446
449.51      0.0510767
449.61      0.0103179
449.71      0.0229259
449.81      0.0240491
449.91      0.0121439
450.01       0.008282
450.11      0.0118346
450.21      0.0453082
450.31      0.0301702
450.41      0.0322145
450.51      0.0191497
450.61      0.0117775
450.71      0.0189681
450.81      0.0139795
450.91       0.033237
451.01      0.0260669
451.11      0.0255889
451.21      0.0318967
451.31      0.0077083
451.41      0.0211868
451.51      0.0635151
451.61      0.0325742
451.71      0.0401265
451.81      0.0279487
451.91      0.0364579
452.01      0.0365901
452.11     0.00455575
452.21      0.0188534
452.31      0.0102264
452.41      0.0281089
452.509      0.0319801
452.609      0.0172175
452.709      0.0373856
452.809      0.0379531
452.909      0.0484567
453.009       0.014343
453.109      0.0333517
453.209      0.0122732
453.309      0.0339091
453.409     0.00811498
453.509      0.0123783
453.609      0.0251565
453.709      0.0397553
453.809      0.0188211
453.909      0.0384772
454.009      0.0319371
454.109       0.066529
454.209      0.0319547
454.309      0.0206509
454.409     0.00537202
454.509     0.00467124
454.609      0.0536163
454.709       0.022882
454.809      0.0151715
454.909      0.0332553
455.009       0.029171
455.109      0.0268072
455.209       0.051416
455.309      0.0525271
455.409      0.0428575
455.509      0.0425181
455.609      0.0497629
455.709       0.012402
455.809      0.0350664
455.909      0.0334472
456.009      0.0353519
456.109       0.042671
456.209      0.0188565
456.309      0.0495571
456.409      0.0554471
456.509      0.0445799
456.609       0.032349
456.709      0.0260442
456.809     0.00554017
456.909      0.0235329
457.009      0.0299297
457.109      0.0314939
457.209      0.0358435
457.309      0.0454913
457.409      0.0292041
457.508      0.0536929
457.608      0.0298899
457.708      0.0288396
457.808      0.0317828
457.908      0.0523909
458.008      0.0304292
458.108      0.0499142
458.208      0.0274533
458.308      0.0260821
458.408      0.0308725
458.508      0.0261393
458.608      0.0167642
458.708      0.0234447
458.808      0.0237397
458.908     0.00785515
459.008      0.0179924
459.108      0.0542664
459.208      0.0428757
459.308     0.00618986
459.408     0.00734343
459.508      0.0198939
459.608      0.0383943
459.708      0.0117829
459.808       0.014664
459.908      0.0509253
460.008     0.00923666
460.108      0.0161631
460.208      0.0372041
460.308      0.0475852
460.408      0.0553444
460.508      0.0302713
460.608       0.032094
460.708      0.0309886
460.808      0.0119172
460.908      0.0208618
461.008      0.0131247
461.108      0.0103522
461.208      0.0195492
461.308      0.0642748
461.408      0.0290228
461.508      0.0613123
461.608      0.0158643
461.708     0.00427148
461.808      0.0303431
461.908      0.0163325
462.008     0.00922287
462.108      0.0166089
462.208      0.0648761
462.308      0.0101934
462.408      0.0207388
462.507     0.00700414
462.607      0.0120712
462.707      0.0215229
462.807      0.0114808
462.907      0.0462906
463.007      0.0294058
463.107      0.0468677
463.207      0.0363564
463.307      0.0454309
463.407      0.0547722
463.507       0.019512
463.607      0.0232738
463.707      0.0694276
463.807      0.0413058
463.907      0.0214392
464.007      0.0167163
464.107      0.0494729
464.207      0.0331184
464.307      0.0339831
464.407      0.0456598
464.507      0.0116055
464.607      0.0370951
464.707     0.00845877
464.807      0.0261483
464.907      0.0414866
465.007     0.00798505
465.107      0.0428116
465.207      0.0512758
465.307      0.0324845
465.407      0.0199324
465.507      0.0298552
465.607      0.0139691
465.707      0.0598276
465.807       0.018712
465.907     0.00438033
466.007        0.02761
466.107      0.0244439
466.207      0.0163024
466.307      0.0278493
466.407      0.0376148
466.507      0.0298329
466.607      0.0427835
466.707      0.0140296
466.807      0.0257813
466.907      0.0124157
467.007      0.0488154
467.107      0.0398508
467.207      0.0296094
467.307      0.0135422
467.407       0.016617
467.506      0.0334257
467.606       0.014623
467.706      0.0193958
467.806      0.0874469
467.906      0.0486795
468.006      0.0467679
468.106      0.0175584
468.206      0.0380275
468.306     0.00929905
468.406      0.0384292
468.506      0.0375014
468.606      0.0349913
468.706     0.00979066
468.806      0.0457768
468.906      0.0296905
469.006     0.00676691
469.106      0.0284738
469.206      0.0314037
469.306      0.0497551
469.406       0.032715
469.506      0.0442613
469.606      0.0156473
469.706      0.0391931
469.806      0.0579623
469.906      0.0503627
470.006      0.0484762
470.106     0.00836668
470.206      0.0281165
470.306     0.00817165
470.406      0.0334128
470.506      0.0149002
470.606      0.0462174
470.706      0.0639125
470.806      0.0210338
470.906      0.0202029
471.006      0.0129071
471.106      0.0130089
471.206      0.0128572
471.306      0.0404528
471.406       0.051908
471.506      0.0093349
471.606      0.0181191
471.706     0.00500048
471.806      0.0530654
471.906      0.0249666
472.006      0.0309705
472.106      0.0558843
472.206      0.0347424
472.306      0.0249575
472.406      0.0287269
472.505      0.0492521
472.605      0.0228322
472.705      0.0133054
472.805      0.0288423
472.905      0.0404135
473.005      0.0166788
473.105      0.0330825
473.205       0.037396
473.305      0.0151463
473.405      0.0565493
473.505      0.0395606
473.605      0.0565575
473.705     0.00384362
473.805      0.0228971
473.905      0.0487844
474.005      0.0354304
474.105      0.0309217
474.205       0.021544
474.305      0.0351823
474.405       0.037349
474.505      0.0160398
474.605      0.0227258
474.705      0.0147853
474.805      0.0166501
474.905      0.0432302
475.005      0.0255654
475.105      0.0159093
475.205      0.0594996
475.305      0.0342767
475.405      0.0428545
475.505     0.00827916
475.605      0.0295425
475.705      0.0172608
475.805      0.0354017
475.905      0.0605257
476.005      0.0355417
476.105      0.0136033
476.205      0.0183507
476.305     0.00741181
476.405      0.0220841
476.505      0.0217671
476.605     0.00273638
476.705       0.029198
476.805      0.0187813
476.905      0.0125472
477.005      0.0360103
477.105       0.028242
477.205     0.00789915
477.305      0.0090008
477.405      0.0161551
477.504      0.0218544
477.604      0.0127682
477.704      0.0393625
477.804      0.0290306
477.904      0.0227099
478.004      0.0383189
478.104      0.0351979
478.204     0.00304296
478.304      0.0242562
478.404     0.00977254
478.504       0.013082
478.604      0.0497866
478.704      0.0362966
478.804      0.0346615
478.904      0.0309903
479.004        0.02936
479.104      0.0383053
479.204      0.0398804
479.304      0.0212273
479.404     0.00834455
479.504     0.00445844
479.604      0.0100164
479.704      0.0144059
479.804      0.0381807
479.904      0.0267597
480.004      0.0131728
480.104      0.0273243
480.204      0.0231701
480.304      0.0243953
480.404      0.0429501
480.504       0.048855
480.604      0.0232842
480.704      0.0430203
480.804       0.013759
480.904      0.0600881
481.004      0.0530839
481.104      0.0358095
481.204      0.0167273
481.304      0.0289348
481.404       0.020129
481.504      0.0248441
481.604      0.0433262
481.704      0.0253343
481.804      0.0390671
481.904      0.0367323
482.004      0.0273289
482.104      0.0324635
482.204      0.0571034
482.304      0.0402475
482.404      0.0325309
482.503      0.0353512
482.603      0.0379569
482.703      0.0448994
482.803      0.0499044
482.903      0.0074089
483.003      0.0150441
483.103      0.0473126
483.203      0.0418166
483.303      0.0409471
483.403      0.0112335
483.503      0.0438818
483.603       0.005493
483.703      0.0308904
483.803      0.0272963
483.903      0.0112366
484.003     0.00117204
484.103      0.0178418
484.203      0.0428722
484.303       0.015195
484.403      0.0210095
484.503      0.0361722
484.603      0.0278039
484.703      0.0265499
484.803      0.0323496
484.903      0.0369685
485.003      0.0254273
485.103      0.0346464
485.203      0.0144914
485.303     0.00641338
485.403      0.0111366
485.503      0.0356262
485.603      0.0107265
485.703      0.0204186
485.803      0.0282426
485.903     0.00117783
486.003      0.0387908
486.103      0.0396934
486.203      0.0454749
486.303      0.0210883
486.403      0.0354818
486.503      0.0189842
486.603      0.0157701
486.703      0.0420494
486.803      0.0381071
486.903      0.0116152
487.003      0.0306999
487.103      0.0151326
487.203      0.0157443
487.303      0.0440695
487.403      0.0355589
487.502      0.0302023
487.602      0.0499193
487.702     0.00890853
487.802       0.015447
487.902      0.0198086
488.002      0.0288255
488.102       0.023214
488.202      0.0432116
488.302      0.0204305
488.402      0.0322935
488.502      0.0072339
488.602        0.02616
488.702      0.0380812
488.802      0.0447915
488.902      0.0625827
489.002     0.00610452
489.102      0.0545462
489.202      0.0313372
489.302      0.0168647
489.402      0.0190753
489.502      0.0158315
489.602      0.0256646
489.702      0.0444102
489.802     0.00935158
489.902      0.0116385
490.002      0.0477789
490.102      0.0302674
490.202      0.0185126
490.302      0.0412018
490.402      0.0454669
490.502      0.0449346
490.602       0.036922
490.702      0.0311356
490.802      0.0302744
490.902      0.0265849
491.002      0.0247397
491.102      0.0168888
491.202      0.0264988
491.302      0.0171769
491.402      0.0311414
491.502      0.0351199
491.602      0.0664424
491.702      0.0131364
491.802      0.0178217
491.902      0.0285274
492.002      0.0494512
492.102      0.0127631
492.202      0.0117432
492.302      0.0349787
492.402      0.0290413
492.501      0.0200113
492.601        0.02188
492.701      0.0401454
492.801     0.00733285
492.901      0.0160644
493.001      0.0454072
493.101      0.0456821
493.201      0.0210265
493.301      0.0360335
493.401      0.0506892
493.501      0.0549811
493.601      0.0390138
493.701      0.0584621
493.801      0.0310932
493.901      0.0475695
494.001      0.0695199
494.101      0.0271436
494.201      0.0446372
494.301      0.0315075
494.401      0.0342542
494.501      0.0365448
494.601     0.00956314
494.701      0.0253348
494.801      0.0299015
494.901      0.0272743
495.001      0.0147127
495.101      0.0264892
495.201      0.0718107
495.301      0.0169329
495.401      0.0370839
495.501      0.0623707
495.601      0.0114917
495.701      0.0315564
495.801       0.033386
495.901      0.0292515
496.001      0.0262589
496.101      0.0266116
496.201      0.0284379
496.301      0.0188103
496.401      0.0703091
496.501      0.0179357
496.601      0.0122797
496.701       0.020797
496.801      0.0253342
496.901      0.0100617
497.001      0.0111263
497.101      0.0508833
497.201      0.0207783
497.301      0.0117052
497.401      0.0290081
497.5      0.0412435
497.6      0.0399885
497.7      0.0387692
497.8      0.0183702
497.9      0.0385754
498      0.0328149
498.1      0.0457553
498.2      0.0562071
498.3      0.0534032
498.4       0.058378
498.5      0.0143494
498.6      0.0224696
498.7      0.0448708
498.8      0.0682574
498.9      0.0260293
499      0.0307405
499.1      0.0352392
499.2      0.0153169
499.3      0.0710767
499.4      0.0283255
499.5      0.0257193
499.6      0.0146626
499.7      0.0569744
499.8     0.00347221
499.9      0.0322848
500      0.0423445
