Number of grindpoints: 2001
dx: 0.0005
ts: 0.001
nu: 4000
Number of grindpoints: 2001
dx: 0.0005
ts: 0.001
nu: 4000
Number of grindpoints: 2001
dx: 0.0005
ts: 0.001
nu: 4000
Number of grindpoints: 2001
dx: 0.0005
ts: 0.001
nu: 4000
W0: -15999
W1: -15999
W2: -15998.9
W3: -15998.8
W4: -15998.8
W5: -15998.6
W6: -15998.5
W7: -15998.4
W8: -15998.2
W9: -15998
W10: -15997.8
W11: -15997.6
W12: -15997.3
W13: -15997.1
W14: -15996.8
W15: -15996.5
W16: -15996.2
W17: -15995.8
W18: -15995.4
W19: -15995.1
W20: -15994.7
W21: -15994.2
W22: -15993.8
W23: -15993.3
W24: -15992.8
W25: -15992.3
W26: -15991.8
W27: -15991.3
W28: -15990.7
W29: -15990.1
W30: -15989.5
W31: -15988.9
W32: -15988.3
W33: -15987.6
W34: -15986.9
W35: -15986.2
W36: -15985.5
W37: -15984.8
W38: -15984
W39: -15983.2
W40: -15982.4
W41: -15981.6
W42: -15980.8
W43: -15979.9
W44: -15979.1
W45: -15978.2
W46: -15977.3
W47: -15976.3
W48: -15975.4
W49: -15974.4
W50: -15973.4
W51: -15972.4
W52: -15971.3
W53: -15970.3
W54: -15969.2
W55: -15968.1
W56: -15967
W57: -15965.9
W58: -15964.7
W59: -15963.6
W60: -15962.4
W61: -15961.2
W62: -15959.9
W63: -15958.7
W64: -15957.4
W65: -15956.1
W66: -15954.8
W67: -15953.5
W68: -15952.2
W69: -15950.8
W70: -15949.4
W71: -15948
W72: -15946.6
W73: -15945.1
W74: -15943.7
W75: -15942.2
W76: -15940.7
W77: -15939.1
W78: -15937.6
W79: -15936
W80: -15934.5
W81: -15932.9
W82: -15931.2
W83: -15929.6
W84: -15927.9
W85: -15926.3
W86: -15924.6
W87: -15922.8
W88: -15921.1
W89: -15919.3
W90: -15917.6
W91: -15915.8
W92: -15914
W93: -15912.1
W94: -15910.3
W95: -15908.4
W96: -15906.5
W97: -15904.6
W98: -15902.7
W99: -15900.7
W100: -15898.7
W101: -15896.7
W102: -15894.7
W103: -15892.7
W104: -15890.7
W105: -15888.6
W106: -15886.5
W107: -15884.4
W108: -15882.3
W109: -15880.1
W110: -15877.9
W111: -15875.8
W112: -15873.6
W113: -15871.3
W114: -15869.1
W115: -15866.8
W116: -15864.5
W117: -15862.2
W118: -15859.9
W119: -15857.6
W120: -15855.2
W121: -15852.8
W122: -15850.4
W123: -15848
W124: -15845.6
W125: -15843.1
W126: -15840.7
W127: -15838.2
W128: -15835.6
W129: -15833.1
W130: -15830.6
W131: -15828
W132: -15825.4
W133: -15822.8
W134: -15820.2
W135: -15817.5
W136: -15814.8
W137: -15812.2
W138: -15809.4
W139: -15806.7
W140: -15804
W141: -15801.2
W142: -15798.4
W143: -15795.6
W144: -15792.8
W145: -15790
W146: -15787.1
W147: -15784.2
W148: -15781.3
W149: -15778.4
W150: -15775.5
W151: -15772.5
W152: -15769.5
W153: -15766.5
W154: -15763.5
W155: -15760.5
W156: -15757.4
W157: -15754.4
W158: -15751.3
W159: -15748.2
W160: -15745
W161: -15741.9
W162: -15738.7
W163: -15735.5
W164: -15732.3
W165: -15729.1
W166: -15725.9
W167: -15722.6
W168: -15719.3
W169: -15716
W170: -15712.7
W171: -15709.4
W172: -15706
W173: -15702.6
W174: -15699.2
W175: -15695.8
W176: -15692.4
W177: -15688.9
W178: -15685.5
W179: -15682
W180: -15678.5
W181: -15674.9
W182: -15671.4
W183: -15667.8
W184: -15664.2
W185: -15660.6
W186: -15657
W187: -15653.4
W188: -15649.7
W189: -15646
W190: -15642.3
W191: -15638.6
W192: -15634.9
W193: -15631.1
W194: -15627.4
W195: -15623.6
W196: -15619.8
W197: -15615.9
W198: -15612.1
W199: -15608.2
W200: -15604.3
W201: -15600.4
W202: -15596.5
W203: -15592.6
W204: -15588.6
W205: -15584.6
W206: -15580.6
W207: -15576.6
W208: -15572.6
W209: -15568.5
W210: -15564.5
W211: -15560.4
W212: -15556.3
W213: -15552.1
W214: -15548
W215: -15543.8
W216: -15539.6
W217: -15535.4
W218: -15531.2
W219: -15527
W220: -15522.7
W221: -15518.4
W222: -15514.2
W223: -15509.8
W224: -15505.5
W225: -15501.2
W226: -15496.8
W227: -15492.4
W228: -15488
W229: -15483.6
W230: -15479.1
W231: -15474.7
W232: -15470.2
W233: -15465.7
W234: -15461.2
W235: -15456.6
W236: -15452.1
W237: -15447.5
W238: -15442.9
W239: -15438.3
W240: -15433.7
W241: -15429
W242: -15424.4
W243: -15419.7
W244: -15415
W245: -15410.3
W246: -15405.6
W247: -15400.8
W248: -15396
W249: -15391.2
W250: -15386.4
W251: -15381.6
W252: -15376.8
W253: -15371.9
W254: -15367
W255: -15362.1
W256: -15357.2
W257: -15352.3
W258: -15347.3
W259: -15342.3
W260: -15337.3
W261: -15332.3
W262: -15327.3
W263: -15322.3
W264: -15317.2
W265: -15312.1
W266: -15307
W267: -15301.9
W268: -15296.8
W269: -15291.6
W270: -15286.5
W271: -15281.3
W272: -15276.1
W273: -15270.8
W274: -15265.6
W275: -15260.3
W276: -15255.1
W277: -15249.8
W278: -15244.4
W279: -15239.1
W280: -15233.8
W281: -15228.4
W282: -15223
W283: -15217.6
W284: -15212.2
W285: -15206.8
W286: -15201.3
W287: -15195.8
W288: -15190.3
W289: -15184.8
W290: -15179.3
W291: -15173.8
W292: -15168.2
W293: -15162.6
W294: -15157
W295: -15151.4
W296: -15145.8
W297: -15140.1
W298: -15134.4
W299: -15128.8
W300: -15123.1
W301: -15117.3
W302: -15111.6
W303: -15105.8
W304: -15100.1
W305: -15094.3
W306: -15088.5
W307: -15082.6
W308: -15076.8
W309: -15070.9
W310: -15065.1
W311: -15059.2
W312: -15053.3
W313: -15047.3
W314: -15041.4
W315: -15035.4
W316: -15029.4
W317: -15023.4
W318: -15017.4
W319: -15011.4
W320: -15005.3
W321: -14999.3
W322: -14993.2
W323: -14987.1
W324: -14981
W325: -14974.8
W326: -14968.7
W327: -14962.5
W328: -14956.3
W329: -14950.1
W330: -14943.9
W331: -14937.6
W332: -14931.4
W333: -14925.1
W334: -14918.8
W335: -14912.5
W336: -14906.2
W337: -14899.8
W338: -14893.5
W339: -14887.1
W340: -14880.7
W341: -14874.3
W342: -14867.9
W343: -14861.4
W344: -14855
W345: -14848.5
W346: -14842
W347: -14835.5
W348: -14829
W349: -14822.4
W350: -14815.9
W351: -14809.3
W352: -14802.7
W353: -14796.1
W354: -14789.4
W355: -14782.8
W356: -14776.1
W357: -14769.5
W358: -14762.8
W359: -14756
W360: -14749.3
W361: -14742.6
W362: -14735.8
W363: -14729
W364: -14722.2
W365: -14715.4
W366: -14708.6
W367: -14701.7
W368: -14694.9
W369: -14688
W370: -14681.1
W371: -14674.2
W372: -14667.3
W373: -14660.3
W374: -14653.4
W375: -14646.4
W376: -14639.4
W377: -14632.4
W378: -14625.4
W379: -14618.3
W380: -14611.3
W381: -14604.2
W382: -14597.1
W383: -14590
W384: -14582.9
W385: -14575.7
W386: -14568.6
W387: -14561.4
W388: -14554.2
W389: -14547
W390: -14539.8
W391: -14532.6
W392: -14525.3
W393: -14518
W394: -14510.7
W395: -14503.4
W396: -14496.1
W397: -14488.8
W398: -14481.5
W399: -14474.1
W400: -14466.7
W401: -14459.3
W402: -14451.9
W403: -14444.5
W404: -14437
W405: -14429.6
W406: -14422.1
W407: -14414.6
W408: -14407.1
W409: -14399.6
W410: -14392
W411: -14384.5
W412: -14376.9
W413: -14369.3
W414: -14361.7
W415: -14354.1
W416: -14346.5
W417: -14338.8
W418: -14331.2
W419: -14323.5
W420: -14315.8
W421: -14308.1
W422: -14300.3
W423: -14292.6
W424: -14284.8
W425: -14277.1
W426: -14269.3
W427: -14261.5
W428: -14253.7
W429: -14245.8
W430: -14238
W431: -14230.1
W432: -14222.2
W433: -14214.3
W434: -14206.4
W435: -14198.5
W436: -14190.5
W437: -14182.6
W438: -14174.6
W439: -14166.6
W440: -14158.6
W441: -14150.6
W442: -14142.6
W443: -14134.5
W444: -14126.5
W445: -14118.4
W446: -14110.3
W447: -14102.2
W448: -14094.1
W449: -14085.9
W450: -14077.8
W451: -14069.6
W452: -14061.4
W453: -14053.2
W454: -14045
W455: -14036.8
W456: -14028.5
W457: -14020.3
W458: -14012
W459: -14003.7
W460: -13995.4
W461: -13987.1
W462: -13978.8
W463: -13970.4
W464: -13962
W465: -13953.7
W466: -13945.3
W467: -13936.9
W468: -13928.5
W469: -13920
W470: -13911.6
W471: -13903.1
W472: -13894.6
W473: -13886.1
W474: -13877.6
W475: -13869.1
W476: -13860.6
W477: -13852
W478: -13843.5
W479: -13834.9
W480: -13826.3
W481: -13817.7
W482: -13809
W483: -13800.4
W484: -13791.8
W485: -13783.1
W486: -13774.4
W487: -13765.7
W488: -13757
W489: -13748.3
W490: -13739.6
W491: -13730.8
W492: -13722
W493: -13713.3
W494: -13704.5
W495: -13695.7
W496: -13686.8
W497: -13678
W498: -13669.2
W499: -13660.3
W500: -13651.4
W501: -13642.5
W502: -13633.6
W503: -13624.7
W504: -13615.8
W505: -13606.8
W506: -13597.9
W507: -13588.9
W508: -13579.9
W509: -13570.9
W510: -13561.9
W511: -13552.9
W512: -13543.8
W513: -13534.8
W514: -13525.7
W515: -13516.6
W516: -13507.5
W517: -13498.4
W518: -13489.3
W519: -13480.1
W520: -13471
W521: -13461.8
W522: -13452.6
W523: -13443.4
W524: -13434.2
W525: -13425
W526: -13415.8
W527: -13406.5
W528: -13397.3
W529: -13388
W530: -13378.7
W531: -13369.4
W532: -13360.1
W533: -13350.8
W534: -13341.5
W535: -13332.1
W536: -13322.7
W537: -13313.4
W538: -13304
W539: -13294.6
W540: -13285.2
W541: -13275.7
W542: -13266.3
W543: -13256.8
W544: -13247.4
W545: -13237.9
W546: -13228.4
W547: -13218.9
W548: -13209.4
W549: -13199.8
W550: -13190.3
W551: -13180.7
W552: -13171.2
W553: -13161.6
W554: -13152
W555: -13142.4
W556: -13132.7
W557: -13123.1
W558: -13113.5
W559: -13103.8
W560: -13094.1
W561: -13084.4
W562: -13074.8
W563: -13065
W564: -13055.3
W565: -13045.6
W566: -13035.8
W567: -13026.1
W568: -13016.3
W569: -13006.5
W570: -12996.7
W571: -12986.9
W572: -12977.1
W573: -12967.3
W574: -12957.4
W575: -12947.6
W576: -12937.7
W577: -12927.8
W578: -12917.9
W579: -12908
W580: -12898.1
W581: -12888.2
W582: -12878.2
W583: -12868.3
W584: -12858.3
W585: -12848.3
W586: -12838.3
W587: -12828.3
W588: -12818.3
W589: -12808.3
W590: -12798.2
W591: -12788.2
W592: -12778.1
W593: -12768.1
W594: -12758
W595: -12747.9
W596: -12737.8
W597: -12727.6
W598: -12717.5
W599: -12707.4
W600: -12697.2
W601: -12687.1
W602: -12676.9
W603: -12666.7
W604: -12656.5
W605: -12646.3
W606: -12636
W607: -12625.8
W608: -12615.6
W609: -12605.3
W610: -12595
W611: -12584.8
W612: -12574.5
W613: -12564.2
W614: -12553.8
W615: -12543.5
W616: -12533.2
W617: -12522.8
W618: -12512.5
W619: -12502.1
W620: -12491.7
W621: -12481.3
W622: -12470.9
W623: -12460.5
W624: -12450.1
W625: -12439.6
W626: -12429.2
W627: -12418.7
W628: -12408.3
W629: -12397.8
W630: -12387.3
W631: -12376.8
W632: -12366.3
W633: -12355.8
W634: -12345.2
W635: -12334.7
W636: -12324.1
W637: -12313.6
W638: -12303
W639: -12292.4
W640: -12281.8
W641: -12271.2
W642: -12260.6
W643: -12249.9
W644: -12239.3
W645: -12228.6
W646: -12218
W647: -12207.3
W648: -12196.6
W649: -12185.9
W650: -12175.2
W651: -12164.5
W652: -12153.8
W653: -12143.1
W654: -12132.3
W655: -12121.6
W656: -12110.8
W657: -12100
W658: -12089.3
W659: -12078.5
W660: -12067.7
W661: -12056.8
W662: -12046
W663: -12035.2
W664: -12024.3
W665: -12013.5
W666: -12002.6
W667: -11991.7
W668: -11980.9
W669: -11970
W670: -11959.1
W671: -11948.2
W672: -11937.2
W673: -11926.3
W674: -11915.4
W675: -11904.4
W676: -11893.4
W677: -11882.5
W678: -11871.5
W679: -11860.5
W680: -11849.5
W681: -11838.5
W682: -11827.5
W683: -11816.5
W684: -11805.4
W685: -11794.4
W686: -11783.3
W687: -11772.2
W688: -11761.2
W689: -11750.1
W690: -11739
W691: -11727.9
W692: -11716.8
W693: -11705.7
W694: -11694.5
W695: -11683.4
W696: -11672.2
W697: -11661.1
W698: -11649.9
W699: -11638.8
W700: -11627.6
W701: -11616.4
W702: -11605.2
W703: -11594
W704: -11582.7
W705: -11571.5
W706: -11560.3
W707: -11549
W708: -11537.8
W709: -11526.5
W710: -11515.2
W711: -11504
W712: -11492.7
W713: -11481.4
W714: -11470.1
W715: -11458.8
W716: -11447.4
W717: -11436.1
W718: -11424.8
W719: -11413.4
W720: -11402.1
W721: -11390.7
W722: -11379.3
W723: -11367.9
W724: -11356.5
W725: -11345.1
W726: -11333.7
W727: -11322.3
W728: -11310.9
W729: -11299.5
W730: -11288
W731: -11276.6
W732: -11265.1
W733: -11253.7
W734: -11242.2
W735: -11230.7
W736: -11219.2
W737: -11207.7
W738: -11196.2
W739: -11184.7
W740: -11173.2
W741: -11161.7
W742: -11150.1
W743: -11138.6
W744: -11127
W745: -11115.5
W746: -11103.9
W747: -11092.3
W748: -11080.8
W749: -11069.2
W750: -11057.6
W751: -11046
W752: -11034.4
W753: -11022.7
W754: -11011.1
W755: -10999.5
W756: -10987.8
W757: -10976.2
W758: -10964.5
W759: -10952.9
W760: -10941.2
W761: -10929.5
W762: -10917.8
W763: -10906.1
W764: -10894.4
W765: -10882.7
W766: -10871
W767: -10859.3
W768: -10847.6
W769: -10835.8
W770: -10824.1
W771: -10812.3
W772: -10800.6
W773: -10788.8
W774: -10777.1
W775: -10765.3
W776: -10753.5
W777: -10741.7
W778: -10729.9
W779: -10718.1
W780: -10706.3
W781: -10694.5
W782: -10682.7
W783: -10670.8
W784: -10659
W785: -10647.2
W786: -10635.3
W787: -10623.5
W788: -10611.6
W789: -10599.7
W790: -10587.8
W791: -10576
W792: -10564.1
W793: -10552.2
W794: -10540.3
W795: -10528.4
W796: -10516.5
W797: -10504.5
W798: -10492.6
W799: -10480.7
W800: -10468.7
W801: -10456.8
W802: -10444.9
W803: -10432.9
W804: -10420.9
W805: -10409
W806: -10397
W807: -10385
W808: -10373
W809: -10361
W810: -10349
W811: -10337
W812: -10325
W813: -10313
W814: -10301
W815: -10289
W816: -10276.9
W817: -10264.9
W818: -10252.9
W819: -10240.8
W820: -10228.8
W821: -10216.7
W822: -10204.6
W823: -10192.6
W824: -10180.5
W825: -10168.4
W826: -10156.3
W827: -10144.2
W828: -10132.1
W829: -10120
W830: -10107.9
W831: -10095.8
W832: -10083.7
W833: -10071.6
W834: -10059.4
W835: -10047.3
W836: -10035.2
W837: -10023
W838: -10010.9
W839: -9998.73
W840: -9986.57
W841: -9974.41
W842: -9962.24
W843: -9950.07
W844: -9937.89
W845: -9925.71
W846: -9913.53
W847: -9901.33
W848: -9889.14
W849: -9876.94
W850: -9864.73
W851: -9852.52
W852: -9840.31
W853: -9828.09
W854: -9815.86
W855: -9803.64
W856: -9791.4
W857: -9779.17
W858: -9766.93
W859: -9754.68
W860: -9742.43
W861: -9730.18
W862: -9717.92
W863: -9705.66
W864: -9693.39
W865: -9681.12
W866: -9668.84
W867: -9656.56
W868: -9644.28
W869: -9631.99
W870: -9619.7
W871: -9607.4
W872: -9595.11
W873: -9582.8
W874: -9570.49
W875: -9558.18
W876: -9545.87
W877: -9533.55
W878: -9521.23
W879: -9508.9
W880: -9496.57
W881: -9484.24
W882: -9471.9
W883: -9459.56
W884: -9447.21
W885: -9434.87
W886: -9422.51
W887: -9410.16
W888: -9397.8
W889: -9385.44
W890: -9373.07
W891: -9360.7
W892: -9348.33
W893: -9335.96
W894: -9323.58
W895: -9311.19
W896: -9298.81
W897: -9286.42
W898: -9274.03
W899: -9261.63
W900: -9249.24
W901: -9236.83
W902: -9224.43
W903: -9212.02
W904: -9199.61
W905: -9187.2
W906: -9174.78
W907: -9162.37
W908: -9149.94
W909: -9137.52
W910: -9125.09
W911: -9112.66
W912: -9100.23
W913: -9087.79
W914: -9075.35
W915: -9062.91
W916: -9050.47
W917: -9038.02
W918: -9025.57
W919: -9013.12
W920: -9000.67
W921: -8988.21
W922: -8975.75
W923: -8963.29
W924: -8950.83
W925: -8938.36
W926: -8925.9
W927: -8913.43
W928: -8900.95
W929: -8888.48
W930: -8876
W931: -8863.52
W932: -8851.04
W933: -8838.56
W934: -8826.07
W935: -8813.58
W936: -8801.09
W937: -8788.6
W938: -8776.11
W939: -8763.61
W940: -8751.12
W941: -8738.62
W942: -8726.12
W943: -8713.61
W944: -8701.11
W945: -8688.6
W946: -8676.1
W947: -8663.59
W948: -8651.07
W949: -8638.56
W950: -8626.05
W951: -8613.53
W952: -8601.01
W953: -8588.49
W954: -8575.97
W955: -8563.45
W956: -8550.93
W957: -8538.4
W958: -8525.88
W959: -8513.35
W960: -8500.82
W961: -8488.29
W962: -8475.76
W963: -8463.23
W964: -8450.7
W965: -8438.16
W966: -8425.63
W967: -8413.09
W968: -8400.55
W969: -8388.01
W970: -8375.48
W971: -8362.94
W972: -8350.39
W973: -8337.85
W974: -8325.31
W975: -8312.76
W976: -8300.22
W977: -8287.68
W978: -8275.13
W979: -8262.58
W980: -8250.04
W981: -8237.49
W982: -8224.94
W983: -8212.39
W984: -8199.84
W985: -8187.29
W986: -8174.74
W987: -8162.19
W988: -8149.64
W989: -8137.09
W990: -8124.53
W991: -8111.98
W992: -8099.43
W993: -8086.87
W994: -8074.32
W995: -8061.77
W996: -8049.21
W997: -8036.66
W998: -8024.11
W999: -8011.55
W1000: -7999
W1001: -7986.45
W1002: -7973.89
W1003: -7961.34
W1004: -7948.79
W1005: -7936.23
W1006: -7923.68
W1007: -7911.13
W1008: -7898.57
W1009: -7886.02
W1010: -7873.47
W1011: -7860.91
W1012: -7848.36
W1013: -7835.81
W1014: -7823.26
W1015: -7810.71
W1016: -7798.16
W1017: -7785.61
W1018: -7773.06
W1019: -7760.51
W1020: -7747.96
W1021: -7735.42
W1022: -7722.87
W1023: -7710.32
W1024: -7697.78
W1025: -7685.24
W1026: -7672.69
W1027: -7660.15
W1028: -7647.61
W1029: -7635.06
W1030: -7622.52
W1031: -7609.99
W1032: -7597.45
W1033: -7584.91
W1034: -7572.37
W1035: -7559.84
W1036: -7547.3
W1037: -7534.77
W1038: -7522.24
W1039: -7509.71
W1040: -7497.18
W1041: -7484.65
W1042: -7472.12
W1043: -7459.6
W1044: -7447.07
W1045: -7434.55
W1046: -7422.03
W1047: -7409.51
W1048: -7396.99
W1049: -7384.47
W1050: -7371.95
W1051: -7359.44
W1052: -7346.93
W1053: -7334.41
W1054: -7321.9
W1055: -7309.4
W1056: -7296.89
W1057: -7284.39
W1058: -7271.88
W1059: -7259.38
W1060: -7246.88
W1061: -7234.39
W1062: -7221.89
W1063: -7209.4
W1064: -7196.91
W1065: -7184.42
W1066: -7171.93
W1067: -7159.44
W1068: -7146.96
W1069: -7134.48
W1070: -7122
W1071: -7109.52
W1072: -7097.05
W1073: -7084.57
W1074: -7072.1
W1075: -7059.64
W1076: -7047.17
W1077: -7034.71
W1078: -7022.25
W1079: -7009.79
W1080: -6997.33
W1081: -6984.88
W1082: -6972.43
W1083: -6959.98
W1084: -6947.53
W1085: -6935.09
W1086: -6922.65
W1087: -6910.21
W1088: -6897.77
W1089: -6885.34
W1090: -6872.91
W1091: -6860.48
W1092: -6848.06
W1093: -6835.63
W1094: -6823.22
W1095: -6810.8
W1096: -6798.39
W1097: -6785.98
W1098: -6773.57
W1099: -6761.17
W1100: -6748.76
W1101: -6736.37
W1102: -6723.97
W1103: -6711.58
W1104: -6699.19
W1105: -6686.81
W1106: -6674.42
W1107: -6662.04
W1108: -6649.67
W1109: -6637.3
W1110: -6624.93
W1111: -6612.56
W1112: -6600.2
W1113: -6587.84
W1114: -6575.49
W1115: -6563.13
W1116: -6550.79
W1117: -6538.44
W1118: -6526.1
W1119: -6513.76
W1120: -6501.43
W1121: -6489.1
W1122: -6476.77
W1123: -6464.45
W1124: -6452.13
W1125: -6439.82
W1126: -6427.51
W1127: -6415.2
W1128: -6402.89
W1129: -6390.6
W1130: -6378.3
W1131: -6366.01
W1132: -6353.72
W1133: -6341.44
W1134: -6329.16
W1135: -6316.88
W1136: -6304.61
W1137: -6292.34
W1138: -6280.08
W1139: -6267.82
W1140: -6255.57
W1141: -6243.32
W1142: -6231.07
W1143: -6218.83
W1144: -6206.6
W1145: -6194.36
W1146: -6182.14
W1147: -6169.91
W1148: -6157.69
W1149: -6145.48
W1150: -6133.27
W1151: -6121.06
W1152: -6108.86
W1153: -6096.67
W1154: -6084.47
W1155: -6072.29
W1156: -6060.11
W1157: -6047.93
W1158: -6035.76
W1159: -6023.59
W1160: -6011.43
W1161: -5999.27
W1162: -5987.12
W1163: -5974.97
W1164: -5962.83
W1165: -5950.69
W1166: -5938.55
W1167: -5926.43
W1168: -5914.3
W1169: -5902.19
W1170: -5890.07
W1171: -5877.97
W1172: -5865.87
W1173: -5853.77
W1174: -5841.68
W1175: -5829.59
W1176: -5817.51
W1177: -5805.43
W1178: -5793.36
W1179: -5781.3
W1180: -5769.24
W1181: -5757.19
W1182: -5745.14
W1183: -5733.1
W1184: -5721.06
W1185: -5709.03
W1186: -5697
W1187: -5684.98
W1188: -5672.97
W1189: -5660.96
W1190: -5648.96
W1191: -5636.96
W1192: -5624.97
W1193: -5612.98
W1194: -5601
W1195: -5589.03
W1196: -5577.06
W1197: -5565.1
W1198: -5553.15
W1199: -5541.2
W1200: -5529.25
W1201: -5517.31
W1202: -5505.38
W1203: -5493.46
W1204: -5481.54
W1205: -5469.63
W1206: -5457.72
W1207: -5445.82
W1208: -5433.92
W1209: -5422.04
W1210: -5410.15
W1211: -5398.28
W1212: -5386.41
W1213: -5374.55
W1214: -5362.69
W1215: -5350.84
W1216: -5339
W1217: -5327.16
W1218: -5315.33
W1219: -5303.51
W1220: -5291.7
W1221: -5279.89
W1222: -5268.08
W1223: -5256.29
W1224: -5244.5
W1225: -5232.71
W1226: -5220.94
W1227: -5209.17
W1228: -5197.41
W1229: -5185.65
W1230: -5173.9
W1231: -5162.16
W1232: -5150.43
W1233: -5138.7
W1234: -5126.98
W1235: -5115.27
W1236: -5103.56
W1237: -5091.86
W1238: -5080.17
W1239: -5068.48
W1240: -5056.81
W1241: -5045.13
W1242: -5033.47
W1243: -5021.82
W1244: -5010.17
W1245: -4998.53
W1246: -4986.89
W1247: -4975.27
W1248: -4963.65
W1249: -4952.04
W1250: -4940.43
W1251: -4928.84
W1252: -4917.25
W1253: -4905.67
W1254: -4894.09
W1255: -4882.53
W1256: -4870.97
W1257: -4859.42
W1258: -4847.87
W1259: -4836.34
W1260: -4824.81
W1261: -4813.29
W1262: -4801.78
W1263: -4790.28
W1264: -4778.78
W1265: -4767.29
W1266: -4755.81
W1267: -4744.34
W1268: -4732.88
W1269: -4721.42
W1270: -4709.97
W1271: -4698.53
W1272: -4687.1
W1273: -4675.68
W1274: -4664.26
W1275: -4652.86
W1276: -4641.46
W1277: -4630.07
W1278: -4618.69
W1279: -4607.31
W1280: -4595.95
W1281: -4584.59
W1282: -4573.24
W1283: -4561.9
W1284: -4550.57
W1285: -4539.24
W1286: -4527.93
W1287: -4516.62
W1288: -4505.33
W1289: -4494.04
W1290: -4482.76
W1291: -4471.48
W1292: -4460.22
W1293: -4448.97
W1294: -4437.72
W1295: -4426.48
W1296: -4415.26
W1297: -4404.04
W1298: -4392.83
W1299: -4381.62
W1300: -4370.43
W1301: -4359.25
W1302: -4348.07
W1303: -4336.91
W1304: -4325.75
W1305: -4314.6
W1306: -4303.46
W1307: -4292.34
W1308: -4281.21
W1309: -4270.1
W1310: -4259
W1311: -4247.91
W1312: -4236.82
W1313: -4225.75
W1314: -4214.69
W1315: -4203.63
W1316: -4192.58
W1317: -4181.55
W1318: -4170.52
W1319: -4159.5
W1320: -4148.49
W1321: -4137.49
W1322: -4126.5
W1323: -4115.52
W1324: -4104.55
W1325: -4093.59
W1326: -4082.64
W1327: -4071.7
W1328: -4060.76
W1329: -4049.84
W1330: -4038.93
W1331: -4028.03
W1332: -4017.13
W1333: -4006.25
W1334: -3995.38
W1335: -3984.51
W1336: -3973.66
W1337: -3962.82
W1338: -3951.98
W1339: -3941.16
W1340: -3930.34
W1341: -3919.54
W1342: -3908.75
W1343: -3897.96
W1344: -3887.19
W1345: -3876.42
W1346: -3865.67
W1347: -3854.93
W1348: -3844.19
W1349: -3833.47
W1350: -3822.76
W1351: -3812.06
W1352: -3801.36
W1353: -3790.68
W1354: -3780.01
W1355: -3769.35
W1356: -3758.7
W1357: -3748.06
W1358: -3737.43
W1359: -3726.81
W1360: -3716.2
W1361: -3705.6
W1362: -3695.02
W1363: -3684.44
W1364: -3673.87
W1365: -3663.32
W1366: -3652.77
W1367: -3642.24
W1368: -3631.72
W1369: -3621.2
W1370: -3610.7
W1371: -3600.21
W1372: -3589.73
W1373: -3579.26
W1374: -3568.8
W1375: -3558.35
W1376: -3547.92
W1377: -3537.49
W1378: -3527.08
W1379: -3516.67
W1380: -3506.28
W1381: -3495.9
W1382: -3485.53
W1383: -3475.17
W1384: -3464.82
W1385: -3454.48
W1386: -3444.16
W1387: -3433.84
W1388: -3423.54
W1389: -3413.25
W1390: -3402.96
W1391: -3392.69
W1392: -3382.44
W1393: -3372.19
W1394: -3361.95
W1395: -3351.73
W1396: -3341.52
W1397: -3331.32
W1398: -3321.13
W1399: -3310.95
W1400: -3300.78
W1401: -3290.63
W1402: -3280.48
W1403: -3270.35
W1404: -3260.23
W1405: -3250.12
W1406: -3240.03
W1407: -3229.94
W1408: -3219.87
W1409: -3209.81
W1410: -3199.76
W1411: -3189.72
W1412: -3179.69
W1413: -3169.68
W1414: -3159.67
W1415: -3149.68
W1416: -3139.71
W1417: -3129.74
W1418: -3119.78
W1419: -3109.84
W1420: -3099.91
W1421: -3089.99
W1422: -3080.09
W1423: -3070.19
W1424: -3060.31
W1425: -3050.44
W1426: -3040.58
W1427: -3030.74
W1428: -3020.9
W1429: -3011.08
W1430: -3001.27
W1431: -2991.48
W1432: -2981.69
W1433: -2971.92
W1434: -2962.16
W1435: -2952.41
W1436: -2942.68
W1437: -2932.96
W1438: -2923.25
W1439: -2913.55
W1440: -2903.87
W1441: -2894.19
W1442: -2884.53
W1443: -2874.89
W1444: -2865.25
W1445: -2855.63
W1446: -2846.02
W1447: -2836.43
W1448: -2826.84
W1449: -2817.27
W1450: -2807.71
W1451: -2798.17
W1452: -2788.63
W1453: -2779.11
W1454: -2769.61
W1455: -2760.11
W1456: -2750.63
W1457: -2741.16
W1458: -2731.71
W1459: -2722.27
W1460: -2712.84
W1461: -2703.42
W1462: -2694.02
W1463: -2684.63
W1464: -2675.25
W1465: -2665.89
W1466: -2656.54
W1467: -2647.2
W1468: -2637.87
W1469: -2628.56
W1470: -2619.27
W1471: -2609.98
W1472: -2600.71
W1473: -2591.45
W1474: -2582.21
W1475: -2572.97
W1476: -2563.76
W1477: -2554.55
W1478: -2545.36
W1479: -2536.18
W1480: -2527.02
W1481: -2517.87
W1482: -2508.73
W1483: -2499.6
W1484: -2490.49
W1485: -2481.4
W1486: -2472.31
W1487: -2463.24
W1488: -2454.19
W1489: -2445.15
W1490: -2436.12
W1491: -2427.1
W1492: -2418.1
W1493: -2409.11
W1494: -2400.14
W1495: -2391.18
W1496: -2382.23
W1497: -2373.3
W1498: -2364.38
W1499: -2355.48
W1500: -2346.59
W1501: -2337.71
W1502: -2328.85
W1503: -2320
W1504: -2311.16
W1505: -2302.34
W1506: -2293.53
W1507: -2284.74
W1508: -2275.96
W1509: -2267.2
W1510: -2258.45
W1511: -2249.71
W1512: -2240.99
W1513: -2232.28
W1514: -2223.59
W1515: -2214.91
W1516: -2206.24
W1517: -2197.59
W1518: -2188.95
W1519: -2180.33
W1520: -2171.72
W1521: -2163.13
W1522: -2154.55
W1523: -2145.98
W1524: -2137.43
W1525: -2128.9
W1526: -2120.37
W1527: -2111.87
W1528: -2103.37
W1529: -2094.9
W1530: -2086.43
W1531: -2077.98
W1532: -2069.55
W1533: -2061.13
W1534: -2052.72
W1535: -2044.33
W1536: -2035.95
W1537: -2027.59
W1538: -2019.25
W1539: -2010.91
W1540: -2002.6
W1541: -1994.29
W1542: -1986.01
W1543: -1977.73
W1544: -1969.48
W1545: -1961.23
W1546: -1953
W1547: -1944.79
W1548: -1936.59
W1549: -1928.41
W1550: -1920.24
W1551: -1912.08
W1552: -1903.95
W1553: -1895.82
W1554: -1887.71
W1555: -1879.62
W1556: -1871.54
W1557: -1863.48
W1558: -1855.43
W1559: -1847.4
W1560: -1839.38
W1561: -1831.37
W1562: -1823.39
W1563: -1815.41
W1564: -1807.46
W1565: -1799.51
W1566: -1791.59
W1567: -1783.68
W1568: -1775.78
W1569: -1767.9
W1570: -1760.03
W1571: -1752.18
W1572: -1744.35
W1573: -1736.53
W1574: -1728.72
W1575: -1720.94
W1576: -1713.16
W1577: -1705.41
W1578: -1697.66
W1579: -1689.94
W1580: -1682.23
W1581: -1674.53
W1582: -1666.85
W1583: -1659.19
W1584: -1651.54
W1585: -1643.9
W1586: -1636.29
W1587: -1628.68
W1588: -1621.1
W1589: -1613.53
W1590: -1605.97
W1591: -1598.43
W1592: -1590.91
W1593: -1583.4
W1594: -1575.91
W1595: -1568.44
W1596: -1560.98
W1597: -1553.53
W1598: -1546.1
W1599: -1538.69
W1600: -1531.29
W1601: -1523.91
W1602: -1516.55
W1603: -1509.2
W1604: -1501.87
W1605: -1494.55
W1606: -1487.25
W1607: -1479.97
W1608: -1472.7
W1609: -1465.44
W1610: -1458.21
W1611: -1450.99
W1612: -1443.78
W1613: -1436.6
W1614: -1429.42
W1615: -1422.27
W1616: -1415.13
W1617: -1408.01
W1618: -1400.9
W1619: -1393.81
W1620: -1386.73
W1621: -1379.68
W1622: -1372.63
W1623: -1365.61
W1624: -1358.6
W1625: -1351.61
W1626: -1344.63
W1627: -1337.67
W1628: -1330.72
W1629: -1323.8
W1630: -1316.89
W1631: -1309.99
W1632: -1303.11
W1633: -1296.25
W1634: -1289.41
W1635: -1282.58
W1636: -1275.77
W1637: -1268.97
W1638: -1262.19
W1639: -1255.43
W1640: -1248.69
W1641: -1241.96
W1642: -1235.24
W1643: -1228.55
W1644: -1221.87
W1645: -1215.21
W1646: -1208.56
W1647: -1201.93
W1648: -1195.32
W1649: -1188.72
W1650: -1182.15
W1651: -1175.58
W1652: -1169.04
W1653: -1162.51
W1654: -1156
W1655: -1149.5
W1656: -1143.03
W1657: -1136.57
W1658: -1130.12
W1659: -1123.7
W1660: -1117.29
W1661: -1110.89
W1662: -1104.52
W1663: -1098.16
W1664: -1091.81
W1665: -1085.49
W1666: -1079.18
W1667: -1072.89
W1668: -1066.62
W1669: -1060.36
W1670: -1054.12
W1671: -1047.9
W1672: -1041.69
W1673: -1035.5
W1674: -1029.33
W1675: -1023.18
W1676: -1017.04
W1677: -1010.92
W1678: -1004.82
W1679: -998.731
W1680: -992.663
W1681: -986.612
W1682: -980.578
W1683: -974.562
W1684: -968.563
W1685: -962.581
W1686: -956.617
W1687: -950.67
W1688: -944.74
W1689: -938.827
W1690: -932.932
W1691: -927.055
W1692: -921.195
W1693: -915.352
W1694: -909.526
W1695: -903.719
W1696: -897.928
W1697: -892.155
W1698: -886.4
W1699: -880.662
W1700: -874.942
W1701: -869.239
W1702: -863.554
W1703: -857.886
W1704: -852.236
W1705: -846.603
W1706: -840.988
W1707: -835.391
W1708: -829.811
W1709: -824.249
W1710: -818.705
W1711: -813.178
W1712: -807.67
W1713: -802.178
W1714: -796.705
W1715: -791.249
W1716: -785.811
W1717: -780.391
W1718: -774.988
W1719: -769.604
W1720: -764.237
W1721: -758.888
W1722: -753.556
W1723: -748.243
W1724: -742.947
W1725: -737.67
W1726: -732.41
W1727: -727.168
W1728: -721.944
W1729: -716.738
W1730: -711.55
W1731: -706.38
W1732: -701.227
W1733: -696.093
W1734: -690.977
W1735: -685.878
W1736: -680.798
W1737: -675.736
W1738: -670.692
W1739: -665.666
W1740: -660.657
W1741: -655.667
W1742: -650.695
W1743: -645.741
W1744: -640.806
W1745: -635.888
W1746: -630.989
W1747: -626.107
W1748: -621.244
W1749: -616.399
W1750: -611.572
W1751: -606.763
W1752: -601.973
W1753: -597.201
W1754: -592.446
W1755: -587.711
W1756: -582.993
W1757: -578.294
W1758: -573.613
W1759: -568.95
W1760: -564.306
W1761: -559.68
W1762: -555.072
W1763: -550.482
W1764: -545.911
W1765: -541.358
W1766: -536.824
W1767: -532.308
W1768: -527.81
W1769: -523.331
W1770: -518.87
W1771: -514.428
W1772: -510.004
W1773: -505.598
W1774: -501.211
W1775: -496.842
W1776: -492.492
W1777: -488.16
W1778: -483.847
W1779: -479.553
W1780: -475.276
W1781: -471.019
W1782: -466.78
W1783: -462.559
W1784: -458.357
W1785: -454.174
W1786: -450.009
W1787: -445.863
W1788: -441.735
W1789: -437.626
W1790: -433.535
W1791: -429.464
W1792: -425.41
W1793: -421.376
W1794: -417.36
W1795: -413.363
W1796: -409.384
W1797: -405.425
W1798: -401.483
W1799: -397.561
W1800: -393.657
W1801: -389.772
W1802: -385.906
W1803: -382.059
W1804: -378.23
W1805: -374.42
W1806: -370.629
W1807: -366.856
W1808: -363.103
W1809: -359.368
W1810: -355.652
W1811: -351.955
W1812: -348.277
W1813: -344.617
W1814: -340.976
W1815: -337.355
W1816: -333.752
W1817: -330.168
W1818: -326.602
W1819: -323.056
W1820: -319.529
W1821: -316.02
W1822: -312.531
W1823: -309.06
W1824: -305.609
W1825: -302.176
W1826: -298.762
W1827: -295.367
W1828: -291.991
W1829: -288.635
W1830: -285.297
W1831: -281.978
W1832: -278.678
W1833: -275.397
W1834: -272.135
W1835: -268.892
W1836: -265.669
W1837: -262.464
W1838: -259.278
W1839: -256.111
W1840: -252.964
W1841: -249.835
W1842: -246.726
W1843: -243.636
W1844: -240.564
W1845: -237.512
W1846: -234.479
W1847: -231.465
W1848: -228.471
W1849: -225.495
W1850: -222.539
W1851: -219.601
W1852: -216.683
W1853: -213.784
W1854: -210.904
W1855: -208.044
W1856: -205.202
W1857: -202.38
W1858: -199.577
W1859: -196.793
W1860: -194.028
W1861: -191.283
W1862: -188.556
W1863: -185.849
W1864: -183.162
W1865: -180.493
W1866: -177.844
W1867: -175.214
W1868: -172.603
W1869: -170.012
W1870: -167.44
W1871: -164.887
W1872: -162.353
W1873: -159.839
W1874: -157.344
W1875: -154.868
W1876: -152.412
W1877: -149.975
W1878: -147.557
W1879: -145.159
W1880: -142.78
W1881: -140.42
W1882: -138.079
W1883: -135.759
W1884: -133.457
W1885: -131.175
W1886: -128.912
W1887: -126.668
W1888: -124.444
W1889: -122.239
W1890: -120.054
W1891: -117.888
W1892: -115.742
W1893: -113.614
W1894: -111.507
W1895: -109.418
W1896: -107.35
W1897: -105.3
W1898: -103.27
W1899: -101.26
W1900: -99.2686
W1901: -97.297
W1902: -95.3448
W1903: -93.4121
W1904: -91.4989
W1905: -89.6051
W1906: -87.7308
W1907: -85.876
W1908: -84.0406
W1909: -82.2248
W1910: -80.4285
W1911: -78.6516
W1912: -76.8943
W1913: -75.1564
W1914: -73.4381
W1915: -71.7393
W1916: -70.06
W1917: -68.4003
W1918: -66.7601
W1919: -65.1394
W1920: -63.5382
W1921: -61.9566
W1922: -60.3945
W1923: -58.852
W1924: -57.329
W1925: -55.8256
W1926: -54.3417
W1927: -52.8774
W1928: -51.4327
W1929: -50.0076
W1930: -48.602
W1931: -47.216
W1932: -45.8496
W1933: -44.5027
W1934: -43.1755
W1935: -41.8678
W1936: -40.5797
W1937: -39.3113
W1938: -38.0624
W1939: -36.8331
W1940: -35.6235
W1941: -34.4334
W1942: -33.263
W1943: -32.1122
W1944: -30.981
W1945: -29.8694
W1946: -28.7774
W1947: -27.7051
W1948: -26.6524
W1949: -25.6193
W1950: -24.6059
W1951: -23.6121
W1952: -22.6379
W1953: -21.6834
W1954: -20.7486
W1955: -19.8333
W1956: -18.9377
W1957: -18.0618
W1958: -17.2055
W1959: -16.3689
W1960: -15.552
W1961: -14.7547
W1962: -13.977
W1963: -13.219
W1964: -12.4807
W1965: -11.7621
W1966: -11.0631
W1967: -10.3838
W1968: -9.72414
W1969: -9.08417
W1970: -8.46388
W1971: -7.86327
W1972: -7.28233
W1973: -6.72108
W1974: -6.1795
W1975: -5.65761
W1976: -5.15539
W1977: -4.67287
W1978: -4.21003
W1979: -3.76688
W1980: -3.34341
W1981: -2.93963
W1982: -2.55555
W1983: -2.19115
W1984: -1.84645
W1985: -1.52144
W1986: -1.21612
W1987: -0.930502
W1988: -0.664574
W1989: -0.418343
W1990: -0.191808
W1991: 0.0150307
W1992: 0.202172
W1993: 0.369615
W1994: 0.51736
W1995: 0.645406
W1996: 0.753754
W1997: 0.842402
W1998: 0.911351
W1999: 0.9606
W2000: 0.99015
Initial Condition: 
0
0.0015708
0.00314159
0.00471237
0.00628314
0.0078539
0.00942464
0.0109954
0.012566
0.0141367
0.0157073
0.0172779
0.0188484
0.0204189
0.0219894
0.0235598
0.0251301
0.0267004
0.0282706
0.0298407
0.0314108
0.0329807
0.0345506
0.0361205
0.0376902
0.0392598
0.0408294
0.0423988
0.0439681
0.0455373
0.0471065
0.0486754
0.0502443
0.0518131
0.0533817
0.0549502
0.0565185
0.0580867
0.0596548
0.0612227
0.0627905
0.0643581
0.0659256
0.0674929
0.06906
0.070627
0.0721938
0.0737604
0.0753268
0.076893
0.0784591
0.080025
0.0815906
0.0831561
0.0847213
0.0862864
0.0878512
0.0894158
0.0909802
0.0925444
0.0941083
0.095672
0.0972355
0.0987987
0.100362
0.101924
0.103487
0.105049
0.106611
0.108173
0.109734
0.111295
0.112856
0.114417
0.115977
0.117537
0.119097
0.120657
0.122216
0.123775
0.125333
0.126891
0.128449
0.130007
0.131564
0.133121
0.134678
0.136234
0.13779
0.139346
0.140901
0.142456
0.144011
0.145565
0.147119
0.148672
0.150226
0.151778
0.153331
0.154883
0.156434
0.157986
0.159537
0.161087
0.162637
0.164187
0.165736
0.167285
0.168833
0.170381
0.171929
0.173476
0.175023
0.176569
0.178115
0.179661
0.181206
0.18275
0.184294
0.185838
0.187381
0.188924
0.190466
0.192008
0.193549
0.19509
0.196631
0.198171
0.19971
0.201249
0.202787
0.204325
0.205863
0.2074
0.208936
0.210472
0.212007
0.213542
0.215076
0.21661
0.218143
0.219676
0.221208
0.22274
0.224271
0.225801
0.227331
0.228861
0.230389
0.231918
0.233445
0.234972
0.236499
0.238025
0.23955
0.241075
0.242599
0.244123
0.245646
0.247168
0.24869
0.250211
0.251732
0.253251
0.254771
0.256289
0.257807
0.259325
0.260842
0.262358
0.263873
0.265388
0.266902
0.268415
0.269928
0.27144
0.272952
0.274463
0.275973
0.277482
0.278991
0.280499
0.282007
0.283513
0.285019
0.286525
0.288029
0.289533
0.291036
0.292539
0.29404
0.295541
0.297042
0.298541
0.30004
0.301538
0.303035
0.304532
0.306028
0.307523
0.309017
0.310511
0.312003
0.313495
0.314987
0.316477
0.317967
0.319456
0.320944
0.322431
0.323917
0.325403
0.326888
0.328372
0.329855
0.331338
0.33282
0.3343
0.33578
0.33726
0.338738
0.340215
0.341692
0.343168
0.344643
0.346117
0.34759
0.349063
0.350534
0.352005
0.353475
0.354944
0.356412
0.357879
0.359345
0.360811
0.362275
0.363739
0.365202
0.366664
0.368125
0.369585
0.371044
0.372502
0.373959
0.375416
0.376871
0.378326
0.379779
0.381232
0.382683
0.384134
0.385584
0.387033
0.388481
0.389928
0.391374
0.392819
0.394263
0.395706
0.397148
0.398589
0.400029
0.401468
0.402906
0.404344
0.40578
0.407215
0.408649
0.410082
0.411514
0.412945
0.414376
0.415805
0.417233
0.41866
0.420086
0.421511
0.422935
0.424357
0.425779
0.4272
0.42862
0.430038
0.431456
0.432873
0.434288
0.435702
0.437116
0.438528
0.439939
0.441349
0.442758
0.444166
0.445573
0.446979
0.448383
0.449787
0.451189
0.45259
0.45399
0.45539
0.456787
0.458184
0.45958
0.460974
0.462368
0.46376
0.465151
0.466541
0.46793
0.469317
0.470704
0.472089
0.473473
0.474856
0.476238
0.477619
0.478998
0.480377
0.481754
0.48313
0.484504
0.485878
0.48725
0.488621
0.489991
0.49136
0.492727
0.494094
0.495459
0.496822
0.498185
0.499546
0.500907
0.502266
0.503623
0.50498
0.506335
0.507689
0.509041
0.510393
0.511743
0.513092
0.51444
0.515786
0.517131
0.518475
0.519817
0.521159
0.522499
0.523837
0.525175
0.526511
0.527846
0.529179
0.530511
0.531842
0.533172
0.5345
0.535827
0.537152
0.538477
0.5398
0.541121
0.542442
0.54376
0.545078
0.546394
0.547709
0.549023
0.550335
0.551646
0.552955
0.554263
0.55557
0.556876
0.55818
0.559482
0.560784
0.562083
0.563382
0.564679
0.565975
0.567269
0.568562
0.569853
0.571143
0.572432
0.573719
0.575005
0.57629
0.577573
0.578854
0.580134
0.581413
0.58269
0.583966
0.585241
0.586514
0.587785
0.589055
0.590324
0.591591
0.592857
0.594121
0.595384
0.596645
0.597905
0.599163
0.60042
0.601676
0.60293
0.604182
0.605433
0.606682
0.60793
0.609177
0.610422
0.611665
0.612907
0.614147
0.615386
0.616624
0.61786
0.619094
0.620327
0.621558
0.622788
0.624016
0.625243
0.626468
0.627691
0.628913
0.630134
0.631353
0.63257
0.633786
0.635
0.636213
0.637424
0.638634
0.639841
0.641048
0.642253
0.643456
0.644657
0.645858
0.647056
0.648253
0.649448
0.650642
0.651834
0.653024
0.654213
0.6554
0.656586
0.65777
0.658952
0.660133
0.661312
0.662489
0.663665
0.664839
0.666012
0.667183
0.668352
0.66952
0.670686
0.67185
0.673013
0.674173
0.675333
0.67649
0.677646
0.678801
0.679953
0.681104
0.682254
0.683401
0.684547
0.685691
0.686834
0.687975
0.689114
0.690251
0.691387
0.692521
0.693653
0.694784
0.695913
0.69704
0.698165
0.699289
0.700411
0.701531
0.70265
0.703767
0.704882
0.705995
0.707107
0.708217
0.709325
0.710431
0.711536
0.712639
0.71374
0.714839
0.715936
0.717032
0.718126
0.719219
0.720309
0.721398
0.722485
0.72357
0.724653
0.725735
0.726814
0.727892
0.728969
0.730043
0.731116
0.732186
0.733255
0.734323
0.735388
0.736451
0.737513
0.738573
0.739631
0.740687
0.741742
0.742794
0.743845
0.744894
0.745941
0.746986
0.74803
0.749071
0.750111
0.751149
0.752185
0.753219
0.754251
0.755282
0.75631
0.757337
0.758362
0.759385
0.760406
0.761425
0.762443
0.763458
0.764472
0.765483
0.766493
0.767501
0.768507
0.769511
0.770513
0.771514
0.772512
0.773508
0.774503
0.775496
0.776487
0.777475
0.778462
0.779447
0.78043
0.781412
0.782391
0.783368
0.784343
0.785317
0.786288
0.787258
0.788226
0.789191
0.790155
0.791117
0.792077
0.793034
0.79399
0.794944
0.795896
0.796846
0.797794
0.798741
0.799685
0.800627
0.801567
0.802505
0.803441
0.804376
0.805308
0.806238
0.807166
0.808093
0.809017
0.809939
0.81086
0.811778
0.812694
0.813608
0.814521
0.815431
0.816339
0.817245
0.81815
0.819052
0.819952
0.82085
0.821746
0.822641
0.823533
0.824423
0.825311
0.826197
0.827081
0.827962
0.828842
0.82972
0.830596
0.83147
0.832341
0.833211
0.834078
0.834944
0.835807
0.836669
0.837528
0.838385
0.83924
0.840094
0.840945
0.841794
0.84264
0.843485
0.844328
0.845169
0.846007
0.846844
0.847678
0.84851
0.84934
0.850168
0.850994
0.851818
0.85264
0.85346
0.854277
0.855093
0.855906
0.856718
0.857527
0.858334
0.859139
0.859941
0.860742
0.861541
0.862337
0.863131
0.863923
0.864713
0.865501
0.866287
0.867071
0.867852
0.868632
0.869409
0.870184
0.870957
0.871727
0.872496
0.873262
0.874027
0.874789
0.875549
0.876307
0.877062
0.877816
0.878567
0.879316
0.880063
0.880808
0.881551
0.882291
0.88303
0.883766
0.8845
0.885231
0.885961
0.886688
0.887413
0.888136
0.888857
0.889576
0.890292
0.891007
0.891719
0.892428
0.893136
0.893841
0.894545
0.895246
0.895944
0.896641
0.897335
0.898028
0.898718
0.899405
0.900091
0.900774
0.901455
0.902134
0.902811
0.903485
0.904157
0.904827
0.905495
0.90616
0.906823
0.907484
0.908143
0.9088
0.909454
0.910106
0.910756
0.911403
0.912049
0.912692
0.913332
0.913971
0.914607
0.915241
0.915873
0.916502
0.91713
0.917755
0.918377
0.918998
0.919616
0.920232
0.920845
0.921457
0.922066
0.922673
0.923277
0.92388
0.92448
0.925077
0.925673
0.926266
0.926857
0.927445
0.928031
0.928615
0.929197
0.929776
0.930354
0.930928
0.931501
0.932071
0.932639
0.933205
0.933768
0.934329
0.934888
0.935444
0.935998
0.93655
0.937099
0.937646
0.938191
0.938734
0.939274
0.939812
0.940348
0.940881
0.941412
0.94194
0.942467
0.942991
0.943512
0.944031
0.944548
0.945063
0.945575
0.946085
0.946593
0.947098
0.947601
0.948102
0.9486
0.949096
0.94959
0.950081
0.95057
0.951057
0.951541
0.952023
0.952502
0.952979
0.953454
0.953927
0.954397
0.954865
0.95533
0.955793
0.956254
0.956712
0.957168
0.957622
0.958073
0.958522
0.958968
0.959412
0.959854
0.960294
0.960731
0.961165
0.961598
0.962028
0.962455
0.96288
0.963303
0.963724
0.964142
0.964557
0.964971
0.965382
0.96579
0.966196
0.9666
0.967001
0.9674
0.967797
0.968191
0.968583
0.968973
0.96936
0.969744
0.970127
0.970506
0.970884
0.971259
0.971632
0.972002
0.97237
0.972735
0.973099
0.973459
0.973817
0.974173
0.974527
0.974878
0.975227
0.975573
0.975917
0.976258
0.976597
0.976934
0.977268
0.9776
0.977929
0.978256
0.978581
0.978903
0.979223
0.97954
0.979855
0.980168
0.980478
0.980785
0.981091
0.981393
0.981694
0.981992
0.982287
0.98258
0.982871
0.983159
0.983445
0.983729
0.98401
0.984288
0.984564
0.984838
0.985109
0.985378
0.985645
0.985909
0.98617
0.986429
0.986686
0.98694
0.987192
0.987441
0.987688
0.987933
0.988175
0.988415
0.988652
0.988886
0.989119
0.989349
0.989576
0.989801
0.990024
0.990244
0.990461
0.990677
0.990889
0.9911
0.991308
0.991513
0.991716
0.991917
0.992115
0.99231
0.992504
0.992694
0.992883
0.993068
0.993252
0.993433
0.993611
0.993787
0.993961
0.994132
0.994301
0.994467
0.994631
0.994792
0.994951
0.995107
0.995261
0.995413
0.995562
0.995709
0.995853
0.995994
0.996134
0.99627
0.996405
0.996537
0.996666
0.996793
0.996917
0.997039
0.997159
0.997276
0.997391
0.997503
0.997613
0.99772
0.997825
0.997927
0.998027
0.998124
0.998219
0.998312
0.998402
0.998489
0.998574
0.998657
0.998737
0.998815
0.99889
0.998963
0.999033
0.999101
0.999166
0.999229
0.999289
0.999347
0.999403
0.999456
0.999507
0.999555
0.9996
0.999643
0.999684
0.999722
0.999758
0.999792
0.999822
0.999851
0.999877
0.9999
0.999921
0.99994
0.999956
0.999969
0.99998
0.999989
0.999995
0.999999
1
0.999999
0.999995
0.999989
0.99998
0.999969
0.999956
0.99994
0.999921
0.9999
0.999877
0.999851
0.999822
0.999792
0.999758
0.999722
0.999684
0.999643
0.9996
0.999555
0.999507
0.999456
0.999403
0.999347
0.999289
0.999229
0.999166
0.999101
0.999033
0.998963
0.99889
0.998815
0.998737
0.998657
0.998574
0.998489
0.998402
0.998312
0.998219
0.998124
0.998027
0.997927
0.997825
0.99772
0.997613
0.997503
0.997391
0.997276
0.997159
0.997039
0.996917
0.996793
0.996666
0.996537
0.996405
0.99627
0.996134
0.995994
0.995853
0.995709
0.995562
0.995413
0.995261
0.995107
0.994951
0.994792
0.994631
0.994467
0.994301
0.994132
0.993961
0.993787
0.993611
0.993433
0.993252
0.993068
0.992883
0.992694
0.992504
0.99231
0.992115
0.991917
0.991716
0.991513
0.991308
0.9911
0.990889
0.990677
0.990461
0.990244
0.990024
0.989801
0.989576
0.989349
0.989119
0.988886
0.988652
0.988415
0.988175
0.987933
0.987688
0.987441
0.987192
0.98694
0.986686
0.986429
0.98617
0.985909
0.985645
0.985378
0.985109
0.984838
0.984564
0.984288
0.98401
0.983729
0.983445
0.983159
0.982871
0.98258
0.982287
0.981992
0.981694
0.981393
0.981091
0.980785
0.980478
0.980168
0.979855
0.97954
0.979223
0.978903
0.978581
0.978256
0.977929
0.9776
0.977268
0.976934
0.976597
0.976258
0.975917
0.975573
0.975227
0.974878
0.974527
0.974173
0.973817
0.973459
0.973099
0.972735
0.97237
0.972002
0.971632
0.971259
0.970884
0.970506
0.970127
0.969744
0.96936
0.968973
0.968583
0.968191
0.967797
0.9674
0.967001
0.9666
0.966196
0.96579
0.965382
0.964971
0.964557
0.964142
0.963724
0.963303
0.96288
0.962455
0.962028
0.961598
0.961165
0.960731
0.960294
0.959854
0.959412
0.958968
0.958522
0.958073
0.957622
0.957168
0.956712
0.956254
0.955793
0.95533
0.954865
0.954397
0.953927
0.953454
0.952979
0.952502
0.952023
0.951541
0.951057
0.95057
0.950081
0.94959
0.949096
0.9486
0.948102
0.947601
0.947098
0.946593
0.946085
0.945575
0.945063
0.944548
0.944031
0.943512
0.942991
0.942467
0.94194
0.941412
0.940881
0.940348
0.939812
0.939274
0.938734
0.938191
0.937646
0.937099
0.93655
0.935998
0.935444
0.934888
0.934329
0.933768
0.933205
0.932639
0.932071
0.931501
0.930928
0.930354
0.929776
0.929197
0.928615
0.928031
0.927445
0.926857
0.926266
0.925673
0.925077
0.92448
0.92388
0.923277
0.922673
0.922066
0.921457
0.920845
0.920232
0.919616
0.918998
0.918377
0.917755
0.91713
0.916502
0.915873
0.915241
0.914607
0.913971
0.913332
0.912692
0.912049
0.911403
0.910756
0.910106
0.909454
0.9088
0.908143
0.907484
0.906823
0.90616
0.905495
0.904827
0.904157
0.903485
0.902811
0.902134
0.901455
0.900774
0.900091
0.899405
0.898718
0.898028
0.897335
0.896641
0.895944
0.895246
0.894545
0.893841
0.893136
0.892428
0.891719
0.891007
0.890292
0.889576
0.888857
0.888136
0.887413
0.886688
0.885961
0.885231
0.8845
0.883766
0.88303
0.882291
0.881551
0.880808
0.880063
0.879316
0.878567
0.877816
0.877062
0.876307
0.875549
0.874789
0.874027
0.873262
0.872496
0.871727
0.870957
0.870184
0.869409
0.868632
0.867852
0.867071
0.866287
0.865501
0.864713
0.863923
0.863131
0.862337
0.861541
0.860742
0.859941
0.859139
0.858334
0.857527
0.856718
0.855906
0.855093
0.854277
0.85346
0.85264
0.851818
0.850994
0.850168
0.84934
0.84851
0.847678
0.846844
0.846007
0.845169
0.844328
0.843485
0.84264
0.841794
0.840945
0.840094
0.83924
0.838385
0.837528
0.836669
0.835807
0.834944
0.834078
0.833211
0.832341
0.83147
0.830596
0.82972
0.828842
0.827962
0.827081
0.826197
0.825311
0.824423
0.823533
0.822641
0.821746
0.82085
0.819952
0.819052
0.81815
0.817245
0.816339
0.815431
0.814521
0.813608
0.812694
0.811778
0.81086
0.809939
0.809017
0.808093
0.807166
0.806238
0.805308
0.804376
0.803441
0.802505
0.801567
0.800627
0.799685
0.798741
0.797794
0.796846
0.795896
0.794944
0.79399
0.793034
0.792077
0.791117
0.790155
0.789191
0.788226
0.787258
0.786288
0.785317
0.784343
0.783368
0.782391
0.781412
0.78043
0.779447
0.778462
0.777475
0.776487
0.775496
0.774503
0.773508
0.772512
0.771514
0.770513
0.769511
0.768507
0.767501
0.766493
0.765483
0.764472
0.763458
0.762443
0.761425
0.760406
0.759385
0.758362
0.757337
0.75631
0.755282
0.754251
0.753219
0.752185
0.751149
0.750111
0.749071
0.74803
0.746986
0.745941
0.744894
0.743845
0.742794
0.741742
0.740687
0.739631
0.738573
0.737513
0.736451
0.735388
0.734323
0.733255
0.732186
0.731116
0.730043
0.728969
0.727892
0.726814
0.725735
0.724653
0.72357
0.722485
0.721398
0.720309
0.719219
0.718126
0.717032
0.715936
0.714839
0.71374
0.712639
0.711536
0.710431
0.709325
0.708217
0.707107
0.705995
0.704882
0.703767
0.70265
0.701531
0.700411
0.699289
0.698165
0.69704
0.695913
0.694784
0.693653
0.692521
0.691387
0.690251
0.689114
0.687975
0.686834
0.685691
0.684547
0.683401
0.682254
0.681104
0.679953
0.678801
0.677646
0.67649
0.675333
0.674173
0.673013
0.67185
0.670686
0.66952
0.668352
0.667183
0.666012
0.664839
0.663665
0.662489
0.661312
0.660133
0.658952
0.65777
0.656586
0.6554
0.654213
0.653024
0.651834
0.650642
0.649448
0.648253
0.647056
0.645858
0.644657
0.643456
0.642253
0.641048
0.639841
0.638634
0.637424
0.636213
0.635
0.633786
0.63257
0.631353
0.630134
0.628913
0.627691
0.626468
0.625243
0.624016
0.622788
0.621558
0.620327
0.619094
0.61786
0.616624
0.615386
0.614147
0.612907
0.611665
0.610422
0.609177
0.60793
0.606682
0.605433
0.604182
0.60293
0.601676
0.60042
0.599163
0.597905
0.596645
0.595384
0.594121
0.592857
0.591591
0.590324
0.589055
0.587785
0.586514
0.585241
0.583966
0.58269
0.581413
0.580134
0.578854
0.577573
0.57629
0.575005
0.573719
0.572432
0.571143
0.569853
0.568562
0.567269
0.565975
0.564679
0.563382
0.562083
0.560784
0.559482
0.55818
0.556876
0.55557
0.554263
0.552955
0.551646
0.550335
0.549023
0.547709
0.546394
0.545078
0.54376
0.542442
0.541121
0.5398
0.538477
0.537152
0.535827
0.5345
0.533172
0.531842
0.530511
0.529179
0.527846
0.526511
0.525175
0.523837
0.522499
0.521159
0.519817
0.518475
0.517131
0.515786
0.51444
0.513092
0.511743
0.510393
0.509041
0.507689
0.506335
0.50498
0.503623
0.502266
0.500907
0.499546
0.498185
0.496822
0.495459
0.494094
0.492727
0.49136
0.489991
0.488621
0.48725
0.485878
0.484504
0.48313
0.481754
0.480377
0.478998
0.477619
0.476238
0.474856
0.473473
0.472089
0.470704
0.469317
0.46793
0.466541
0.465151
0.46376
0.462368
0.460974
0.45958
0.458184
0.456787
0.45539
0.45399
0.45259
0.451189
0.449787
0.448383
0.446979
0.445573
0.444166
0.442758
0.441349
0.439939
0.438528
0.437116
0.435702
0.434288
0.432873
0.431456
0.430038
0.42862
0.4272
0.425779
0.424357
0.422935
0.421511
0.420086
0.41866
0.417233
0.415805
0.414376
0.412945
0.411514
0.410082
0.408649
0.407215
0.40578
0.404344
0.402906
0.401468
0.400029
0.398589
0.397148
0.395706
0.394263
0.392819
0.391374
0.389928
0.388481
0.387033
0.385584
0.384134
0.382683
0.381232
0.379779
0.378326
0.376871
0.375416
0.373959
0.372502
0.371044
0.369585
0.368125
0.366664
0.365202
0.363739
0.362275
0.360811
0.359345
0.357879
0.356412
0.354944
0.353475
0.352005
0.350534
0.349063
0.34759
0.346117
0.344643
0.343168
0.341692
0.340215
0.338738
0.33726
0.33578
0.3343
0.33282
0.331338
0.329855
0.328372
0.326888
0.325403
0.323917
0.322431
0.320944
0.319456
0.317967
0.316477
0.314987
0.313495
0.312003
0.310511
0.309017
0.307523
0.306028
0.304532
0.303035
0.301538
0.30004
0.298541
0.297042
0.295541
0.29404
0.292539
0.291036
0.289533
0.288029
0.286525
0.285019
0.283513
0.282007
0.280499
0.278991
0.277482
0.275973
0.274463
0.272952
0.27144
0.269928
0.268415
0.266902
0.265388
0.263873
0.262358
0.260842
0.259325
0.257807
0.256289
0.254771
0.253251
0.251732
0.250211
0.24869
0.247168
0.245646
0.244123
0.242599
0.241075
0.23955
0.238025
0.236499
0.234972
0.233445
0.231918
0.230389
0.228861
0.227331
0.225801
0.224271
0.22274
0.221208
0.219676
0.218143
0.21661
0.215076
0.213542
0.212007
0.210472
0.208936
0.2074
0.205863
0.204325
0.202787
0.201249
0.19971
0.198171
0.196631
0.19509
0.193549
0.192008
0.190466
0.188924
0.187381
0.185838
0.184294
0.18275
0.181206
0.179661
0.178115
0.176569
0.175023
0.173476
0.171929
0.170381
0.168833
0.167285
0.165736
0.164187
0.162637
0.161087
0.159537
0.157986
0.156434
0.154883
0.153331
0.151778
0.150226
0.148672
0.147119
0.145565
0.144011
0.142456
0.140901
0.139346
0.13779
0.136234
0.134678
0.133121
0.131564
0.130007
0.128449
0.126891
0.125333
0.123775
0.122216
0.120657
0.119097
0.117537
0.115977
0.114417
0.112856
0.111295
0.109734
0.108173
0.106611
0.105049
0.103487
0.101924
0.100362
0.0987987
0.0972355
0.095672
0.0941083
0.0925444
0.0909802
0.0894158
0.0878512
0.0862864
0.0847213
0.0831561
0.0815906
0.080025
0.0784591
0.076893
0.0753268
0.0737604
0.0721938
0.070627
0.06906
0.0674929
0.0659256
0.0643581
0.0627905
0.0612227
0.0596548
0.0580867
0.0565185
0.0549502
0.0533817
0.0518131
0.0502443
0.0486754
0.0471065
0.0455373
0.0439681
0.0423988
0.0408294
0.0392598
0.0376902
0.0361205
0.0345506
0.0329807
0.0314108
0.0298407
0.0282706
0.0267004
0.0251301
0.0235598
0.0219894
0.0204189
0.0188484
0.0172779
0.0157073
0.0141367
0.012566
0.0109954
0.00942464
0.0078539
0.00628314
0.00471237
0.00314159
0.0015708
0
Final Solution: 
0
0.000220323
0.000440645
0.000660967
0.000881286
0.0011016
0.00132192
0.00154223
0.00176254
0.00198284
0.00220314
0.00242343
0.00264372
0.002864
0.00308427
0.00330454
0.0035248
0.00374505
0.00396529
0.00418552
0.00440574
0.00462594
0.00484614
0.00506633
0.0052865
0.00550666
0.00572681
0.00594694
0.00616706
0.00638716
0.00660724
0.00682732
0.00704737
0.0072674
0.00748742
0.00770742
0.0079274
0.00814736
0.0083673
0.00858722
0.00880712
0.009027
0.00924686
0.00946669
0.0096865
0.00990628
0.010126
0.0103458
0.0105655
0.0107852
0.0110048
0.0112245
0.0114441
0.0116636
0.0118832
0.0121027
0.0123222
0.0125416
0.0127611
0.0129805
0.0131998
0.0134191
0.0136384
0.0138577
0.0140769
0.0142961
0.0145153
0.0147344
0.0149535
0.0151725
0.0153916
0.0156105
0.0158295
0.0160484
0.0162672
0.016486
0.0167048
0.0169235
0.0171422
0.0173609
0.0175795
0.0177981
0.0180166
0.018235
0.0184535
0.0186719
0.0188902
0.0191085
0.0193267
0.0195449
0.0197631
0.0199812
0.0201992
0.0204172
0.0206352
0.0208531
0.0210709
0.0212887
0.0215065
0.0217242
0.0219418
0.0221594
0.0223769
0.0225944
0.0228118
0.0230292
0.0232465
0.0234637
0.0236809
0.023898
0.0241151
0.0243321
0.0245491
0.024766
0.0249828
0.0251996
0.0254163
0.0256329
0.0258495
0.026066
0.0262825
0.0264989
0.0267152
0.0269314
0.0271476
0.0273638
0.0275798
0.0277958
0.0280117
0.0282276
0.0284434
0.0286591
0.0288747
0.0290903
0.0293058
0.0295212
0.0297365
0.0299518
0.030167
0.0303822
0.0305972
0.0308122
0.0310271
0.0312419
0.0314567
0.0316713
0.0318859
0.0321004
0.0323149
0.0325292
0.0327435
0.0329577
0.0331718
0.0333859
0.0335998
0.0338137
0.0340275
0.0342412
0.0344548
0.0346683
0.0348817
0.0350951
0.0353084
0.0355216
0.0357347
0.0359477
0.0361606
0.0363734
0.0365862
0.0367988
0.0370114
0.0372238
0.0374362
0.0376485
0.0378607
0.0380728
0.0382848
0.0384967
0.0387085
0.0389202
0.0391318
0.0393434
0.0395548
0.0397661
0.0399774
0.0401885
0.0403995
0.0406105
0.0408213
0.041032
0.0412427
0.0414532
0.0416636
0.041874
0.0420842
0.0422943
0.0425043
0.0427142
0.042924
0.0431337
0.0433433
0.0435528
0.0437622
0.0439715
0.0441806
0.0443897
0.0445986
0.0448075
0.0450162
0.0452248
0.0454333
0.0456417
0.04585
0.0460581
0.0462662
0.0464741
0.0466819
0.0468896
0.0470972
0.0473047
0.0475121
0.0477193
0.0479264
0.0481334
0.0483403
0.0485471
0.0487537
0.0489602
0.0491666
0.0493729
0.0495791
0.0497851
0.049991
0.0501968
0.0504025
0.050608
0.0508135
0.0510188
0.0512239
0.051429
0.0516339
0.0518387
0.0520433
0.0522479
0.0524523
0.0526565
0.0528607
0.0530647
0.0532686
0.0534723
0.0536759
0.0538794
0.0540828
0.054286
0.0544891
0.054692
0.0548949
0.0550975
0.0553001
0.0555025
0.0557048
0.0559069
0.0561089
0.0563107
0.0565125
0.056714
0.0569155
0.0571168
0.0573179
0.057519
0.0577198
0.0579206
0.0581211
0.0583216
0.0585219
0.0587221
0.0589221
0.0591219
0.0593217
0.0595212
0.0597207
0.0599199
0.0601191
0.0603181
0.0605169
0.0607156
0.0609141
0.0611125
0.0613107
0.0615088
0.0617067
0.0619045
0.0621022
0.0622996
0.0624969
0.0626941
0.0628911
0.063088
0.0632847
0.0634812
0.0636776
0.0638738
0.0640699
0.0642658
0.0644616
0.0646572
0.0648526
0.0650479
0.065243
0.065438
0.0656328
0.0658274
0.0660219
0.0662162
0.0664103
0.0666043
0.0667981
0.0669918
0.0671853
0.0673786
0.0675717
0.0677647
0.0679575
0.0681502
0.0683427
0.068535
0.0687271
0.0689191
0.0691109
0.0693026
0.069494
0.0696853
0.0698764
0.0700674
0.0702582
0.0704488
0.0706392
0.0708295
0.0710195
0.0712094
0.0713992
0.0715887
0.0717781
0.0719673
0.0721563
0.0723452
0.0725338
0.0727223
0.0729106
0.0730987
0.0732867
0.0734745
0.073662
0.0738494
0.0740367
0.0742237
0.0744106
0.0745972
0.0747837
0.07497
0.0751561
0.0753421
0.0755278
0.0757134
0.0758987
0.0760839
0.0762689
0.0764537
0.0766384
0.0768228
0.077007
0.0771911
0.077375
0.0775586
0.0777421
0.0779254
0.0781085
0.0782914
0.0784741
0.0786566
0.0788389
0.0790211
0.079203
0.0793847
0.0795663
0.0797476
0.0799288
0.0801097
0.0802905
0.080471
0.0806514
0.0808315
0.0810115
0.0811913
0.0813708
0.0815502
0.0817293
0.0819083
0.082087
0.0822656
0.0824439
0.0826221
0.0828
0.0829778
0.0831553
0.0833326
0.0835097
0.0836866
0.0838633
0.0840398
0.0842161
0.0843922
0.0845681
0.0847438
0.0849192
0.0850945
0.0852695
0.0854443
0.085619
0.0857934
0.0859676
0.0861416
0.0863153
0.0864889
0.0866622
0.0868354
0.0870083
0.087181
0.0873535
0.0875257
0.0876978
0.0878696
0.0880412
0.0882126
0.0883838
0.0885548
0.0887256
0.0888961
0.0890664
0.0892365
0.0894064
0.089576
0.0897454
0.0899147
0.0900836
0.0902524
0.0904209
0.0905893
0.0907574
0.0909252
0.0910929
0.0912603
0.0914275
0.0915945
0.0917612
0.0919277
0.092094
0.0922601
0.0924259
0.0925915
0.0927569
0.0929221
0.093087
0.0932517
0.0934162
0.0935804
0.0937444
0.0939082
0.0940717
0.094235
0.0943981
0.0945609
0.0947235
0.0948859
0.095048
0.0952099
0.0953716
0.0955331
0.0956943
0.0958552
0.0960159
0.0961764
0.0963367
0.0964967
0.0966565
0.096816
0.0969753
0.0971344
0.0972932
0.0974518
0.0976101
0.0977682
0.0979261
0.0980837
0.0982411
0.0983982
0.0985551
0.0987117
0.0988681
0.0990243
0.0991802
0.0993359
0.0994913
0.0996465
0.0998014
0.0999561
0.100111
0.100265
0.100419
0.100572
0.100726
0.100879
0.101032
0.101185
0.101337
0.101489
0.101641
0.101793
0.101944
0.102096
0.102247
0.102397
0.102548
0.102698
0.102848
0.102998
0.103147
0.103296
0.103445
0.103594
0.103742
0.10389
0.104038
0.104186
0.104333
0.10448
0.104627
0.104774
0.10492
0.105066
0.105212
0.105358
0.105503
0.105648
0.105793
0.105937
0.106082
0.106226
0.106369
0.106513
0.106656
0.106799
0.106942
0.107084
0.107226
0.107368
0.10751
0.107651
0.107792
0.107933
0.108074
0.108214
0.108354
0.108494
0.108633
0.108773
0.108912
0.10905
0.109189
0.109327
0.109465
0.109602
0.10974
0.109877
0.110014
0.11015
0.110286
0.110422
0.110558
0.110694
0.110829
0.110964
0.111098
0.111233
0.111367
0.1115
0.111634
0.111767
0.1119
0.112033
0.112165
0.112298
0.112429
0.112561
0.112692
0.112823
0.112954
0.113085
0.113215
0.113345
0.113474
0.113604
0.113733
0.113862
0.11399
0.114118
0.114246
0.114374
0.114501
0.114628
0.114755
0.114882
0.115008
0.115134
0.11526
0.115385
0.11551
0.115635
0.11576
0.115884
0.116008
0.116132
0.116255
0.116378
0.116501
0.116624
0.116746
0.116868
0.11699
0.117111
0.117232
0.117353
0.117473
0.117594
0.117714
0.117833
0.117953
0.118072
0.11819
0.118309
0.118427
0.118545
0.118663
0.11878
0.118897
0.119014
0.11913
0.119246
0.119362
0.119478
0.119593
0.119708
0.119823
0.119937
0.120051
0.120165
0.120278
0.120392
0.120504
0.120617
0.120729
0.120841
0.120953
0.121065
0.121176
0.121286
0.121397
0.121507
0.121617
0.121727
0.121836
0.121945
0.122054
0.122162
0.12227
0.122378
0.122486
0.122593
0.1227
0.122806
0.122913
0.123019
0.123124
0.12323
0.123335
0.123439
0.123544
0.123648
0.123752
0.123855
0.123959
0.124062
0.124164
0.124267
0.124369
0.12447
0.124572
0.124673
0.124774
0.124874
0.124974
0.125074
0.125174
0.125273
0.125372
0.125471
0.125569
0.125667
0.125765
0.125862
0.125959
0.126056
0.126152
0.126249
0.126344
0.12644
0.126535
0.12663
0.126725
0.126819
0.126913
0.127007
0.1271
0.127193
0.127286
0.127378
0.12747
0.127562
0.127653
0.127744
0.127835
0.127926
0.128016
0.128106
0.128195
0.128285
0.128374
0.128462
0.12855
0.128638
0.128726
0.128813
0.1289
0.128987
0.129074
0.12916
0.129245
0.129331
0.129416
0.129501
0.129585
0.129669
0.129753
0.129837
0.12992
0.130003
0.130085
0.130168
0.130249
0.130331
0.130412
0.130493
0.130574
0.130654
0.130734
0.130814
0.130893
0.130972
0.131051
0.131129
0.131207
0.131285
0.131362
0.131439
0.131516
0.131593
0.131669
0.131744
0.13182
0.131895
0.13197
0.132044
0.132118
0.132192
0.132266
0.132339
0.132412
0.132484
0.132556
0.132628
0.1327
0.132771
0.132842
0.132912
0.132983
0.133053
0.133122
0.133191
0.13326
0.133329
0.133397
0.133465
0.133533
0.1336
0.133667
0.133733
0.1338
0.133866
0.133931
0.133996
0.134061
0.134126
0.13419
0.134254
0.134318
0.134381
0.134444
0.134507
0.134569
0.134631
0.134693
0.134754
0.134815
0.134876
0.134936
0.134996
0.135056
0.135115
0.135174
0.135232
0.135291
0.135349
0.135406
0.135464
0.135521
0.135577
0.135634
0.13569
0.135745
0.1358
0.135855
0.13591
0.135964
0.136018
0.136072
0.136125
0.136178
0.136231
0.136283
0.136335
0.136387
0.136438
0.136489
0.136539
0.13659
0.13664
0.136689
0.136738
0.136787
0.136836
0.136884
0.136932
0.136979
0.137027
0.137074
0.13712
0.137166
0.137212
0.137258
0.137303
0.137348
0.137392
0.137436
0.13748
0.137524
0.137567
0.13761
0.137652
0.137694
0.137736
0.137778
0.137819
0.137859
0.1379
0.13794
0.13798
0.138019
0.138058
0.138097
0.138135
0.138173
0.138211
0.138248
0.138286
0.138322
0.138359
0.138395
0.13843
0.138466
0.138501
0.138535
0.138569
0.138603
0.138637
0.13867
0.138703
0.138736
0.138768
0.1388
0.138831
0.138863
0.138894
0.138924
0.138954
0.138984
0.139014
0.139043
0.139072
0.1391
0.139128
0.139156
0.139183
0.139211
0.139237
0.139264
0.13929
0.139315
0.139341
0.139366
0.139391
0.139415
0.139439
0.139463
0.139486
0.139509
0.139532
0.139554
0.139576
0.139597
0.139619
0.13964
0.13966
0.13968
0.1397
0.13972
0.139739
0.139758
0.139776
0.139794
0.139812
0.13983
0.139847
0.139863
0.13988
0.139896
0.139912
0.139927
0.139942
0.139957
0.139971
0.139985
0.139999
0.140012
0.140025
0.140038
0.14005
0.140062
0.140074
0.140085
0.140096
0.140106
0.140116
0.140126
0.140136
0.140145
0.140154
0.140162
0.14017
0.140178
0.140186
0.140193
0.1402
0.140206
0.140212
0.140218
0.140223
0.140228
0.140233
0.140237
0.140241
0.140245
0.140248
0.140251
0.140254
0.140256
0.140258
0.140259
0.14026
0.140261
0.140262
0.140262
0.140262
0.140261
0.14026
0.140259
0.140258
0.140256
0.140254
0.140251
0.140248
0.140245
0.140241
0.140237
0.140233
0.140228
0.140223
0.140218
0.140212
0.140206
0.1402
0.140193
0.140186
0.140178
0.14017
0.140162
0.140154
0.140145
0.140136
0.140126
0.140116
0.140106
0.140096
0.140085
0.140074
0.140062
0.14005
0.140038
0.140025
0.140012
0.139999
0.139985
0.139971
0.139957
0.139942
0.139927
0.139912
0.139896
0.13988
0.139863
0.139847
0.13983
0.139812
0.139794
0.139776
0.139758
0.139739
0.13972
0.1397
0.13968
0.13966
0.13964
0.139619
0.139597
0.139576
0.139554
0.139532
0.139509
0.139486
0.139463
0.139439
0.139415
0.139391
0.139366
0.139341
0.139315
0.13929
0.139264
0.139237
0.139211
0.139183
0.139156
0.139128
0.1391
0.139072
0.139043
0.139014
0.138984
0.138954
0.138924
0.138894
0.138863
0.138831
0.1388
0.138768
0.138736
0.138703
0.13867
0.138637
0.138603
0.138569
0.138535
0.138501
0.138466
0.13843
0.138395
0.138359
0.138322
0.138286
0.138248
0.138211
0.138173
0.138135
0.138097
0.138058
0.138019
0.13798
0.13794
0.1379
0.137859
0.137819
0.137778
0.137736
0.137694
0.137652
0.13761
0.137567
0.137524
0.13748
0.137436
0.137392
0.137348
0.137303
0.137258
0.137212
0.137166
0.13712
0.137074
0.137027
0.136979
0.136932
0.136884
0.136836
0.136787
0.136738
0.136689
0.13664
0.13659
0.136539
0.136489
0.136438
0.136387
0.136335
0.136283
0.136231
0.136178
0.136125
0.136072
0.136018
0.135964
0.13591
0.135855
0.1358
0.135745
0.13569
0.135634
0.135577
0.135521
0.135464
0.135406
0.135349
0.135291
0.135232
0.135174
0.135115
0.135056
0.134996
0.134936
0.134876
0.134815
0.134754
0.134693
0.134631
0.134569
0.134507
0.134444
0.134381
0.134318
0.134254
0.13419
0.134126
0.134061
0.133996
0.133931
0.133866
0.1338
0.133733
0.133667
0.1336
0.133533
0.133465
0.133397
0.133329
0.13326
0.133191
0.133122
0.133053
0.132983
0.132912
0.132842
0.132771
0.1327
0.132628
0.132556
0.132484
0.132412
0.132339
0.132266
0.132192
0.132118
0.132044
0.13197
0.131895
0.13182
0.131744
0.131669
0.131593
0.131516
0.131439
0.131362
0.131285
0.131207
0.131129
0.131051
0.130972
0.130893
0.130814
0.130734
0.130654
0.130574
0.130493
0.130412
0.130331
0.130249
0.130168
0.130085
0.130003
0.12992
0.129837
0.129753
0.129669
0.129585
0.129501
0.129416
0.129331
0.129245
0.12916
0.129074
0.128987
0.1289
0.128813
0.128726
0.128638
0.12855
0.128462
0.128374
0.128285
0.128195
0.128106
0.128016
0.127926
0.127835
0.127744
0.127653
0.127562
0.12747
0.127378
0.127286
0.127193
0.1271
0.127007
0.126913
0.126819
0.126725
0.12663
0.126535
0.12644
0.126344
0.126249
0.126152
0.126056
0.125959
0.125862
0.125765
0.125667
0.125569
0.125471
0.125372
0.125273
0.125174
0.125074
0.124974
0.124874
0.124774
0.124673
0.124572
0.12447
0.124369
0.124267
0.124164
0.124062
0.123959
0.123855
0.123752
0.123648
0.123544
0.123439
0.123335
0.12323
0.123124
0.123019
0.122913
0.122806
0.1227
0.122593
0.122486
0.122378
0.12227
0.122162
0.122054
0.121945
0.121836
0.121727
0.121617
0.121507
0.121397
0.121286
0.121176
0.121065
0.120953
0.120841
0.120729
0.120617
0.120504
0.120392
0.120278
0.120165
0.120051
0.119937
0.119823
0.119708
0.119593
0.119478
0.119362
0.119246
0.11913
0.119014
0.118897
0.11878
0.118663
0.118545
0.118427
0.118309
0.11819
0.118072
0.117953
0.117833
0.117714
0.117594
0.117473
0.117353
0.117232
0.117111
0.11699
0.116868
0.116746
0.116624
0.116501
0.116378
0.116255
0.116132
0.116008
0.115884
0.11576
0.115635
0.11551
0.115385
0.11526
0.115134
0.115008
0.114882
0.114755
0.114628
0.114501
0.114374
0.114246
0.114118
0.11399
0.113862
0.113733
0.113604
0.113474
0.113345
0.113215
0.113085
0.112954
0.112823
0.112692
0.112561
0.112429
0.112298
0.112165
0.112033
0.1119
0.111767
0.111634
0.1115
0.111367
0.111233
0.111098
0.110964
0.110829
0.110694
0.110558
0.110422
0.110286
0.11015
0.110014
0.109877
0.10974
0.109602
0.109465
0.109327
0.109189
0.10905
0.108912
0.108773
0.108633
0.108494
0.108354
0.108214
0.108074
0.107933
0.107792
0.107651
0.10751
0.107368
0.107226
0.107084
0.106942
0.106799
0.106656
0.106513
0.106369
0.106226
0.106082
0.105937
0.105793
0.105648
0.105503
0.105358
0.105212
0.105066
0.10492
0.104774
0.104627
0.10448
0.104333
0.104186
0.104038
0.10389
0.103742
0.103594
0.103445
0.103296
0.103147
0.102998
0.102848
0.102698
0.102548
0.102397
0.102247
0.102096
0.101944
0.101793
0.101641
0.101489
0.101337
0.101185
0.101032
0.100879
0.100726
0.100572
0.100419
0.100265
0.100111
0.0999561
0.0998014
0.0996465
0.0994913
0.0993359
0.0991802
0.0990243
0.0988681
0.0987117
0.0985551
0.0983982
0.0982411
0.0980837
0.0979261
0.0977682
0.0976101
0.0974518
0.0972932
0.0971344
0.0969753
0.096816
0.0966565
0.0964967
0.0963367
0.0961764
0.0960159
0.0958552
0.0956943
0.0955331
0.0953716
0.0952099
0.095048
0.0948859
0.0947235
0.0945609
0.0943981
0.094235
0.0940717
0.0939082
0.0937444
0.0935804
0.0934162
0.0932517
0.093087
0.0929221
0.0927569
0.0925915
0.0924259
0.0922601
0.092094
0.0919277
0.0917612
0.0915945
0.0914275
0.0912603
0.0910929
0.0909252
0.0907574
0.0905893
0.0904209
0.0902524
0.0900836
0.0899147
0.0897454
0.089576
0.0894064
0.0892365
0.0890664
0.0888961
0.0887256
0.0885548
0.0883838
0.0882126
0.0880412
0.0878696
0.0876978
0.0875257
0.0873535
0.087181
0.0870083
0.0868354
0.0866622
0.0864889
0.0863153
0.0861416
0.0859676
0.0857934
0.085619
0.0854443
0.0852695
0.0850945
0.0849192
0.0847438
0.0845681
0.0843922
0.0842161
0.0840398
0.0838633
0.0836866
0.0835097
0.0833326
0.0831553
0.0829778
0.0828
0.0826221
0.0824439
0.0822656
0.082087
0.0819083
0.0817293
0.0815502
0.0813708
0.0811913
0.0810115
0.0808315
0.0806514
0.080471
0.0802905
0.0801097
0.0799288
0.0797476
0.0795663
0.0793847
0.079203
0.0790211
0.0788389
0.0786566
0.0784741
0.0782914
0.0781085
0.0779254
0.0777421
0.0775586
0.077375
0.0771911
0.077007
0.0768228
0.0766384
0.0764537
0.0762689
0.0760839
0.0758987
0.0757134
0.0755278
0.0753421
0.0751561
0.07497
0.0747837
0.0745972
0.0744106
0.0742237
0.0740367
0.0738494
0.073662
0.0734745
0.0732867
0.0730987
0.0729106
0.0727223
0.0725338
0.0723452
0.0721563
0.0719673
0.0717781
0.0715887
0.0713992
0.0712094
0.0710195
0.0708295
0.0706392
0.0704488
0.0702582
0.0700674
0.0698764
0.0696853
0.069494
0.0693026
0.0691109
0.0689191
0.0687271
0.068535
0.0683427
0.0681502
0.0679575
0.0677647
0.0675717
0.0673786
0.0671853
0.0669918
0.0667981
0.0666043
0.0664103
0.0662162
0.0660219
0.0658274
0.0656328
0.065438
0.065243
0.0650479
0.0648526
0.0646572
0.0644616
0.0642658
0.0640699
0.0638738
0.0636776
0.0634812
0.0632847
0.063088
0.0628911
0.0626941
0.0624969
0.0622996
0.0621022
0.0619045
0.0617067
0.0615088
0.0613107
0.0611125
0.0609141
0.0607156
0.0605169
0.0603181
0.0601191
0.0599199
0.0597207
0.0595212
0.0593217
0.0591219
0.0589221
0.0587221
0.0585219
0.0583216
0.0581211
0.0579206
0.0577198
0.057519
0.0573179
0.0571168
0.0569155
0.056714
0.0565125
0.0563107
0.0561089
0.0559069
0.0557048
0.0555025
0.0553001
0.0550975
0.0548949
0.054692
0.0544891
0.054286
0.0540828
0.0538794
0.0536759
0.0534723
0.0532686
0.0530647
0.0528607
0.0526565
0.0524523
0.0522479
0.0520433
0.0518387
0.0516339
0.051429
0.0512239
0.0510188
0.0508135
0.050608
0.0504025
0.0501968
0.049991
0.0497851
0.0495791
0.0493729
0.0491666
0.0489602
0.0487537
0.0485471
0.0483403
0.0481334
0.0479264
0.0477193
0.0475121
0.0473047
0.0470972
0.0468896
0.0466819
0.0464741
0.0462662
0.0460581
0.04585
0.0456417
0.0454333
0.0452248
0.0450162
0.0448075
0.0445986
0.0443897
0.0441806
0.0439715
0.0437622
0.0435528
0.0433433
0.0431337
0.042924
0.0427142
0.0425043
0.0422943
0.0420842
0.041874
0.0416636
0.0414532
0.0412427
0.041032
0.0408213
0.0406105
0.0403995
0.0401885
0.0399774
0.0397661
0.0395548
0.0393434
0.0391318
0.0389202
0.0387085
0.0384967
0.0382848
0.0380728
0.0378607
0.0376485
0.0374362
0.0372238
0.0370114
0.0367988
0.0365862
0.0363734
0.0361606
0.0359477
0.0357347
0.0355216
0.0353084
0.0350951
0.0348817
0.0346683
0.0344548
0.0342412
0.0340275
0.0338137
0.0335998
0.0333859
0.0331718
0.0329577
0.0327435
0.0325292
0.0323149
0.0321004
0.0318859
0.0316713
0.0314567
0.0312419
0.0310271
0.0308122
0.0305972
0.0303822
0.030167
0.0299518
0.0297365
0.0295212
0.0293058
0.0290903
0.0288747
0.0286591
0.0284434
0.0282276
0.0280117
0.0277958
0.0275798
0.0273638
0.0271476
0.0269314
0.0267152
0.0264989
0.0262825
0.026066
0.0258495
0.0256329
0.0254163
0.0251996
0.0249828
0.024766
0.0245491
0.0243321
0.0241151
0.023898
0.0236809
0.0234637
0.0232465
0.0230292
0.0228118
0.0225944
0.0223769
0.0221594
0.0219418
0.0217242
0.0215065
0.0212887
0.0210709
0.0208531
0.0206352
0.0204172
0.0201992
0.0199812
0.0197631
0.0195449
0.0193267
0.0191085
0.0188902
0.0186719
0.0184535
0.018235
0.0180166
0.0177981
0.0175795
0.0173609
0.0171422
0.0169235
0.0167048
0.016486
0.0162672
0.0160484
0.0158295
0.0156105
0.0153916
0.0151725
0.0149535
0.0147344
0.0145153
0.0142961
0.0140769
0.0138577
0.0136384
0.0134191
0.0131998
0.0129805
0.0127611
0.0125416
0.0123222
0.0121027
0.0118832
0.0116636
0.0114441
0.0112245
0.0110048
0.0107852
0.0105655
0.0103458
0.010126
0.00990628
0.0096865
0.00946669
0.00924686
0.009027
0.00880712
0.00858722
0.0083673
0.00814736
0.0079274
0.00770742
0.00748742
0.0072674
0.00704737
0.00682732
0.00660724
0.00638716
0.00616706
0.00594694
0.00572681
0.00550666
0.0052865
0.00506633
0.00484614
0.00462594
0.00440574
0.00418552
0.00396529
0.00374505
0.0035248
0.00330454
0.00308427
0.002864
0.00264372
0.00242343
0.00220314
0.00198284
0.00176254
0.00154223
0.00132192
0.0011016
0.000881286
0.000660967
0.000440645
0.000220323
0
 23.595794s wall, 23.580000s user + 0.010000s system = 23.590000s CPU (100.0%)
W0: -15999
W1: -15999
W2: -15998.9
W3: -15998.8
W4: -15998.8
W5: -15998.6
W6: -15998.5
W7: -15998.4
W8: -15998.2
W9: -15998
W10: -15997.8
W11: -15997.6
W12: -15997.3
W13: -15997.1
W14: -15996.8
W15: -15996.5
W16: -15996.2
W17: -15995.8
W18: -15995.4
W19: -15995.1
W20: -15994.7
W21: -15994.2
W22: -15993.8
W23: -15993.3
W24: -15992.8
W25: -15992.3
W26: -15991.8
W27: -15991.3
W28: -15990.7
W29: -15990.1
W30: -15989.5
W31: -15988.9
W32: -15988.3
W33: -15987.6
W34: -15986.9
W35: -15986.2
W36: -15985.5
W37: -15984.8
W38: -15984
W39: -15983.2
W40: -15982.4
W41: -15981.6
W42: -15980.8
W43: -15979.9
W44: -15979.1
W45: -15978.2
W46: -15977.3
W47: -15976.3
W48: -15975.4
W49: -15974.4
W50: -15973.4
W51: -15972.4
W52: -15971.3
W53: -15970.3
W54: -15969.2
W55: -15968.1
W56: -15967
W57: -15965.9
W58: -15964.7
W59: -15963.6
W60: -15962.4
W61: -15961.2
W62: -15959.9
W63: -15958.7
W64: -15957.4
W65: -15956.1
W66: -15954.8
W67: -15953.5
W68: -15952.2
W69: -15950.8
W70: -15949.4
W71: -15948
W72: -15946.6
W73: -15945.1
W74: -15943.7
W75: -15942.2
W76: -15940.7
W77: -15939.1
W78: -15937.6
W79: -15936
W80: -15934.5
W81: -15932.9
W82: -15931.2
W83: -15929.6
W84: -15927.9
W85: -15926.3
W86: -15924.6
W87: -15922.8
W88: -15921.1
W89: -15919.3
W90: -15917.6
W91: -15915.8
W92: -15914
W93: -15912.1
W94: -15910.3
W95: -15908.4
W96: -15906.5
W97: -15904.6
W98: -15902.7
W99: -15900.7
W100: -15898.7
W101: -15896.7
W102: -15894.7
W103: -15892.7
W104: -15890.7
W105: -15888.6
W106: -15886.5
W107: -15884.4
W108: -15882.3
W109: -15880.1
W110: -15877.9
W111: -15875.8
W112: -15873.6
W113: -15871.3
W114: -15869.1
W115: -15866.8
W116: -15864.5
W117: -15862.2
W118: -15859.9
W119: -15857.6
W120: -15855.2
W121: -15852.8
W122: -15850.4
W123: -15848
W124: -15845.6
W125: -15843.1
W126: -15840.7
W127: -15838.2
W128: -15835.6
W129: -15833.1
W130: -15830.6
W131: -15828
W132: -15825.4
W133: -15822.8
W134: -15820.2
W135: -15817.5
W136: -15814.8
W137: -15812.2
W138: -15809.4
W139: -15806.7
W140: -15804
W141: -15801.2
W142: -15798.4
W143: -15795.6
W144: -15792.8
W145: -15790
W146: -15787.1
W147: -15784.2
W148: -15781.3
W149: -15778.4
W150: -15775.5
W151: -15772.5
W152: -15769.5
W153: -15766.5
W154: -15763.5
W155: -15760.5
W156: -15757.4
W157: -15754.4
W158: -15751.3
W159: -15748.2
W160: -15745
W161: -15741.9
W162: -15738.7
W163: -15735.5
W164: -15732.3
W165: -15729.1
W166: -15725.9
W167: -15722.6
W168: -15719.3
W169: -15716
W170: -15712.7
W171: -15709.4
W172: -15706
W173: -15702.6
W174: -15699.2
W175: -15695.8
W176: -15692.4
W177: -15688.9
W178: -15685.5
W179: -15682
W180: -15678.5
W181: -15674.9
W182: -15671.4
W183: -15667.8
W184: -15664.2
W185: -15660.6
W186: -15657
W187: -15653.4
W188: -15649.7
W189: -15646
W190: -15642.3
W191: -15638.6
W192: -15634.9
W193: -15631.1
W194: -15627.4
W195: -15623.6
W196: -15619.8
W197: -15615.9
W198: -15612.1
W199: -15608.2
W200: -15604.3
W201: -15600.4
W202: -15596.5
W203: -15592.6
W204: -15588.6
W205: -15584.6
W206: -15580.6
W207: -15576.6
W208: -15572.6
W209: -15568.5
W210: -15564.5
W211: -15560.4
W212: -15556.3
W213: -15552.1
W214: -15548
W215: -15543.8
W216: -15539.6
W217: -15535.4
W218: -15531.2
W219: -15527
W220: -15522.7
W221: -15518.4
W222: -15514.2
W223: -15509.8
W224: -15505.5
W225: -15501.2
W226: -15496.8
W227: -15492.4
W228: -15488
W229: -15483.6
W230: -15479.1
W231: -15474.7
W232: -15470.2
W233: -15465.7
W234: -15461.2
W235: -15456.6
W236: -15452.1
W237: -15447.5
W238: -15442.9
W239: -15438.3
W240: -15433.7
W241: -15429
W242: -15424.4
W243: -15419.7
W244: -15415
W245: -15410.3
W246: -15405.6
W247: -15400.8
W248: -15396
W249: -15391.2
W250: -15386.4
W251: -15381.6
W252: -15376.8
W253: -15371.9
W254: -15367
W255: -15362.1
W256: -15357.2
W257: -15352.3
W258: -15347.3
W259: -15342.3
W260: -15337.3
W261: -15332.3
W262: -15327.3
W263: -15322.3
W264: -15317.2
W265: -15312.1
W266: -15307
W267: -15301.9
W268: -15296.8
W269: -15291.6
W270: -15286.5
W271: -15281.3
W272: -15276.1
W273: -15270.8
W274: -15265.6
W275: -15260.3
W276: -15255.1
W277: -15249.8
W278: -15244.4
W279: -15239.1
W280: -15233.8
W281: -15228.4
W282: -15223
W283: -15217.6
W284: -15212.2
W285: -15206.8
W286: -15201.3
W287: -15195.8
W288: -15190.3
W289: -15184.8
W290: -15179.3
W291: -15173.8
W292: -15168.2
W293: -15162.6
W294: -15157
W295: -15151.4
W296: -15145.8
W297: -15140.1
W298: -15134.4
W299: -15128.8
W300: -15123.1
W301: -15117.3
W302: -15111.6
W303: -15105.8
W304: -15100.1
W305: -15094.3
W306: -15088.5
W307: -15082.6
W308: -15076.8
W309: -15070.9
W310: -15065.1
W311: -15059.2
W312: -15053.3
W313: -15047.3
W314: -15041.4
W315: -15035.4
W316: -15029.4
W317: -15023.4
W318: -15017.4
W319: -15011.4
W320: -15005.3
W321: -14999.3
W322: -14993.2
W323: -14987.1
W324: -14981
W325: -14974.8
W326: -14968.7
W327: -14962.5
W328: -14956.3
W329: -14950.1
W330: -14943.9
W331: -14937.6
W332: -14931.4
W333: -14925.1
W334: -14918.8
W335: -14912.5
W336: -14906.2
W337: -14899.8
W338: -14893.5
W339: -14887.1
W340: -14880.7
W341: -14874.3
W342: -14867.9
W343: -14861.4
W344: -14855
W345: -14848.5
W346: -14842
W347: -14835.5
W348: -14829
W349: -14822.4
W350: -14815.9
W351: -14809.3
W352: -14802.7
W353: -14796.1
W354: -14789.4
W355: -14782.8
W356: -14776.1
W357: -14769.5
W358: -14762.8
W359: -14756
W360: -14749.3
W361: -14742.6
W362: -14735.8
W363: -14729
W364: -14722.2
W365: -14715.4
W366: -14708.6
W367: -14701.7
W368: -14694.9
W369: -14688
W370: -14681.1
W371: -14674.2
W372: -14667.3
W373: -14660.3
W374: -14653.4
W375: -14646.4
W376: -14639.4
W377: -14632.4
W378: -14625.4
W379: -14618.3
W380: -14611.3
W381: -14604.2
W382: -14597.1
W383: -14590
W384: -14582.9
W385: -14575.7
W386: -14568.6
W387: -14561.4
W388: -14554.2
W389: -14547
W390: -14539.8
W391: -14532.6
W392: -14525.3
W393: -14518
W394: -14510.7
W395: -14503.4
W396: -14496.1
W397: -14488.8
W398: -14481.5
W399: -14474.1
W400: -14466.7
W401: -14459.3
W402: -14451.9
W403: -14444.5
W404: -14437
W405: -14429.6
W406: -14422.1
W407: -14414.6
W408: -14407.1
W409: -14399.6
W410: -14392
W411: -14384.5
W412: -14376.9
W413: -14369.3
W414: -14361.7
W415: -14354.1
W416: -14346.5
W417: -14338.8
W418: -14331.2
W419: -14323.5
W420: -14315.8
W421: -14308.1
W422: -14300.3
W423: -14292.6
W424: -14284.8
W425: -14277.1
W426: -14269.3
W427: -14261.5
W428: -14253.7
W429: -14245.8
W430: -14238
W431: -14230.1
W432: -14222.2
W433: -14214.3
W434: -14206.4
W435: -14198.5
W436: -14190.5
W437: -14182.6
W438: -14174.6
W439: -14166.6
W440: -14158.6
W441: -14150.6
W442: -14142.6
W443: -14134.5
W444: -14126.5
W445: -14118.4
W446: -14110.3
W447: -14102.2
W448: -14094.1
W449: -14085.9
W450: -14077.8
W451: -14069.6
W452: -14061.4
W453: -14053.2
W454: -14045
W455: -14036.8
W456: -14028.5
W457: -14020.3
W458: -14012
W459: -14003.7
W460: -13995.4
W461: -13987.1
W462: -13978.8
W463: -13970.4
W464: -13962
W465: -13953.7
W466: -13945.3
W467: -13936.9
W468: -13928.5
W469: -13920
W470: -13911.6
W471: -13903.1
W472: -13894.6
W473: -13886.1
W474: -13877.6
W475: -13869.1
W476: -13860.6
W477: -13852
W478: -13843.5
W479: -13834.9
W480: -13826.3
W481: -13817.7
W482: -13809
W483: -13800.4
W484: -13791.8
W485: -13783.1
W486: -13774.4
W487: -13765.7
W488: -13757
W489: -13748.3
W490: -13739.6
W491: -13730.8
W492: -13722
W493: -13713.3
W494: -13704.5
W495: -13695.7
W496: -13686.8
W497: -13678
W498: -13669.2
W499: -13660.3
W500: -13651.4
W501: -13642.5
W502: -13633.6
W503: -13624.7
W504: -13615.8
W505: -13606.8
W506: -13597.9
W507: -13588.9
W508: -13579.9
W509: -13570.9
W510: -13561.9
W511: -13552.9
W512: -13543.8
W513: -13534.8
W514: -13525.7
W515: -13516.6
W516: -13507.5
W517: -13498.4
W518: -13489.3
W519: -13480.1
W520: -13471
W521: -13461.8
W522: -13452.6
W523: -13443.4
W524: -13434.2
W525: -13425
W526: -13415.8
W527: -13406.5
W528: -13397.3
W529: -13388
W530: -13378.7
W531: -13369.4
W532: -13360.1
W533: -13350.8
W534: -13341.5
W535: -13332.1
W536: -13322.7
W537: -13313.4
W538: -13304
W539: -13294.6
W540: -13285.2
W541: -13275.7
W542: -13266.3
W543: -13256.8
W544: -13247.4
W545: -13237.9
W546: -13228.4
W547: -13218.9
W548: -13209.4
W549: -13199.8
W550: -13190.3
W551: -13180.7
W552: -13171.2
W553: -13161.6
W554: -13152
W555: -13142.4
W556: -13132.7
W557: -13123.1
W558: -13113.5
W559: -13103.8
W560: -13094.1
W561: -13084.4
W562: -13074.8
W563: -13065
W564: -13055.3
W565: -13045.6
W566: -13035.8
W567: -13026.1
W568: -13016.3
W569: -13006.5
W570: -12996.7
W571: -12986.9
W572: -12977.1
W573: -12967.3
W574: -12957.4
W575: -12947.6
W576: -12937.7
W577: -12927.8
W578: -12917.9
W579: -12908
W580: -12898.1
W581: -12888.2
W582: -12878.2
W583: -12868.3
W584: -12858.3
W585: -12848.3
W586: -12838.3
W587: -12828.3
W588: -12818.3
W589: -12808.3
W590: -12798.2
W591: -12788.2
W592: -12778.1
W593: -12768.1
W594: -12758
W595: -12747.9
W596: -12737.8
W597: -12727.6
W598: -12717.5
W599: -12707.4
W600: -12697.2
W601: -12687.1
W602: -12676.9
W603: -12666.7
W604: -12656.5
W605: -12646.3
W606: -12636
W607: -12625.8
W608: -12615.6
W609: -12605.3
W610: -12595
W611: -12584.8
W612: -12574.5
W613: -12564.2
W614: -12553.8
W615: -12543.5
W616: -12533.2
W617: -12522.8
W618: -12512.5
W619: -12502.1
W620: -12491.7
W621: -12481.3
W622: -12470.9
W623: -12460.5
W624: -12450.1
W625: -12439.6
W626: -12429.2
W627: -12418.7
W628: -12408.3
W629: -12397.8
W630: -12387.3
W631: -12376.8
W632: -12366.3
W633: -12355.8
W634: -12345.2
W635: -12334.7
W636: -12324.1
W637: -12313.6
W638: -12303
W639: -12292.4
W640: -12281.8
W641: -12271.2
W642: -12260.6
W643: -12249.9
W644: -12239.3
W645: -12228.6
W646: -12218
W647: -12207.3
W648: -12196.6
W649: -12185.9
W650: -12175.2
W651: -12164.5
W652: -12153.8
W653: -12143.1
W654: -12132.3
W655: -12121.6
W656: -12110.8
W657: -12100
W658: -12089.3
W659: -12078.5
W660: -12067.7
W661: -12056.8
W662: -12046
W663: -12035.2
W664: -12024.3
W665: -12013.5
W666: -12002.6
W667: -11991.7
W668: -11980.9
W669: -11970
W670: -11959.1
W671: -11948.2
W672: -11937.2
W673: -11926.3
W674: -11915.4
W675: -11904.4
W676: -11893.4
W677: -11882.5
W678: -11871.5
W679: -11860.5
W680: -11849.5
W681: -11838.5
W682: -11827.5
W683: -11816.5
W684: -11805.4
W685: -11794.4
W686: -11783.3
W687: -11772.2
W688: -11761.2
W689: -11750.1
W690: -11739
W691: -11727.9
W692: -11716.8
W693: -11705.7
W694: -11694.5
W695: -11683.4
W696: -11672.2
W697: -11661.1
W698: -11649.9
W699: -11638.8
W700: -11627.6
W701: -11616.4
W702: -11605.2
W703: -11594
W704: -11582.7
W705: -11571.5
W706: -11560.3
W707: -11549
W708: -11537.8
W709: -11526.5
W710: -11515.2
W711: -11504
W712: -11492.7
W713: -11481.4
W714: -11470.1
W715: -11458.8
W716: -11447.4
W717: -11436.1
W718: -11424.8
W719: -11413.4
W720: -11402.1
W721: -11390.7
W722: -11379.3
W723: -11367.9
W724: -11356.5
W725: -11345.1
W726: -11333.7
W727: -11322.3
W728: -11310.9
W729: -11299.5
W730: -11288
W731: -11276.6
W732: -11265.1
W733: -11253.7
W734: -11242.2
W735: -11230.7
W736: -11219.2
W737: -11207.7
W738: -11196.2
W739: -11184.7
W740: -11173.2
W741: -11161.7
W742: -11150.1
W743: -11138.6
W744: -11127
W745: -11115.5
W746: -11103.9
W747: -11092.3
W748: -11080.8
W749: -11069.2
W750: -11057.6
W751: -11046
W752: -11034.4
W753: -11022.7
W754: -11011.1
W755: -10999.5
W756: -10987.8
W757: -10976.2
W758: -10964.5
W759: -10952.9
W760: -10941.2
W761: -10929.5
W762: -10917.8
W763: -10906.1
W764: -10894.4
W765: -10882.7
W766: -10871
W767: -10859.3
W768: -10847.6
W769: -10835.8
W770: -10824.1
W771: -10812.3
W772: -10800.6
W773: -10788.8
W774: -10777.1
W775: -10765.3
W776: -10753.5
W777: -10741.7
W778: -10729.9
W779: -10718.1
W780: -10706.3
W781: -10694.5
W782: -10682.7
W783: -10670.8
W784: -10659
W785: -10647.2
W786: -10635.3
W787: -10623.5
W788: -10611.6
W789: -10599.7
W790: -10587.8
W791: -10576
W792: -10564.1
W793: -10552.2
W794: -10540.3
W795: -10528.4
W796: -10516.5
W797: -10504.5
W798: -10492.6
W799: -10480.7
W800: -10468.7
W801: -10456.8
W802: -10444.9
W803: -10432.9
W804: -10420.9
W805: -10409
W806: -10397
W807: -10385
W808: -10373
W809: -10361
W810: -10349
W811: -10337
W812: -10325
W813: -10313
W814: -10301
W815: -10289
W816: -10276.9
W817: -10264.9
W818: -10252.9
W819: -10240.8
W820: -10228.8
W821: -10216.7
W822: -10204.6
W823: -10192.6
W824: -10180.5
W825: -10168.4
W826: -10156.3
W827: -10144.2
W828: -10132.1
W829: -10120
W830: -10107.9
W831: -10095.8
W832: -10083.7
W833: -10071.6
W834: -10059.4
W835: -10047.3
W836: -10035.2
W837: -10023
W838: -10010.9
W839: -9998.73
W840: -9986.57
W841: -9974.41
W842: -9962.24
W843: -9950.07
W844: -9937.89
W845: -9925.71
W846: -9913.53
W847: -9901.33
W848: -9889.14
W849: -9876.94
W850: -9864.73
W851: -9852.52
W852: -9840.31
W853: -9828.09
W854: -9815.86
W855: -9803.64
W856: -9791.4
W857: -9779.17
W858: -9766.93
W859: -9754.68
W860: -9742.43
W861: -9730.18
W862: -9717.92
W863: -9705.66
W864: -9693.39
W865: -9681.12
W866: -9668.84
W867: -9656.56
W868: -9644.28
W869: -9631.99
W870: -9619.7
W871: -9607.4
W872: -9595.11
W873: -9582.8
W874: -9570.49
W875: -9558.18
W876: -9545.87
W877: -9533.55
W878: -9521.23
W879: -9508.9
W880: -9496.57
W881: -9484.24
W882: -9471.9
W883: -9459.56
W884: -9447.21
W885: -9434.87
W886: -9422.51
W887: -9410.16
W888: -9397.8
W889: -9385.44
W890: -9373.07
W891: -9360.7
W892: -9348.33
W893: -9335.96
W894: -9323.58
W895: -9311.19
W896: -9298.81
W897: -9286.42
W898: -9274.03
W899: -9261.63
W900: -9249.24
W901: -9236.83
W902: -9224.43
W903: -9212.02
W904: -9199.61
W905: -9187.2
W906: -9174.78
W907: -9162.37
W908: -9149.94
W909: -9137.52
W910: -9125.09
W911: -9112.66
W912: -9100.23
W913: -9087.79
W914: -9075.35
W915: -9062.91
W916: -9050.47
W917: -9038.02
W918: -9025.57
W919: -9013.12
W920: -9000.67
W921: -8988.21
W922: -8975.75
W923: -8963.29
W924: -8950.83
W925: -8938.36
W926: -8925.9
W927: -8913.43
W928: -8900.95
W929: -8888.48
W930: -8876
W931: -8863.52
W932: -8851.04
W933: -8838.56
W934: -8826.07
W935: -8813.58
W936: -8801.09
W937: -8788.6
W938: -8776.11
W939: -8763.61
W940: -8751.12
W941: -8738.62
W942: -8726.12
W943: -8713.61
W944: -8701.11
W945: -8688.6
W946: -8676.1
W947: -8663.59
W948: -8651.07
W949: -8638.56
W950: -8626.05
W951: -8613.53
W952: -8601.01
W953: -8588.49
W954: -8575.97
W955: -8563.45
W956: -8550.93
W957: -8538.4
W958: -8525.88
W959: -8513.35
W960: -8500.82
W961: -8488.29
W962: -8475.76
W963: -8463.23
W964: -8450.7
W965: -8438.16
W966: -8425.63
W967: -8413.09
W968: -8400.55
W969: -8388.01
W970: -8375.48
W971: -8362.94
W972: -8350.39
W973: -8337.85
W974: -8325.31
W975: -8312.76
W976: -8300.22
W977: -8287.68
W978: -8275.13
W979: -8262.58
W980: -8250.04
W981: -8237.49
W982: -8224.94
W983: -8212.39
W984: -8199.84
W985: -8187.29
W986: -8174.74
W987: -8162.19
W988: -8149.64
W989: -8137.09
W990: -8124.53
W991: -8111.98
W992: -8099.43
W993: -8086.87
W994: -8074.32
W995: -8061.77
W996: -8049.21
W997: -8036.66
W998: -8024.11
W999: -8011.55
W1000: -7999
W1001: -7986.45
W1002: -7973.89
W1003: -7961.34
W1004: -7948.79
W1005: -7936.23
W1006: -7923.68
W1007: -7911.13
W1008: -7898.57
W1009: -7886.02
W1010: -7873.47
W1011: -7860.91
W1012: -7848.36
W1013: -7835.81
W1014: -7823.26
W1015: -7810.71
W1016: -7798.16
W1017: -7785.61
W1018: -7773.06
W1019: -7760.51
W1020: -7747.96
W1021: -7735.42
W1022: -7722.87
W1023: -7710.32
W1024: -7697.78
W1025: -7685.24
W1026: -7672.69
W1027: -7660.15
W1028: -7647.61
W1029: -7635.06
W1030: -7622.52
W1031: -7609.99
W1032: -7597.45
W1033: -7584.91
W1034: -7572.37
W1035: -7559.84
W1036: -7547.3
W1037: -7534.77
W1038: -7522.24
W1039: -7509.71
W1040: -7497.18
W1041: -7484.65
W1042: -7472.12
W1043: -7459.6
W1044: -7447.07
W1045: -7434.55
W1046: -7422.03
W1047: -7409.51
W1048: -7396.99
W1049: -7384.47
W1050: -7371.95
W1051: -7359.44
W1052: -7346.93
W1053: -7334.41
W1054: -7321.9
W1055: -7309.4
W1056: -7296.89
W1057: -7284.39
W1058: -7271.88
W1059: -7259.38
W1060: -7246.88
W1061: -7234.39
W1062: -7221.89
W1063: -7209.4
W1064: -7196.91
W1065: -7184.42
W1066: -7171.93
W1067: -7159.44
W1068: -7146.96
W1069: -7134.48
W1070: -7122
W1071: -7109.52
W1072: -7097.05
W1073: -7084.57
W1074: -7072.1
W1075: -7059.64
W1076: -7047.17
W1077: -7034.71
W1078: -7022.25
W1079: -7009.79
W1080: -6997.33
W1081: -6984.88
W1082: -6972.43
W1083: -6959.98
W1084: -6947.53
W1085: -6935.09
W1086: -6922.65
W1087: -6910.21
W1088: -6897.77
W1089: -6885.34
W1090: -6872.91
W1091: -6860.48
W1092: -6848.06
W1093: -6835.63
W1094: -6823.22
W1095: -6810.8
W1096: -6798.39
W1097: -6785.98
W1098: -6773.57
W1099: -6761.17
W1100: -6748.76
W1101: -6736.37
W1102: -6723.97
W1103: -6711.58
W1104: -6699.19
W1105: -6686.81
W1106: -6674.42
W1107: -6662.04
W1108: -6649.67
W1109: -6637.3
W1110: -6624.93
W1111: -6612.56
W1112: -6600.2
W1113: -6587.84
W1114: -6575.49
W1115: -6563.13
W1116: -6550.79
W1117: -6538.44
W1118: -6526.1
W1119: -6513.76
W1120: -6501.43
W1121: -6489.1
W1122: -6476.77
W1123: -6464.45
W1124: -6452.13
W1125: -6439.82
W1126: -6427.51
W1127: -6415.2
W1128: -6402.89
W1129: -6390.6
W1130: -6378.3
W1131: -6366.01
W1132: -6353.72
W1133: -6341.44
W1134: -6329.16
W1135: -6316.88
W1136: -6304.61
W1137: -6292.34
W1138: -6280.08
W1139: -6267.82
W1140: -6255.57
W1141: -6243.32
W1142: -6231.07
W1143: -6218.83
W1144: -6206.6
W1145: -6194.36
W1146: -6182.14
W1147: -6169.91
W1148: -6157.69
W1149: -6145.48
W1150: -6133.27
W1151: -6121.06
W1152: -6108.86
W1153: -6096.67
W1154: -6084.47
W1155: -6072.29
W1156: -6060.11
W1157: -6047.93
W1158: -6035.76
W1159: -6023.59
W1160: -6011.43
W1161: -5999.27
W1162: -5987.12
W1163: -5974.97
W1164: -5962.83
W1165: -5950.69
W1166: -5938.55
W1167: -5926.43
W1168: -5914.3
W1169: -5902.19
W1170: -5890.07
W1171: -5877.97
W1172: -5865.87
W1173: -5853.77
W1174: -5841.68
W1175: -5829.59
W1176: -5817.51
W1177: -5805.43
W1178: -5793.36
W1179: -5781.3
W1180: -5769.24
W1181: -5757.19
W1182: -5745.14
W1183: -5733.1
W1184: -5721.06
W1185: -5709.03
W1186: -5697
W1187: -5684.98
W1188: -5672.97
W1189: -5660.96
W1190: -5648.96
W1191: -5636.96
W1192: -5624.97
W1193: -5612.98
W1194: -5601
W1195: -5589.03
W1196: -5577.06
W1197: -5565.1
W1198: -5553.15
W1199: -5541.2
W1200: -5529.25
W1201: -5517.31
W1202: -5505.38
W1203: -5493.46
W1204: -5481.54
W1205: -5469.63
W1206: -5457.72
W1207: -5445.82
W1208: -5433.92
W1209: -5422.04
W1210: -5410.15
W1211: -5398.28
W1212: -5386.41
W1213: -5374.55
W1214: -5362.69
W1215: -5350.84
W1216: -5339
W1217: -5327.16
W1218: -5315.33
W1219: -5303.51
W1220: -5291.7
W1221: -5279.89
W1222: -5268.08
W1223: -5256.29
W1224: -5244.5
W1225: -5232.71
W1226: -5220.94
W1227: -5209.17
W1228: -5197.41
W1229: -5185.65
W1230: -5173.9
W1231: -5162.16
W1232: -5150.43
W1233: -5138.7
W1234: -5126.98
W1235: -5115.27
W1236: -5103.56
W1237: -5091.86
W1238: -5080.17
W1239: -5068.48
W1240: -5056.81
W1241: -5045.13
W1242: -5033.47
W1243: -5021.82
W1244: -5010.17
W1245: -4998.53
W1246: -4986.89
W1247: -4975.27
W1248: -4963.65
W1249: -4952.04
W1250: -4940.43
W1251: -4928.84
W1252: -4917.25
W1253: -4905.67
W1254: -4894.09
W1255: -4882.53
W1256: -4870.97
W1257: -4859.42
W1258: -4847.87
W1259: -4836.34
W1260: -4824.81
W1261: -4813.29
W1262: -4801.78
W1263: -4790.28
W1264: -4778.78
W1265: -4767.29
W1266: -4755.81
W1267: -4744.34
W1268: -4732.88
W1269: -4721.42
W1270: -4709.97
W1271: -4698.53
W1272: -4687.1
W1273: -4675.68
W1274: -4664.26
W1275: -4652.86
W1276: -4641.46
W1277: -4630.07
W1278: -4618.69
W1279: -4607.31
W1280: -4595.95
W1281: -4584.59
W1282: -4573.24
W1283: -4561.9
W1284: -4550.57
W1285: -4539.24
W1286: -4527.93
W1287: -4516.62
W1288: -4505.33
W1289: -4494.04
W1290: -4482.76
W1291: -4471.48
W1292: -4460.22
W1293: -4448.97
W1294: -4437.72
W1295: -4426.48
W1296: -4415.26
W1297: -4404.04
W1298: -4392.83
W1299: -4381.62
W1300: -4370.43
W1301: -4359.25
W1302: -4348.07
W1303: -4336.91
W1304: -4325.75
W1305: -4314.6
W1306: -4303.46
W1307: -4292.34
W1308: -4281.21
W1309: -4270.1
W1310: -4259
W1311: -4247.91
W1312: -4236.82
W1313: -4225.75
W1314: -4214.69
W1315: -4203.63
W1316: -4192.58
W1317: -4181.55
W1318: -4170.52
W1319: -4159.5
W1320: -4148.49
W1321: -4137.49
W1322: -4126.5
W1323: -4115.52
W1324: -4104.55
W1325: -4093.59
W1326: -4082.64
W1327: -4071.7
W1328: -4060.76
W1329: -4049.84
W1330: -4038.93
W1331: -4028.03
W1332: -4017.13
W1333: -4006.25
W1334: -3995.38
W1335: -3984.51
W1336: -3973.66
W1337: -3962.82
W1338: -3951.98
W1339: -3941.16
W1340: -3930.34
W1341: -3919.54
W1342: -3908.75
W1343: -3897.96
W1344: -3887.19
W1345: -3876.42
W1346: -3865.67
W1347: -3854.93
W1348: -3844.19
W1349: -3833.47
W1350: -3822.76
W1351: -3812.06
W1352: -3801.36
W1353: -3790.68
W1354: -3780.01
W1355: -3769.35
W1356: -3758.7
W1357: -3748.06
W1358: -3737.43
W1359: -3726.81
W1360: -3716.2
W1361: -3705.6
W1362: -3695.02
W1363: -3684.44
W1364: -3673.87
W1365: -3663.32
W1366: -3652.77
W1367: -3642.24
W1368: -3631.72
W1369: -3621.2
W1370: -3610.7
W1371: -3600.21
W1372: -3589.73
W1373: -3579.26
W1374: -3568.8
W1375: -3558.35
W1376: -3547.92
W1377: -3537.49
W1378: -3527.08
W1379: -3516.67
W1380: -3506.28
W1381: -3495.9
W1382: -3485.53
W1383: -3475.17
W1384: -3464.82
W1385: -3454.48
W1386: -3444.16
W1387: -3433.84
W1388: -3423.54
W1389: -3413.25
W1390: -3402.96
W1391: -3392.69
W1392: -3382.44
W1393: -3372.19
W1394: -3361.95
W1395: -3351.73
W1396: -3341.52
W1397: -3331.32
W1398: -3321.13
W1399: -3310.95
W1400: -3300.78
W1401: -3290.63
W1402: -3280.48
W1403: -3270.35
W1404: -3260.23
W1405: -3250.12
W1406: -3240.03
W1407: -3229.94
W1408: -3219.87
W1409: -3209.81
W1410: -3199.76
W1411: -3189.72
W1412: -3179.69
W1413: -3169.68
W1414: -3159.67
W1415: -3149.68
W1416: -3139.71
W1417: -3129.74
W1418: -3119.78
W1419: -3109.84
W1420: -3099.91
W1421: -3089.99
W1422: -3080.09
W1423: -3070.19
W1424: -3060.31
W1425: -3050.44
W1426: -3040.58
W1427: -3030.74
W1428: -3020.9
W1429: -3011.08
W1430: -3001.27
W1431: -2991.48
W1432: -2981.69
W1433: -2971.92
W1434: -2962.16
W1435: -2952.41
W1436: -2942.68
W1437: -2932.96
W1438: -2923.25
W1439: -2913.55
W1440: -2903.87
W1441: -2894.19
W1442: -2884.53
W1443: -2874.89
W1444: -2865.25
W1445: -2855.63
W1446: -2846.02
W1447: -2836.43
W1448: -2826.84
W1449: -2817.27
W1450: -2807.71
W1451: -2798.17
W1452: -2788.63
W1453: -2779.11
W1454: -2769.61
W1455: -2760.11
W1456: -2750.63
W1457: -2741.16
W1458: -2731.71
W1459: -2722.27
W1460: -2712.84
W1461: -2703.42
W1462: -2694.02
W1463: -2684.63
W1464: -2675.25
W1465: -2665.89
W1466: -2656.54
W1467: -2647.2
W1468: -2637.87
W1469: -2628.56
W1470: -2619.27
W1471: -2609.98
W1472: -2600.71
W1473: -2591.45
W1474: -2582.21
W1475: -2572.97
W1476: -2563.76
W1477: -2554.55
W1478: -2545.36
W1479: -2536.18
W1480: -2527.02
W1481: -2517.87
W1482: -2508.73
W1483: -2499.6
W1484: -2490.49
W1485: -2481.4
W1486: -2472.31
W1487: -2463.24
W1488: -2454.19
W1489: -2445.15
W1490: -2436.12
W1491: -2427.1
W1492: -2418.1
W1493: -2409.11
W1494: -2400.14
W1495: -2391.18
W1496: -2382.23
W1497: -2373.3
W1498: -2364.38
W1499: -2355.48
W1500: -2346.59
W1501: -2337.71
W1502: -2328.85
W1503: -2320
W1504: -2311.16
W1505: -2302.34
W1506: -2293.53
W1507: -2284.74
W1508: -2275.96
W1509: -2267.2
W1510: -2258.45
W1511: -2249.71
W1512: -2240.99
W1513: -2232.28
W1514: -2223.59
W1515: -2214.91
W1516: -2206.24
W1517: -2197.59
W1518: -2188.95
W1519: -2180.33
W1520: -2171.72
W1521: -2163.13
W1522: -2154.55
W1523: -2145.98
W1524: -2137.43
W1525: -2128.9
W1526: -2120.37
W1527: -2111.87
W1528: -2103.37
W1529: -2094.9
W1530: -2086.43
W1531: -2077.98
W1532: -2069.55
W1533: -2061.13
W1534: -2052.72
W1535: -2044.33
W1536: -2035.95
W1537: -2027.59
W1538: -2019.25
W1539: -2010.91
W1540: -2002.6
W1541: -1994.29
W1542: -1986.01
W1543: -1977.73
W1544: -1969.48
W1545: -1961.23
W1546: -1953
W1547: -1944.79
W1548: -1936.59
W1549: -1928.41
W1550: -1920.24
W1551: -1912.08
W1552: -1903.95
W1553: -1895.82
W1554: -1887.71
W1555: -1879.62
W1556: -1871.54
W1557: -1863.48
W1558: -1855.43
W1559: -1847.4
W1560: -1839.38
W1561: -1831.37
W1562: -1823.39
W1563: -1815.41
W1564: -1807.46
W1565: -1799.51
W1566: -1791.59
W1567: -1783.68
W1568: -1775.78
W1569: -1767.9
W1570: -1760.03
W1571: -1752.18
W1572: -1744.35
W1573: -1736.53
W1574: -1728.72
W1575: -1720.94
W1576: -1713.16
W1577: -1705.41
W1578: -1697.66
W1579: -1689.94
W1580: -1682.23
W1581: -1674.53
W1582: -1666.85
W1583: -1659.19
W1584: -1651.54
W1585: -1643.9
W1586: -1636.29
W1587: -1628.68
W1588: -1621.1
W1589: -1613.53
W1590: -1605.97
W1591: -1598.43
W1592: -1590.91
W1593: -1583.4
W1594: -1575.91
W1595: -1568.44
W1596: -1560.98
W1597: -1553.53
W1598: -1546.1
W1599: -1538.69
W1600: -1531.29
W1601: -1523.91
W1602: -1516.55
W1603: -1509.2
W1604: -1501.87
W1605: -1494.55
W1606: -1487.25
W1607: -1479.97
W1608: -1472.7
W1609: -1465.44
W1610: -1458.21
W1611: -1450.99
W1612: -1443.78
W1613: -1436.6
W1614: -1429.42
W1615: -1422.27
W1616: -1415.13
W1617: -1408.01
W1618: -1400.9
W1619: -1393.81
W1620: -1386.73
W1621: -1379.68
W1622: -1372.63
W1623: -1365.61
W1624: -1358.6
W1625: -1351.61
W1626: -1344.63
W1627: -1337.67
W1628: -1330.72
W1629: -1323.8
W1630: -1316.89
W1631: -1309.99
W1632: -1303.11
W1633: -1296.25
W1634: -1289.41
W1635: -1282.58
W1636: -1275.77
W1637: -1268.97
W1638: -1262.19
W1639: -1255.43
W1640: -1248.69
W1641: -1241.96
W1642: -1235.24
W1643: -1228.55
W1644: -1221.87
W1645: -1215.21
W1646: -1208.56
W1647: -1201.93
W1648: -1195.32
W1649: -1188.72
W1650: -1182.15
W1651: -1175.58
W1652: -1169.04
W1653: -1162.51
W1654: -1156
W1655: -1149.5
W1656: -1143.03
W1657: -1136.57
W1658: -1130.12
W1659: -1123.7
W1660: -1117.29
W1661: -1110.89
W1662: -1104.52
W1663: -1098.16
W1664: -1091.81
W1665: -1085.49
W1666: -1079.18
W1667: -1072.89
W1668: -1066.62
W1669: -1060.36
W1670: -1054.12
W1671: -1047.9
W1672: -1041.69
W1673: -1035.5
W1674: -1029.33
W1675: -1023.18
W1676: -1017.04
W1677: -1010.92
W1678: -1004.82
W1679: -998.731
W1680: -992.663
W1681: -986.612
W1682: -980.578
W1683: -974.562
W1684: -968.563
W1685: -962.581
W1686: -956.617
W1687: -950.67
W1688: -944.74
W1689: -938.827
W1690: -932.932
W1691: -927.055
W1692: -921.195
W1693: -915.352
W1694: -909.526
W1695: -903.719
W1696: -897.928
W1697: -892.155
W1698: -886.4
W1699: -880.662
W1700: -874.942
W1701: -869.239
W1702: -863.554
W1703: -857.886
W1704: -852.236
W1705: -846.603
W1706: -840.988
W1707: -835.391
W1708: -829.811
W1709: -824.249
W1710: -818.705
W1711: -813.178
W1712: -807.67
W1713: -802.178
W1714: -796.705
W1715: -791.249
W1716: -785.811
W1717: -780.391
W1718: -774.988
W1719: -769.604
W1720: -764.237
W1721: -758.888
W1722: -753.556
W1723: -748.243
W1724: -742.947
W1725: -737.67
W1726: -732.41
W1727: -727.168
W1728: -721.944
W1729: -716.738
W1730: -711.55
W1731: -706.38
W1732: -701.227
W1733: -696.093
W1734: -690.977
W1735: -685.878
W1736: -680.798
W1737: -675.736
W1738: -670.692
W1739: -665.666
W1740: -660.657
W1741: -655.667
W1742: -650.695
W1743: -645.741
W1744: -640.806
W1745: -635.888
W1746: -630.989
W1747: -626.107
W1748: -621.244
W1749: -616.399
W1750: -611.572
W1751: -606.763
W1752: -601.973
W1753: -597.201
W1754: -592.446
W1755: -587.711
W1756: -582.993
W1757: -578.294
W1758: -573.613
W1759: -568.95
W1760: -564.306
W1761: -559.68
W1762: -555.072
W1763: -550.482
W1764: -545.911
W1765: -541.358
W1766: -536.824
W1767: -532.308
W1768: -527.81
W1769: -523.331
W1770: -518.87
W1771: -514.428
W1772: -510.004
W1773: -505.598
W1774: -501.211
W1775: -496.842
W1776: -492.492
W1777: -488.16
W1778: -483.847
W1779: -479.553
W1780: -475.276
W1781: -471.019
W1782: -466.78
W1783: -462.559
W1784: -458.357
W1785: -454.174
W1786: -450.009
W1787: -445.863
W1788: -441.735
W1789: -437.626
W1790: -433.535
W1791: -429.464
W1792: -425.41
W1793: -421.376
W1794: -417.36
W1795: -413.363
W1796: -409.384
W1797: -405.425
W1798: -401.483
W1799: -397.561
W1800: -393.657
W1801: -389.772
W1802: -385.906
W1803: -382.059
W1804: -378.23
W1805: -374.42
W1806: -370.629
W1807: -366.856
W1808: -363.103
W1809: -359.368
W1810: -355.652
W1811: -351.955
W1812: -348.277
W1813: -344.617
W1814: -340.976
W1815: -337.355
W1816: -333.752
W1817: -330.168
W1818: -326.602
W1819: -323.056
W1820: -319.529
W1821: -316.02
W1822: -312.531
W1823: -309.06
W1824: -305.609
W1825: -302.176
W1826: -298.762
W1827: -295.367
W1828: -291.991
W1829: -288.635
W1830: -285.297
W1831: -281.978
W1832: -278.678
W1833: -275.397
W1834: -272.135
W1835: -268.892
W1836: -265.669
W1837: -262.464
W1838: -259.278
W1839: -256.111
W1840: -252.964
W1841: -249.835
W1842: -246.726
W1843: -243.636
W1844: -240.564
W1845: -237.512
W1846: -234.479
W1847: -231.465
W1848: -228.471
W1849: -225.495
W1850: -222.539
W1851: -219.601
W1852: -216.683
W1853: -213.784
W1854: -210.904
W1855: -208.044
W1856: -205.202
W1857: -202.38
W1858: -199.577
W1859: -196.793
W1860: -194.028
W1861: -191.283
W1862: -188.556
W1863: -185.849
W1864: -183.162
W1865: -180.493
W1866: -177.844
W1867: -175.214
W1868: -172.603
W1869: -170.012
W1870: -167.44
W1871: -164.887
W1872: -162.353
W1873: -159.839
W1874: -157.344
W1875: -154.868
W1876: -152.412
W1877: -149.975
W1878: -147.557
W1879: -145.159
W1880: -142.78
W1881: -140.42
W1882: -138.079
W1883: -135.759
W1884: -133.457
W1885: -131.175
W1886: -128.912
W1887: -126.668
W1888: -124.444
W1889: -122.239
W1890: -120.054
W1891: -117.888
W1892: -115.742
W1893: -113.614
W1894: -111.507
W1895: -109.418
W1896: -107.35
W1897: -105.3
W1898: -103.27
W1899: -101.26
W1900: -99.2686
W1901: -97.297
W1902: -95.3448
W1903: -93.4121
W1904: -91.4989
W1905: -89.6051
W1906: -87.7308
W1907: -85.876
W1908: -84.0406
W1909: -82.2248
W1910: -80.4285
W1911: -78.6516
W1912: -76.8943
W1913: -75.1564
W1914: -73.4381
W1915: -71.7393
W1916: -70.06
W1917: -68.4003
W1918: -66.7601
W1919: -65.1394
W1920: -63.5382
W1921: -61.9566
W1922: -60.3945
W1923: -58.852
W1924: -57.329
W1925: -55.8256
W1926: -54.3417
W1927: -52.8774
W1928: -51.4327
W1929: -50.0076
W1930: -48.602
W1931: -47.216
W1932: -45.8496
W1933: -44.5027
W1934: -43.1755
W1935: -41.8678
W1936: -40.5797
W1937: -39.3113
W1938: -38.0624
W1939: -36.8331
W1940: -35.6235
W1941: -34.4334
W1942: -33.263
W1943: -32.1122
W1944: -30.981
W1945: -29.8694
W1946: -28.7774
W1947: -27.7051
W1948: -26.6524
W1949: -25.6193
W1950: -24.6059
W1951: -23.6121
W1952: -22.6379
W1953: -21.6834
W1954: -20.7486
W1955: -19.8333
W1956: -18.9377
W1957: -18.0618
W1958: -17.2055
W1959: -16.3689
W1960: -15.552
W1961: -14.7547
W1962: -13.977
W1963: -13.219
W1964: -12.4807
W1965: -11.7621
W1966: -11.0631
W1967: -10.3838
W1968: -9.72414
W1969: -9.08417
W1970: -8.46388
W1971: -7.86327
W1972: -7.28233
W1973: -6.72108
W1974: -6.1795
W1975: -5.65761
W1976: -5.15539
W1977: -4.67287
W1978: -4.21003
W1979: -3.76688
W1980: -3.34341
W1981: -2.93963
W1982: -2.55555
W1983: -2.19115
W1984: -1.84645
W1985: -1.52144
W1986: -1.21612
W1987: -0.930502
W1988: -0.664574
W1989: -0.418343
W1990: -0.191808
W1991: 0.0150307
W1992: 0.202172
W1993: 0.369615
W1994: 0.51736
W1995: 0.645406
W1996: 0.753754
W1997: 0.842402
W1998: 0.911351
W1999: 0.9606
W2000: 0.99015
Initial Condition: 
0
0.0015708
0.00314159
0.00471237
0.00628314
0.0078539
0.00942464
0.0109954
0.012566
0.0141367
0.0157073
0.0172779
0.0188484
0.0204189
0.0219894
0.0235598
0.0251301
0.0267004
0.0282706
0.0298407
0.0314108
0.0329807
0.0345506
0.0361205
0.0376902
0.0392598
0.0408294
0.0423988
0.0439681
0.0455373
0.0471065
0.0486754
0.0502443
0.0518131
0.0533817
0.0549502
0.0565185
0.0580867
0.0596548
0.0612227
0.0627905
0.0643581
0.0659256
0.0674929
0.06906
0.070627
0.0721938
0.0737604
0.0753268
0.076893
0.0784591
0.080025
0.0815906
0.0831561
0.0847213
0.0862864
0.0878512
0.0894158
0.0909802
0.0925444
0.0941083
0.095672
0.0972355
0.0987987
0.100362
0.101924
0.103487
0.105049
0.106611
0.108173
0.109734
0.111295
0.112856
0.114417
0.115977
0.117537
0.119097
0.120657
0.122216
0.123775
0.125333
0.126891
0.128449
0.130007
0.131564
0.133121
0.134678
0.136234
0.13779
0.139346
0.140901
0.142456
0.144011
0.145565
0.147119
0.148672
0.150226
0.151778
0.153331
0.154883
0.156434
0.157986
0.159537
0.161087
0.162637
0.164187
0.165736
0.167285
0.168833
0.170381
0.171929
0.173476
0.175023
0.176569
0.178115
0.179661
0.181206
0.18275
0.184294
0.185838
0.187381
0.188924
0.190466
0.192008
0.193549
0.19509
0.196631
0.198171
0.19971
0.201249
0.202787
0.204325
0.205863
0.2074
0.208936
0.210472
0.212007
0.213542
0.215076
0.21661
0.218143
0.219676
0.221208
0.22274
0.224271
0.225801
0.227331
0.228861
0.230389
0.231918
0.233445
0.234972
0.236499
0.238025
0.23955
0.241075
0.242599
0.244123
0.245646
0.247168
0.24869
0.250211
0.251732
0.253251
0.254771
0.256289
0.257807
0.259325
0.260842
0.262358
0.263873
0.265388
0.266902
0.268415
0.269928
0.27144
0.272952
0.274463
0.275973
0.277482
0.278991
0.280499
0.282007
0.283513
0.285019
0.286525
0.288029
0.289533
0.291036
0.292539
0.29404
0.295541
0.297042
0.298541
0.30004
0.301538
0.303035
0.304532
0.306028
0.307523
0.309017
0.310511
0.312003
0.313495
0.314987
0.316477
0.317967
0.319456
0.320944
0.322431
0.323917
0.325403
0.326888
0.328372
0.329855
0.331338
0.33282
0.3343
0.33578
0.33726
0.338738
0.340215
0.341692
0.343168
0.344643
0.346117
0.34759
0.349063
0.350534
0.352005
0.353475
0.354944
0.356412
0.357879
0.359345
0.360811
0.362275
0.363739
0.365202
0.366664
0.368125
0.369585
0.371044
0.372502
0.373959
0.375416
0.376871
0.378326
0.379779
0.381232
0.382683
0.384134
0.385584
0.387033
0.388481
0.389928
0.391374
0.392819
0.394263
0.395706
0.397148
0.398589
0.400029
0.401468
0.402906
0.404344
0.40578
0.407215
0.408649
0.410082
0.411514
0.412945
0.414376
0.415805
0.417233
0.41866
0.420086
0.421511
0.422935
0.424357
0.425779
0.4272
0.42862
0.430038
0.431456
0.432873
0.434288
0.435702
0.437116
0.438528
0.439939
0.441349
0.442758
0.444166
0.445573
0.446979
0.448383
0.449787
0.451189
0.45259
0.45399
0.45539
0.456787
0.458184
0.45958
0.460974
0.462368
0.46376
0.465151
0.466541
0.46793
0.469317
0.470704
0.472089
0.473473
0.474856
0.476238
0.477619
0.478998
0.480377
0.481754
0.48313
0.484504
0.485878
0.48725
0.488621
0.489991
0.49136
0.492727
0.494094
0.495459
0.496822
0.498185
0.499546
0.500907
0.502266
0.503623
0.50498
0.506335
0.507689
0.509041
0.510393
0.511743
0.513092
0.51444
0.515786
0.517131
0.518475
0.519817
0.521159
0.522499
0.523837
0.525175
0.526511
0.527846
0.529179
0.530511
0.531842
0.533172
0.5345
0.535827
0.537152
0.538477
0.5398
0.541121
0.542442
0.54376
0.545078
0.546394
0.547709
0.549023
0.550335
0.551646
0.552955
0.554263
0.55557
0.556876
0.55818
0.559482
0.560784
0.562083
0.563382
0.564679
0.565975
0.567269
0.568562
0.569853
0.571143
0.572432
0.573719
0.575005
0.57629
0.577573
0.578854
0.580134
0.581413
0.58269
0.583966
0.585241
0.586514
0.587785
0.589055
0.590324
0.591591
0.592857
0.594121
0.595384
0.596645
0.597905
0.599163
0.60042
0.601676
0.60293
0.604182
0.605433
0.606682
0.60793
0.609177
0.610422
0.611665
0.612907
0.614147
0.615386
0.616624
0.61786
0.619094
0.620327
0.621558
0.622788
0.624016
0.625243
0.626468
0.627691
0.628913
0.630134
0.631353
0.63257
0.633786
0.635
0.636213
0.637424
0.638634
0.639841
0.641048
0.642253
0.643456
0.644657
0.645858
0.647056
0.648253
0.649448
0.650642
0.651834
0.653024
0.654213
0.6554
0.656586
0.65777
0.658952
0.660133
0.661312
0.662489
0.663665
0.664839
0.666012
0.667183
0.668352
0.66952
0.670686
0.67185
0.673013
0.674173
0.675333
0.67649
0.677646
0.678801
0.679953
0.681104
0.682254
0.683401
0.684547
0.685691
0.686834
0.687975
0.689114
0.690251
0.691387
0.692521
0.693653
0.694784
0.695913
0.69704
0.698165
0.699289
0.700411
0.701531
0.70265
0.703767
0.704882
0.705995
0.707107
0.708217
0.709325
0.710431
0.711536
0.712639
0.71374
0.714839
0.715936
0.717032
0.718126
0.719219
0.720309
0.721398
0.722485
0.72357
0.724653
0.725735
0.726814
0.727892
0.728969
0.730043
0.731116
0.732186
0.733255
0.734323
0.735388
0.736451
0.737513
0.738573
0.739631
0.740687
0.741742
0.742794
0.743845
0.744894
0.745941
0.746986
0.74803
0.749071
0.750111
0.751149
0.752185
0.753219
0.754251
0.755282
0.75631
0.757337
0.758362
0.759385
0.760406
0.761425
0.762443
0.763458
0.764472
0.765483
0.766493
0.767501
0.768507
0.769511
0.770513
0.771514
0.772512
0.773508
0.774503
0.775496
0.776487
0.777475
0.778462
0.779447
0.78043
0.781412
0.782391
0.783368
0.784343
0.785317
0.786288
0.787258
0.788226
0.789191
0.790155
0.791117
0.792077
0.793034
0.79399
0.794944
0.795896
0.796846
0.797794
0.798741
0.799685
0.800627
0.801567
0.802505
0.803441
0.804376
0.805308
0.806238
0.807166
0.808093
0.809017
0.809939
0.81086
0.811778
0.812694
0.813608
0.814521
0.815431
0.816339
0.817245
0.81815
0.819052
0.819952
0.82085
0.821746
0.822641
0.823533
0.824423
0.825311
0.826197
0.827081
0.827962
0.828842
0.82972
0.830596
0.83147
0.832341
0.833211
0.834078
0.834944
0.835807
0.836669
0.837528
0.838385
0.83924
0.840094
0.840945
0.841794
0.84264
0.843485
0.844328
0.845169
0.846007
0.846844
0.847678
0.84851
0.84934
0.850168
0.850994
0.851818
0.85264
0.85346
0.854277
0.855093
0.855906
0.856718
0.857527
0.858334
0.859139
0.859941
0.860742
0.861541
0.862337
0.863131
0.863923
0.864713
0.865501
0.866287
0.867071
0.867852
0.868632
0.869409
0.870184
0.870957
0.871727
0.872496
0.873262
0.874027
0.874789
0.875549
0.876307
0.877062
0.877816
0.878567
0.879316
0.880063
0.880808
0.881551
0.882291
0.88303
0.883766
0.8845
0.885231
0.885961
0.886688
0.887413
0.888136
0.888857
0.889576
0.890292
0.891007
0.891719
0.892428
0.893136
0.893841
0.894545
0.895246
0.895944
0.896641
0.897335
0.898028
0.898718
0.899405
0.900091
0.900774
0.901455
0.902134
0.902811
0.903485
0.904157
0.904827
0.905495
0.90616
0.906823
0.907484
0.908143
0.9088
0.909454
0.910106
0.910756
0.911403
0.912049
0.912692
0.913332
0.913971
0.914607
0.915241
0.915873
0.916502
0.91713
0.917755
0.918377
0.918998
0.919616
0.920232
0.920845
0.921457
0.922066
0.922673
0.923277
0.92388
0.92448
0.925077
0.925673
0.926266
0.926857
0.927445
0.928031
0.928615
0.929197
0.929776
0.930354
0.930928
0.931501
0.932071
0.932639
0.933205
0.933768
0.934329
0.934888
0.935444
0.935998
0.93655
0.937099
0.937646
0.938191
0.938734
0.939274
0.939812
0.940348
0.940881
0.941412
0.94194
0.942467
0.942991
0.943512
0.944031
0.944548
0.945063
0.945575
0.946085
0.946593
0.947098
0.947601
0.948102
0.9486
0.949096
0.94959
0.950081
0.95057
0.951057
0.951541
0.952023
0.952502
0.952979
0.953454
0.953927
0.954397
0.954865
0.95533
0.955793
0.956254
0.956712
0.957168
0.957622
0.958073
0.958522
0.958968
0.959412
0.959854
0.960294
0.960731
0.961165
0.961598
0.962028
0.962455
0.96288
0.963303
0.963724
0.964142
0.964557
0.964971
0.965382
0.96579
0.966196
0.9666
0.967001
0.9674
0.967797
0.968191
0.968583
0.968973
0.96936
0.969744
0.970127
0.970506
0.970884
0.971259
0.971632
0.972002
0.97237
0.972735
0.973099
0.973459
0.973817
0.974173
0.974527
0.974878
0.975227
0.975573
0.975917
0.976258
0.976597
0.976934
0.977268
0.9776
0.977929
0.978256
0.978581
0.978903
0.979223
0.97954
0.979855
0.980168
0.980478
0.980785
0.981091
0.981393
0.981694
0.981992
0.982287
0.98258
0.982871
0.983159
0.983445
0.983729
0.98401
0.984288
0.984564
0.984838
0.985109
0.985378
0.985645
0.985909
0.98617
0.986429
0.986686
0.98694
0.987192
0.987441
0.987688
0.987933
0.988175
0.988415
0.988652
0.988886
0.989119
0.989349
0.989576
0.989801
0.990024
0.990244
0.990461
0.990677
0.990889
0.9911
0.991308
0.991513
0.991716
0.991917
0.992115
0.99231
0.992504
0.992694
0.992883
0.993068
0.993252
0.993433
0.993611
0.993787
0.993961
0.994132
0.994301
0.994467
0.994631
0.994792
0.994951
0.995107
0.995261
0.995413
0.995562
0.995709
0.995853
0.995994
0.996134
0.99627
0.996405
0.996537
0.996666
0.996793
0.996917
0.997039
0.997159
0.997276
0.997391
0.997503
0.997613
0.99772
0.997825
0.997927
0.998027
0.998124
0.998219
0.998312
0.998402
0.998489
0.998574
0.998657
0.998737
0.998815
0.99889
0.998963
0.999033
0.999101
0.999166
0.999229
0.999289
0.999347
0.999403
0.999456
0.999507
0.999555
0.9996
0.999643
0.999684
0.999722
0.999758
0.999792
0.999822
0.999851
0.999877
0.9999
0.999921
0.99994
0.999956
0.999969
0.99998
0.999989
0.999995
0.999999
1
0.999999
0.999995
0.999989
0.99998
0.999969
0.999956
0.99994
0.999921
0.9999
0.999877
0.999851
0.999822
0.999792
0.999758
0.999722
0.999684
0.999643
0.9996
0.999555
0.999507
0.999456
0.999403
0.999347
0.999289
0.999229
0.999166
0.999101
0.999033
0.998963
0.99889
0.998815
0.998737
0.998657
0.998574
0.998489
0.998402
0.998312
0.998219
0.998124
0.998027
0.997927
0.997825
0.99772
0.997613
0.997503
0.997391
0.997276
0.997159
0.997039
0.996917
0.996793
0.996666
0.996537
0.996405
0.99627
0.996134
0.995994
0.995853
0.995709
0.995562
0.995413
0.995261
0.995107
0.994951
0.994792
0.994631
0.994467
0.994301
0.994132
0.993961
0.993787
0.993611
0.993433
0.993252
0.993068
0.992883
0.992694
0.992504
0.99231
0.992115
0.991917
0.991716
0.991513
0.991308
0.9911
0.990889
0.990677
0.990461
0.990244
0.990024
0.989801
0.989576
0.989349
0.989119
0.988886
0.988652
0.988415
0.988175
0.987933
0.987688
0.987441
0.987192
0.98694
0.986686
0.986429
0.98617
0.985909
0.985645
0.985378
0.985109
0.984838
0.984564
0.984288
0.98401
0.983729
0.983445
0.983159
0.982871
0.98258
0.982287
0.981992
0.981694
0.981393
0.981091
0.980785
0.980478
0.980168
0.979855
0.97954
0.979223
0.978903
0.978581
0.978256
0.977929
0.9776
0.977268
0.976934
0.976597
0.976258
0.975917
0.975573
0.975227
0.974878
0.974527
0.974173
0.973817
0.973459
0.973099
0.972735
0.97237
0.972002
0.971632
0.971259
0.970884
0.970506
0.970127
0.969744
0.96936
0.968973
0.968583
0.968191
0.967797
0.9674
0.967001
0.9666
0.966196
0.96579
0.965382
0.964971
0.964557
0.964142
0.963724
0.963303
0.96288
0.962455
0.962028
0.961598
0.961165
0.960731
0.960294
0.959854
0.959412
0.958968
0.958522
0.958073
0.957622
0.957168
0.956712
0.956254
0.955793
0.95533
0.954865
0.954397
0.953927
0.953454
0.952979
0.952502
0.952023
0.951541
0.951057
0.95057
0.950081
0.94959
0.949096
0.9486
0.948102
0.947601
0.947098
0.946593
0.946085
0.945575
0.945063
0.944548
0.944031
0.943512
0.942991
0.942467
0.94194
0.941412
0.940881
0.940348
0.939812
0.939274
0.938734
0.938191
0.937646
0.937099
0.93655
0.935998
0.935444
0.934888
0.934329
0.933768
0.933205
0.932639
0.932071
0.931501
0.930928
0.930354
0.929776
0.929197
0.928615
0.928031
0.927445
0.926857
0.926266
0.925673
0.925077
0.92448
0.92388
0.923277
0.922673
0.922066
0.921457
0.920845
0.920232
0.919616
0.918998
0.918377
0.917755
0.91713
0.916502
0.915873
0.915241
0.914607
0.913971
0.913332
0.912692
0.912049
0.911403
0.910756
0.910106
0.909454
0.9088
0.908143
0.907484
0.906823
0.90616
0.905495
0.904827
0.904157
0.903485
0.902811
0.902134
0.901455
0.900774
0.900091
0.899405
0.898718
0.898028
0.897335
0.896641
0.895944
0.895246
0.894545
0.893841
0.893136
0.892428
0.891719
0.891007
0.890292
0.889576
0.888857
0.888136
0.887413
0.886688
0.885961
0.885231
0.8845
0.883766
0.88303
0.882291
0.881551
0.880808
0.880063
0.879316
0.878567
0.877816
0.877062
0.876307
0.875549
0.874789
0.874027
0.873262
0.872496
0.871727
0.870957
0.870184
0.869409
0.868632
0.867852
0.867071
0.866287
0.865501
0.864713
0.863923
0.863131
0.862337
0.861541
0.860742
0.859941
0.859139
0.858334
0.857527
0.856718
0.855906
0.855093
0.854277
0.85346
0.85264
0.851818
0.850994
0.850168
0.84934
0.84851
0.847678
0.846844
0.846007
0.845169
0.844328
0.843485
0.84264
0.841794
0.840945
0.840094
0.83924
0.838385
0.837528
0.836669
0.835807
0.834944
0.834078
0.833211
0.832341
0.83147
0.830596
0.82972
0.828842
0.827962
0.827081
0.826197
0.825311
0.824423
0.823533
0.822641
0.821746
0.82085
0.819952
0.819052
0.81815
0.817245
0.816339
0.815431
0.814521
0.813608
0.812694
0.811778
0.81086
0.809939
0.809017
0.808093
0.807166
0.806238
0.805308
0.804376
0.803441
0.802505
0.801567
0.800627
0.799685
0.798741
0.797794
0.796846
0.795896
0.794944
0.79399
0.793034
0.792077
0.791117
0.790155
0.789191
0.788226
0.787258
0.786288
0.785317
0.784343
0.783368
0.782391
0.781412
0.78043
0.779447
0.778462
0.777475
0.776487
0.775496
0.774503
0.773508
0.772512
0.771514
0.770513
0.769511
0.768507
0.767501
0.766493
0.765483
0.764472
0.763458
0.762443
0.761425
0.760406
0.759385
0.758362
0.757337
0.75631
0.755282
0.754251
0.753219
0.752185
0.751149
0.750111
0.749071
0.74803
0.746986
0.745941
0.744894
0.743845
0.742794
0.741742
0.740687
0.739631
0.738573
0.737513
0.736451
0.735388
0.734323
0.733255
0.732186
0.731116
0.730043
0.728969
0.727892
0.726814
0.725735
0.724653
0.72357
0.722485
0.721398
0.720309
0.719219
0.718126
0.717032
0.715936
0.714839
0.71374
0.712639
0.711536
0.710431
0.709325
0.708217
0.707107
0.705995
0.704882
0.703767
0.70265
0.701531
0.700411
0.699289
0.698165
0.69704
0.695913
0.694784
0.693653
0.692521
0.691387
0.690251
0.689114
0.687975
0.686834
0.685691
0.684547
0.683401
0.682254
0.681104
0.679953
0.678801
0.677646
0.67649
0.675333
0.674173
0.673013
0.67185
0.670686
0.66952
0.668352
0.667183
0.666012
0.664839
0.663665
0.662489
0.661312
0.660133
0.658952
0.65777
0.656586
0.6554
0.654213
0.653024
0.651834
0.650642
0.649448
0.648253
0.647056
0.645858
0.644657
0.643456
0.642253
0.641048
0.639841
0.638634
0.637424
0.636213
0.635
0.633786
0.63257
0.631353
0.630134
0.628913
0.627691
0.626468
0.625243
0.624016
0.622788
0.621558
0.620327
0.619094
0.61786
0.616624
0.615386
0.614147
0.612907
0.611665
0.610422
0.609177
0.60793
0.606682
0.605433
0.604182
0.60293
0.601676
0.60042
0.599163
0.597905
0.596645
0.595384
0.594121
0.592857
0.591591
0.590324
0.589055
0.587785
0.586514
0.585241
0.583966
0.58269
0.581413
0.580134
0.578854
0.577573
0.57629
0.575005
0.573719
0.572432
0.571143
0.569853
0.568562
0.567269
0.565975
0.564679
0.563382
0.562083
0.560784
0.559482
0.55818
0.556876
0.55557
0.554263
0.552955
0.551646
0.550335
0.549023
0.547709
0.546394
0.545078
0.54376
0.542442
0.541121
0.5398
0.538477
0.537152
0.535827
0.5345
0.533172
0.531842
0.530511
0.529179
0.527846
0.526511
0.525175
0.523837
0.522499
0.521159
0.519817
0.518475
0.517131
0.515786
0.51444
0.513092
0.511743
0.510393
0.509041
0.507689
0.506335
0.50498
0.503623
0.502266
0.500907
0.499546
0.498185
0.496822
0.495459
0.494094
0.492727
0.49136
0.489991
0.488621
0.48725
0.485878
0.484504
0.48313
0.481754
0.480377
0.478998
0.477619
0.476238
0.474856
0.473473
0.472089
0.470704
0.469317
0.46793
0.466541
0.465151
0.46376
0.462368
0.460974
0.45958
0.458184
0.456787
0.45539
0.45399
0.45259
0.451189
0.449787
0.448383
0.446979
0.445573
0.444166
0.442758
0.441349
0.439939
0.438528
0.437116
0.435702
0.434288
0.432873
0.431456
0.430038
0.42862
0.4272
0.425779
0.424357
0.422935
0.421511
0.420086
0.41866
0.417233
0.415805
0.414376
0.412945
0.411514
0.410082
0.408649
0.407215
0.40578
0.404344
0.402906
0.401468
0.400029
0.398589
0.397148
0.395706
0.394263
0.392819
0.391374
0.389928
0.388481
0.387033
0.385584
0.384134
0.382683
0.381232
0.379779
0.378326
0.376871
0.375416
0.373959
0.372502
0.371044
0.369585
0.368125
0.366664
0.365202
0.363739
0.362275
0.360811
0.359345
0.357879
0.356412
0.354944
0.353475
0.352005
0.350534
0.349063
0.34759
0.346117
0.344643
0.343168
0.341692
0.340215
0.338738
0.33726
0.33578
0.3343
0.33282
0.331338
0.329855
0.328372
0.326888
0.325403
0.323917
0.322431
0.320944
0.319456
0.317967
0.316477
0.314987
0.313495
0.312003
0.310511
0.309017
0.307523
0.306028
0.304532
0.303035
0.301538
0.30004
0.298541
0.297042
0.295541
0.29404
0.292539
0.291036
0.289533
0.288029
0.286525
0.285019
0.283513
0.282007
0.280499
0.278991
0.277482
0.275973
0.274463
0.272952
0.27144
0.269928
0.268415
0.266902
0.265388
0.263873
0.262358
0.260842
0.259325
0.257807
0.256289
0.254771
0.253251
0.251732
0.250211
0.24869
0.247168
0.245646
0.244123
0.242599
0.241075
0.23955
0.238025
0.236499
0.234972
0.233445
0.231918
0.230389
0.228861
0.227331
0.225801
0.224271
0.22274
0.221208
0.219676
0.218143
0.21661
0.215076
0.213542
0.212007
0.210472
0.208936
0.2074
0.205863
0.204325
0.202787
0.201249
0.19971
0.198171
0.196631
0.19509
0.193549
0.192008
0.190466
0.188924
0.187381
0.185838
0.184294
0.18275
0.181206
0.179661
0.178115
0.176569
0.175023
0.173476
0.171929
0.170381
0.168833
0.167285
0.165736
0.164187
0.162637
0.161087
0.159537
0.157986
0.156434
0.154883
0.153331
0.151778
0.150226
0.148672
0.147119
0.145565
0.144011
0.142456
0.140901
0.139346
0.13779
0.136234
0.134678
0.133121
0.131564
0.130007
0.128449
0.126891
0.125333
0.123775
0.122216
0.120657
0.119097
0.117537
0.115977
0.114417
0.112856
0.111295
0.109734
0.108173
0.106611
0.105049
0.103487
0.101924
0.100362
0.0987987
0.0972355
0.095672
0.0941083
0.0925444
0.0909802
0.0894158
0.0878512
0.0862864
0.0847213
0.0831561
0.0815906
0.080025
0.0784591
0.076893
0.0753268
0.0737604
0.0721938
0.070627
0.06906
0.0674929
0.0659256
0.0643581
0.0627905
0.0612227
0.0596548
0.0580867
0.0565185
0.0549502
0.0533817
0.0518131
0.0502443
0.0486754
0.0471065
0.0455373
0.0439681
0.0423988
0.0408294
0.0392598
0.0376902
0.0361205
0.0345506
0.0329807
0.0314108
0.0298407
0.0282706
0.0267004
0.0251301
0.0235598
0.0219894
0.0204189
0.0188484
0.0172779
0.0157073
0.0141367
0.012566
0.0109954
0.00942464
0.0078539
0.00628314
0.00471237
0.00314159
0.0015708
0
Final Solution: 
0
0.000220323
0.000440645
0.000660967
0.000881286
0.0011016
0.00132192
0.00154223
0.00176254
0.00198284
0.00220314
0.00242343
0.00264372
0.002864
0.00308427
0.00330454
0.0035248
0.00374505
0.00396529
0.00418552
0.00440574
0.00462594
0.00484614
0.00506633
0.0052865
0.00550666
0.00572681
0.00594694
0.00616706
0.00638716
0.00660724
0.00682732
0.00704737
0.0072674
0.00748742
0.00770742
0.0079274
0.00814736
0.0083673
0.00858722
0.00880712
0.009027
0.00924686
0.00946669
0.0096865
0.00990628
0.010126
0.0103458
0.0105655
0.0107852
0.0110048
0.0112245
0.0114441
0.0116636
0.0118832
0.0121027
0.0123222
0.0125416
0.0127611
0.0129805
0.0131998
0.0134191
0.0136384
0.0138577
0.0140769
0.0142961
0.0145153
0.0147344
0.0149535
0.0151725
0.0153916
0.0156105
0.0158295
0.0160484
0.0162672
0.016486
0.0167048
0.0169235
0.0171422
0.0173609
0.0175795
0.0177981
0.0180166
0.018235
0.0184535
0.0186719
0.0188902
0.0191085
0.0193267
0.0195449
0.0197631
0.0199812
0.0201992
0.0204172
0.0206352
0.0208531
0.0210709
0.0212887
0.0215065
0.0217242
0.0219418
0.0221594
0.0223769
0.0225944
0.0228118
0.0230292
0.0232465
0.0234637
0.0236809
0.023898
0.0241151
0.0243321
0.0245491
0.024766
0.0249828
0.0251996
0.0254163
0.0256329
0.0258495
0.026066
0.0262825
0.0264989
0.0267152
0.0269314
0.0271476
0.0273638
0.0275798
0.0277958
0.0280117
0.0282276
0.0284434
0.0286591
0.0288747
0.0290903
0.0293058
0.0295212
0.0297365
0.0299518
0.030167
0.0303822
0.0305972
0.0308122
0.0310271
0.0312419
0.0314567
0.0316713
0.0318859
0.0321004
0.0323149
0.0325292
0.0327435
0.0329577
0.0331718
0.0333859
0.0335998
0.0338137
0.0340275
0.0342412
0.0344548
0.0346683
0.0348817
0.0350951
0.0353084
0.0355216
0.0357347
0.0359477
0.0361606
0.0363734
0.0365862
0.0367988
0.0370114
0.0372238
0.0374362
0.0376485
0.0378607
0.0380728
0.0382848
0.0384967
0.0387085
0.0389202
0.0391318
0.0393434
0.0395548
0.0397661
0.0399774
0.0401885
0.0403995
0.0406105
0.0408213
0.041032
0.0412427
0.0414532
0.0416636
0.041874
0.0420842
0.0422943
0.0425043
0.0427142
0.042924
0.0431337
0.0433433
0.0435528
0.0437622
0.0439715
0.0441806
0.0443897
0.0445986
0.0448075
0.0450162
0.0452248
0.0454333
0.0456417
0.04585
0.0460581
0.0462662
0.0464741
0.0466819
0.0468896
0.0470972
0.0473047
0.0475121
0.0477193
0.0479264
0.0481334
0.0483403
0.0485471
0.0487537
0.0489602
0.0491666
0.0493729
0.0495791
0.0497851
0.049991
0.0501968
0.0504025
0.050608
0.0508135
0.0510188
0.0512239
0.051429
0.0516339
0.0518387
0.0520433
0.0522479
0.0524523
0.0526565
0.0528607
0.0530647
0.0532686
0.0534723
0.0536759
0.0538794
0.0540828
0.054286
0.0544891
0.054692
0.0548949
0.0550975
0.0553001
0.0555025
0.0557048
0.0559069
0.0561089
0.0563107
0.0565125
0.056714
0.0569155
0.0571168
0.0573179
0.057519
0.0577198
0.0579206
0.0581211
0.0583216
0.0585219
0.0587221
0.0589221
0.0591219
0.0593217
0.0595212
0.0597207
0.0599199
0.0601191
0.0603181
0.0605169
0.0607156
0.0609141
0.0611125
0.0613107
0.0615088
0.0617067
0.0619045
0.0621022
0.0622996
0.0624969
0.0626941
0.0628911
0.063088
0.0632847
0.0634812
0.0636776
0.0638738
0.0640699
0.0642658
0.0644616
0.0646572
0.0648526
0.0650479
0.065243
0.065438
0.0656328
0.0658274
0.0660219
0.0662162
0.0664103
0.0666043
0.0667981
0.0669918
0.0671853
0.0673786
0.0675717
0.0677647
0.0679575
0.0681502
0.0683427
0.068535
0.0687271
0.0689191
0.0691109
0.0693026
0.069494
0.0696853
0.0698764
0.0700674
0.0702582
0.0704488
0.0706392
0.0708295
0.0710195
0.0712094
0.0713992
0.0715887
0.0717781
0.0719673
0.0721563
0.0723452
0.0725338
0.0727223
0.0729106
0.0730987
0.0732867
0.0734745
0.073662
0.0738494
0.0740367
0.0742237
0.0744106
0.0745972
0.0747837
0.07497
0.0751561
0.0753421
0.0755278
0.0757134
0.0758987
0.0760839
0.0762689
0.0764537
0.0766384
0.0768228
0.077007
0.0771911
0.077375
0.0775586
0.0777421
0.0779254
0.0781085
0.0782914
0.0784741
0.0786566
0.0788389
0.0790211
0.079203
0.0793847
0.0795663
0.0797476
0.0799288
0.0801097
0.0802905
0.080471
0.0806514
0.0808315
0.0810115
0.0811913
0.0813708
0.0815502
0.0817293
0.0819083
0.082087
0.0822656
0.0824439
0.0826221
0.0828
0.0829778
0.0831553
0.0833326
0.0835097
0.0836866
0.0838633
0.0840398
0.0842161
0.0843922
0.0845681
0.0847438
0.0849192
0.0850945
0.0852695
0.0854443
0.085619
0.0857934
0.0859676
0.0861416
0.0863153
0.0864889
0.0866622
0.0868354
0.0870083
0.087181
0.0873535
0.0875257
0.0876978
0.0878696
0.0880412
0.0882126
0.0883838
0.0885548
0.0887256
0.0888961
0.0890664
0.0892365
0.0894064
0.089576
0.0897454
0.0899147
0.0900836
0.0902524
0.0904209
0.0905893
0.0907574
0.0909252
0.0910929
0.0912603
0.0914275
0.0915945
0.0917612
0.0919277
0.092094
0.0922601
0.0924259
0.0925915
0.0927569
0.0929221
0.093087
0.0932517
0.0934162
0.0935804
0.0937444
0.0939082
0.0940717
0.094235
0.0943981
0.0945609
0.0947235
0.0948859
0.095048
0.0952099
0.0953716
0.0955331
0.0956943
0.0958552
0.0960159
0.0961764
0.0963367
0.0964967
0.0966565
0.096816
0.0969753
0.0971344
0.0972932
0.0974518
0.0976101
0.0977682
0.0979261
0.0980837
0.0982411
0.0983982
0.0985551
0.0987117
0.0988681
0.0990243
0.0991802
0.0993359
0.0994913
0.0996465
0.0998014
0.0999561
0.100111
0.100265
0.100419
0.100572
0.100726
0.100879
0.101032
0.101185
0.101337
0.101489
0.101641
0.101793
0.101944
0.102096
0.102247
0.102397
0.102548
0.102698
0.102848
0.102998
0.103147
0.103296
0.103445
0.103594
0.103742
0.10389
0.104038
0.104186
0.104333
0.10448
0.104627
0.104774
0.10492
0.105066
0.105212
0.105358
0.105503
0.105648
0.105793
0.105937
0.106082
0.106226
0.106369
0.106513
0.106656
0.106799
0.106942
0.107084
0.107226
0.107368
0.10751
0.107651
0.107792
0.107933
0.108074
0.108214
0.108354
0.108494
0.108633
0.108773
0.108912
0.10905
0.109189
0.109327
0.109465
0.109602
0.10974
0.109877
0.110014
0.11015
0.110286
0.110422
0.110558
0.110694
0.110829
0.110964
0.111098
0.111233
0.111367
0.1115
0.111634
0.111767
0.1119
0.112033
0.112165
0.112298
0.112429
0.112561
0.112692
0.112823
0.112954
0.113085
0.113215
0.113345
0.113474
0.113604
0.113733
0.113862
0.11399
0.114118
0.114246
0.114374
0.114501
0.114628
0.114755
0.114882
0.115008
0.115134
0.11526
0.115385
0.11551
0.115635
0.11576
0.115884
0.116008
0.116132
0.116255
0.116378
0.116501
0.116624
0.116746
0.116868
0.11699
0.117111
0.117232
0.117353
0.117473
0.117594
0.117714
0.117833
0.117953
0.118072
0.11819
0.118309
0.118427
0.118545
0.118663
0.11878
0.118897
0.119014
0.11913
0.119246
0.119362
0.119478
0.119593
0.119708
0.119823
0.119937
0.120051
0.120165
0.120278
0.120392
0.120504
0.120617
0.120729
0.120841
0.120953
0.121065
0.121176
0.121286
0.121397
0.121507
0.121617
0.121727
0.121836
0.121945
0.122054
0.122162
0.12227
0.122378
0.122486
0.122593
0.1227
0.122806
0.122913
0.123019
0.123124
0.12323
0.123335
0.123439
0.123544
0.123648
0.123752
0.123855
0.123959
0.124062
0.124164
0.124267
0.124369
0.12447
0.124572
0.124673
0.124774
0.124874
0.124974
0.125074
0.125174
0.125273
0.125372
0.125471
0.125569
0.125667
0.125765
0.125862
0.125959
0.126056
0.126152
0.126249
0.126344
0.12644
0.126535
0.12663
0.126725
0.126819
0.126913
0.127007
0.1271
0.127193
0.127286
0.127378
0.12747
0.127562
0.127653
0.127744
0.127835
0.127926
0.128016
0.128106
0.128195
0.128285
0.128374
0.128462
0.12855
0.128638
0.128726
0.128813
0.1289
0.128987
0.129074
0.12916
0.129245
0.129331
0.129416
0.129501
0.129585
0.129669
0.129753
0.129837
0.12992
0.130003
0.130085
0.130168
0.130249
0.130331
0.130412
0.130493
0.130574
0.130654
0.130734
0.130814
0.130893
0.130972
0.131051
0.131129
0.131207
0.131285
0.131362
0.131439
0.131516
0.131593
0.131669
0.131744
0.13182
0.131895
0.13197
0.132044
0.132118
0.132192
0.132266
0.132339
0.132412
0.132484
0.132556
0.132628
0.1327
0.132771
0.132842
0.132912
0.132983
0.133053
0.133122
0.133191
0.13326
0.133329
0.133397
0.133465
0.133533
0.1336
0.133667
0.133733
0.1338
0.133866
0.133931
0.133996
0.134061
0.134126
0.13419
0.134254
0.134318
0.134381
0.134444
0.134507
0.134569
0.134631
0.134693
0.134754
0.134815
0.134876
0.134936
0.134996
0.135056
0.135115
0.135174
0.135232
0.135291
0.135349
0.135406
0.135464
0.135521
0.135577
0.135634
0.13569
0.135745
0.1358
0.135855
0.13591
0.135964
0.136018
0.136072
0.136125
0.136178
0.136231
0.136283
0.136335
0.136387
0.136438
0.136489
0.136539
0.13659
0.13664
0.136689
0.136738
0.136787
0.136836
0.136884
0.136932
0.136979
0.137027
0.137074
0.13712
0.137166
0.137212
0.137258
0.137303
0.137348
0.137392
0.137436
0.13748
0.137524
0.137567
0.13761
0.137652
0.137694
0.137736
0.137778
0.137819
0.137859
0.1379
0.13794
0.13798
0.138019
0.138058
0.138097
0.138135
0.138173
0.138211
0.138248
0.138286
0.138322
0.138359
0.138395
0.13843
0.138466
0.138501
0.138535
0.138569
0.138603
0.138637
0.13867
0.138703
0.138736
0.138768
0.1388
0.138831
0.138863
0.138894
0.138924
0.138954
0.138984
0.139014
0.139043
0.139072
0.1391
0.139128
0.139156
0.139183
0.139211
0.139237
0.139264
0.13929
0.139315
0.139341
0.139366
0.139391
0.139415
0.139439
0.139463
0.139486
0.139509
0.139532
0.139554
0.139576
0.139597
0.139619
0.13964
0.13966
0.13968
0.1397
0.13972
0.139739
0.139758
0.139776
0.139794
0.139812
0.13983
0.139847
0.139863
0.13988
0.139896
0.139912
0.139927
0.139942
0.139957
0.139971
0.139985
0.139999
0.140012
0.140025
0.140038
0.14005
0.140062
0.140074
0.140085
0.140096
0.140106
0.140116
0.140126
0.140136
0.140145
0.140154
0.140162
0.14017
0.140178
0.140186
0.140193
0.1402
0.140206
0.140212
0.140218
0.140223
0.140228
0.140233
0.140237
0.140241
0.140245
0.140248
0.140251
0.140254
0.140256
0.140258
0.140259
0.14026
0.140261
0.140262
0.140262
0.140262
0.140261
0.14026
0.140259
0.140258
0.140256
0.140254
0.140251
0.140248
0.140245
0.140241
0.140237
0.140233
0.140228
0.140223
0.140218
0.140212
0.140206
0.1402
0.140193
0.140186
0.140178
0.14017
0.140162
0.140154
0.140145
0.140136
0.140126
0.140116
0.140106
0.140096
0.140085
0.140074
0.140062
0.14005
0.140038
0.140025
0.140012
0.139999
0.139985
0.139971
0.139957
0.139942
0.139927
0.139912
0.139896
0.13988
0.139863
0.139847
0.13983
0.139812
0.139794
0.139776
0.139758
0.139739
0.13972
0.1397
0.13968
0.13966
0.13964
0.139619
0.139597
0.139576
0.139554
0.139532
0.139509
0.139486
0.139463
0.139439
0.139415
0.139391
0.139366
0.139341
0.139315
0.13929
0.139264
0.139237
0.139211
0.139183
0.139156
0.139128
0.1391
0.139072
0.139043
0.139014
0.138984
0.138954
0.138924
0.138894
0.138863
0.138831
0.1388
0.138768
0.138736
0.138703
0.13867
0.138637
0.138603
0.138569
0.138535
0.138501
0.138466
0.13843
0.138395
0.138359
0.138322
0.138286
0.138248
0.138211
0.138173
0.138135
0.138097
0.138058
0.138019
0.13798
0.13794
0.1379
0.137859
0.137819
0.137778
0.137736
0.137694
0.137652
0.13761
0.137567
0.137524
0.13748
0.137436
0.137392
0.137348
0.137303
0.137258
0.137212
0.137166
0.13712
0.137074
0.137027
0.136979
0.136932
0.136884
0.136836
0.136787
0.136738
0.136689
0.13664
0.13659
0.136539
0.136489
0.136438
0.136387
0.136335
0.136283
0.136231
0.136178
0.136125
0.136072
0.136018
0.135964
0.13591
0.135855
0.1358
0.135745
0.13569
0.135634
0.135577
0.135521
0.135464
0.135406
0.135349
0.135291
0.135232
0.135174
0.135115
0.135056
0.134996
0.134936
0.134876
0.134815
0.134754
0.134693
0.134631
0.134569
0.134507
0.134444
0.134381
0.134318
0.134254
0.13419
0.134126
0.134061
0.133996
0.133931
0.133866
0.1338
0.133733
0.133667
0.1336
0.133533
0.133465
0.133397
0.133329
0.13326
0.133191
0.133122
0.133053
0.132983
0.132912
0.132842
0.132771
0.1327
0.132628
0.132556
0.132484
0.132412
0.132339
0.132266
0.132192
0.132118
0.132044
0.13197
0.131895
0.13182
0.131744
0.131669
0.131593
0.131516
0.131439
0.131362
0.131285
0.131207
0.131129
0.131051
0.130972
0.130893
0.130814
0.130734
0.130654
0.130574
0.130493
0.130412
0.130331
0.130249
0.130168
0.130085
0.130003
0.12992
0.129837
0.129753
0.129669
0.129585
0.129501
0.129416
0.129331
0.129245
0.12916
0.129074
0.128987
0.1289
0.128813
0.128726
0.128638
0.12855
0.128462
0.128374
0.128285
0.128195
0.128106
0.128016
0.127926
0.127835
0.127744
0.127653
0.127562
0.12747
0.127378
0.127286
0.127193
0.1271
0.127007
0.126913
0.126819
0.126725
0.12663
0.126535
0.12644
0.126344
0.126249
0.126152
0.126056
0.125959
0.125862
0.125765
0.125667
0.125569
0.125471
0.125372
0.125273
0.125174
0.125074
0.124974
0.124874
0.124774
0.124673
0.124572
0.12447
0.124369
0.124267
0.124164
0.124062
0.123959
0.123855
0.123752
0.123648
0.123544
0.123439
0.123335
0.12323
0.123124
0.123019
0.122913
0.122806
0.1227
0.122593
0.122486
0.122378
0.12227
0.122162
0.122054
0.121945
0.121836
0.121727
0.121617
0.121507
0.121397
0.121286
0.121176
0.121065
0.120953
0.120841
0.120729
0.120617
0.120504
0.120392
0.120278
0.120165
0.120051
0.119937
0.119823
0.119708
0.119593
0.119478
0.119362
0.119246
0.11913
0.119014
0.118897
0.11878
0.118663
0.118545
0.118427
0.118309
0.11819
0.118072
0.117953
0.117833
0.117714
0.117594
0.117473
0.117353
0.117232
0.117111
0.11699
0.116868
0.116746
0.116624
0.116501
0.116378
0.116255
0.116132
0.116008
0.115884
0.11576
0.115635
0.11551
0.115385
0.11526
0.115134
0.115008
0.114882
0.114755
0.114628
0.114501
0.114374
0.114246
0.114118
0.11399
0.113862
0.113733
0.113604
0.113474
0.113345
0.113215
0.113085
0.112954
0.112823
0.112692
0.112561
0.112429
0.112298
0.112165
0.112033
0.1119
0.111767
0.111634
0.1115
0.111367
0.111233
0.111098
0.110964
0.110829
0.110694
0.110558
0.110422
0.110286
0.11015
0.110014
0.109877
0.10974
0.109602
0.109465
0.109327
0.109189
0.10905
0.108912
0.108773
0.108633
0.108494
0.108354
0.108214
0.108074
0.107933
0.107792
0.107651
0.10751
0.107368
0.107226
0.107084
0.106942
0.106799
0.106656
0.106513
0.106369
0.106226
0.106082
0.105937
0.105793
0.105648
0.105503
0.105358
0.105212
0.105066
0.10492
0.104774
0.104627
0.10448
0.104333
0.104186
0.104038
0.10389
0.103742
0.103594
0.103445
0.103296
0.103147
0.102998
0.102848
0.102698
0.102548
0.102397
0.102247
0.102096
0.101944
0.101793
0.101641
0.101489
0.101337
0.101185
0.101032
0.100879
0.100726
0.100572
0.100419
0.100265
0.100111
0.0999561
0.0998014
0.0996465
0.0994913
0.0993359
0.0991802
0.0990243
0.0988681
0.0987117
0.0985551
0.0983982
0.0982411
0.0980837
0.0979261
0.0977682
0.0976101
0.0974518
0.0972932
0.0971344
0.0969753
0.096816
0.0966565
0.0964967
0.0963367
0.0961764
0.0960159
0.0958552
0.0956943
0.0955331
0.0953716
0.0952099
0.095048
0.0948859
0.0947235
0.0945609
0.0943981
0.094235
0.0940717
0.0939082
0.0937444
0.0935804
0.0934162
0.0932517
0.093087
0.0929221
0.0927569
0.0925915
0.0924259
0.0922601
0.092094
0.0919277
0.0917612
0.0915945
0.0914275
0.0912603
0.0910929
0.0909252
0.0907574
0.0905893
0.0904209
0.0902524
0.0900836
0.0899147
0.0897454
0.089576
0.0894064
0.0892365
0.0890664
0.0888961
0.0887256
0.0885548
0.0883838
0.0882126
0.0880412
0.0878696
0.0876978
0.0875257
0.0873535
0.087181
0.0870083
0.0868354
0.0866622
0.0864889
0.0863153
0.0861416
0.0859676
0.0857934
0.085619
0.0854443
0.0852695
0.0850945
0.0849192
0.0847438
0.0845681
0.0843922
0.0842161
0.0840398
0.0838633
0.0836866
0.0835097
0.0833326
0.0831553
0.0829778
0.0828
0.0826221
0.0824439
0.0822656
0.082087
0.0819083
0.0817293
0.0815502
0.0813708
0.0811913
0.0810115
0.0808315
0.0806514
0.080471
0.0802905
0.0801097
0.0799288
0.0797476
0.0795663
0.0793847
0.079203
0.0790211
0.0788389
0.0786566
0.0784741
0.0782914
0.0781085
0.0779254
0.0777421
0.0775586
0.077375
0.0771911
0.077007
0.0768228
0.0766384
0.0764537
0.0762689
0.0760839
0.0758987
0.0757134
0.0755278
0.0753421
0.0751561
0.07497
0.0747837
0.0745972
0.0744106
0.0742237
0.0740367
0.0738494
0.073662
0.0734745
0.0732867
0.0730987
0.0729106
0.0727223
0.0725338
0.0723452
0.0721563
0.0719673
0.0717781
0.0715887
0.0713992
0.0712094
0.0710195
0.0708295
0.0706392
0.0704488
0.0702582
0.0700674
0.0698764
0.0696853
0.069494
0.0693026
0.0691109
0.0689191
0.0687271
0.068535
0.0683427
0.0681502
0.0679575
0.0677647
0.0675717
0.0673786
0.0671853
0.0669918
0.0667981
0.0666043
0.0664103
0.0662162
0.0660219
0.0658274
0.0656328
0.065438
0.065243
0.0650479
0.0648526
0.0646572
0.0644616
0.0642658
0.0640699
0.0638738
0.0636776
0.0634812
0.0632847
0.063088
0.0628911
0.0626941
0.0624969
0.0622996
0.0621022
0.0619045
0.0617067
0.0615088
0.0613107
0.0611125
0.0609141
0.0607156
0.0605169
0.0603181
0.0601191
0.0599199
0.0597207
0.0595212
0.0593217
0.0591219
0.0589221
0.0587221
0.0585219
0.0583216
0.0581211
0.0579206
0.0577198
0.057519
0.0573179
0.0571168
0.0569155
0.056714
0.0565125
0.0563107
0.0561089
0.0559069
0.0557048
0.0555025
0.0553001
0.0550975
0.0548949
0.054692
0.0544891
0.054286
0.0540828
0.0538794
0.0536759
0.0534723
0.0532686
0.0530647
0.0528607
0.0526565
0.0524523
0.0522479
0.0520433
0.0518387
0.0516339
0.051429
0.0512239
0.0510188
0.0508135
0.050608
0.0504025
0.0501968
0.049991
0.0497851
0.0495791
0.0493729
0.0491666
0.0489602
0.0487537
0.0485471
0.0483403
0.0481334
0.0479264
0.0477193
0.0475121
0.0473047
0.0470972
0.0468896
0.0466819
0.0464741
0.0462662
0.0460581
0.04585
0.0456417
0.0454333
0.0452248
0.0450162
0.0448075
0.0445986
0.0443897
0.0441806
0.0439715
0.0437622
0.0435528
0.0433433
0.0431337
0.042924
0.0427142
0.0425043
0.0422943
0.0420842
0.041874
0.0416636
0.0414532
0.0412427
0.041032
0.0408213
0.0406105
0.0403995
0.0401885
0.0399774
0.0397661
0.0395548
0.0393434
0.0391318
0.0389202
0.0387085
0.0384967
0.0382848
0.0380728
0.0378607
0.0376485
0.0374362
0.0372238
0.0370114
0.0367988
0.0365862
0.0363734
0.0361606
0.0359477
0.0357347
0.0355216
0.0353084
0.0350951
0.0348817
0.0346683
0.0344548
0.0342412
0.0340275
0.0338137
0.0335998
0.0333859
0.0331718
0.0329577
0.0327435
0.0325292
0.0323149
0.0321004
0.0318859
0.0316713
0.0314567
0.0312419
0.0310271
0.0308122
0.0305972
0.0303822
0.030167
0.0299518
0.0297365
0.0295212
0.0293058
0.0290903
0.0288747
0.0286591
0.0284434
0.0282276
0.0280117
0.0277958
0.0275798
0.0273638
0.0271476
0.0269314
0.0267152
0.0264989
0.0262825
0.026066
0.0258495
0.0256329
0.0254163
0.0251996
0.0249828
0.024766
0.0245491
0.0243321
0.0241151
0.023898
0.0236809
0.0234637
0.0232465
0.0230292
0.0228118
0.0225944
0.0223769
0.0221594
0.0219418
0.0217242
0.0215065
0.0212887
0.0210709
0.0208531
0.0206352
0.0204172
0.0201992
0.0199812
0.0197631
0.0195449
0.0193267
0.0191085
0.0188902
0.0186719
0.0184535
0.018235
0.0180166
0.0177981
0.0175795
0.0173609
0.0171422
0.0169235
0.0167048
0.016486
0.0162672
0.0160484
0.0158295
0.0156105
0.0153916
0.0151725
0.0149535
0.0147344
0.0145153
0.0142961
0.0140769
0.0138577
0.0136384
0.0134191
0.0131998
0.0129805
0.0127611
0.0125416
0.0123222
0.0121027
0.0118832
0.0116636
0.0114441
0.0112245
0.0110048
0.0107852
0.0105655
0.0103458
0.010126
0.00990628
0.0096865
0.00946669
0.00924686
0.009027
0.00880712
0.00858722
0.0083673
0.00814736
0.0079274
0.00770742
0.00748742
0.0072674
0.00704737
0.00682732
0.00660724
0.00638716
0.00616706
0.00594694
0.00572681
0.00550666
0.0052865
0.00506633
0.00484614
0.00462594
0.00440574
0.00418552
0.00396529
0.00374505
0.0035248
0.00330454
0.00308427
0.002864
0.00264372
0.00242343
0.00220314
0.00198284
0.00176254
0.00154223
0.00132192
0.0011016
0.000881286
0.000660967
0.000440645
0.000220323
0
 23.656131s wall, 23.630000s user + 0.020000s system = 23.650000s CPU (100.0%)
W0: -15999
W1: -15999
W2: -15998.9
W3: -15998.8
W4: -15998.8
W5: -15998.6
W6: -15998.5
W7: -15998.4
W8: -15998.2
W9: -15998
W10: -15997.8
W11: -15997.6
W12: -15997.3
W13: -15997.1
W14: -15996.8
W15: -15996.5
W16: -15996.2
W17: -15995.8
W18: -15995.4
W19: -15995.1
W20: -15994.7
W21: -15994.2
W22: -15993.8
W23: -15993.3
W24: -15992.8
W25: -15992.3
W26: -15991.8
W27: -15991.3
W28: -15990.7
W29: -15990.1
W30: -15989.5
W31: -15988.9
W32: -15988.3
W33: -15987.6
W34: -15986.9
W35: -15986.2
W36: -15985.5
W37: -15984.8
W38: -15984
W39: -15983.2
W40: -15982.4
W41: -15981.6
W42: -15980.8
W43: -15979.9
W44: -15979.1
W45: -15978.2
W46: -15977.3
W47: -15976.3
W48: -15975.4
W49: -15974.4
W50: -15973.4
W51: -15972.4
W52: -15971.3
W53: -15970.3
W54: -15969.2
W55: -15968.1
W56: -15967
W57: -15965.9
W58: -15964.7
W59: -15963.6
W60: -15962.4
W61: -15961.2
W62: -15959.9
W63: -15958.7
W64: -15957.4
W65: -15956.1
W66: -15954.8
W67: -15953.5
W68: -15952.2
W69: -15950.8
W70: -15949.4
W71: -15948
W72: -15946.6
W73: -15945.1
W74: -15943.7
W75: -15942.2
W76: -15940.7
W77: -15939.1
W78: -15937.6
W79: -15936
W80: -15934.5
W81: -15932.9
W82: -15931.2
W83: -15929.6
W84: -15927.9
W85: -15926.3
W86: -15924.6
W87: -15922.8
W88: -15921.1
W89: -15919.3
W90: -15917.6
W91: -15915.8
W92: -15914
W93: -15912.1
W94: -15910.3
W95: -15908.4
W96: -15906.5
W97: -15904.6
W98: -15902.7
W99: -15900.7
W100: -15898.7
W101: -15896.7
W102: -15894.7
W103: -15892.7
W104: -15890.7
W105: -15888.6
W106: -15886.5
W107: -15884.4
W108: -15882.3
W109: -15880.1
W110: -15877.9
W111: -15875.8
W112: -15873.6
W113: -15871.3
W114: -15869.1
W115: -15866.8
W116: -15864.5
W117: -15862.2
W118: -15859.9
W119: -15857.6
W120: -15855.2
W121: -15852.8
W122: -15850.4
W123: -15848
W124: -15845.6
W125: -15843.1
W126: -15840.7
W127: -15838.2
W128: -15835.6
W129: -15833.1
W130: -15830.6
W131: -15828
W132: -15825.4
W133: -15822.8
W134: -15820.2
W135: -15817.5
W136: -15814.8
W137: -15812.2
W138: -15809.4
W139: -15806.7
W140: -15804
W141: -15801.2
W142: -15798.4
W143: -15795.6
W144: -15792.8
W145: -15790
W146: -15787.1
W147: -15784.2
W148: -15781.3
W149: -15778.4
W150: -15775.5
W151: -15772.5
W152: -15769.5
W153: -15766.5
W154: -15763.5
W155: -15760.5
W156: -15757.4
W157: -15754.4
W158: -15751.3
W159: -15748.2
W160: -15745
W161: -15741.9
W162: -15738.7
W163: -15735.5
W164: -15732.3
W165: -15729.1
W166: -15725.9
W167: -15722.6
W168: -15719.3
W169: -15716
W170: -15712.7
W171: -15709.4
W172: -15706
W173: -15702.6
W174: -15699.2
W175: -15695.8
W176: -15692.4
W177: -15688.9
W178: -15685.5
W179: -15682
W180: -15678.5
W181: -15674.9
W182: -15671.4
W183: -15667.8
W184: -15664.2
W185: -15660.6
W186: -15657
W187: -15653.4
W188: -15649.7
W189: -15646
W190: -15642.3
W191: -15638.6
W192: -15634.9
W193: -15631.1
W194: -15627.4
W195: -15623.6
W196: -15619.8
W197: -15615.9
W198: -15612.1
W199: -15608.2
W200: -15604.3
W201: -15600.4
W202: -15596.5
W203: -15592.6
W204: -15588.6
W205: -15584.6
W206: -15580.6
W207: -15576.6
W208: -15572.6
W209: -15568.5
W210: -15564.5
W211: -15560.4
W212: -15556.3
W213: -15552.1
W214: -15548
W215: -15543.8
W216: -15539.6
W217: -15535.4
W218: -15531.2
W219: -15527
W220: -15522.7
W221: -15518.4
W222: -15514.2
W223: -15509.8
W224: -15505.5
W225: -15501.2
W226: -15496.8
W227: -15492.4
W228: -15488
W229: -15483.6
W230: -15479.1
W231: -15474.7
W232: -15470.2
W233: -15465.7
W234: -15461.2
W235: -15456.6
W236: -15452.1
W237: -15447.5
W238: -15442.9
W239: -15438.3
W240: -15433.7
W241: -15429
W242: -15424.4
W243: -15419.7
W244: -15415
W245: -15410.3
W246: -15405.6
W247: -15400.8
W248: -15396
W249: -15391.2
W250: -15386.4
W251: -15381.6
W252: -15376.8
W253: -15371.9
W254: -15367
W255: -15362.1
W256: -15357.2
W257: -15352.3
W258: -15347.3
W259: -15342.3
W260: -15337.3
W261: -15332.3
W262: -15327.3
W263: -15322.3
W264: -15317.2
W265: -15312.1
W266: -15307
W267: -15301.9
W268: -15296.8
W269: -15291.6
W270: -15286.5
W271: -15281.3
W272: -15276.1
W273: -15270.8
W274: -15265.6
W275: -15260.3
W276: -15255.1
W277: -15249.8
W278: -15244.4
W279: -15239.1
W280: -15233.8
W281: -15228.4
W282: -15223
W283: -15217.6
W284: -15212.2
W285: -15206.8
W286: -15201.3
W287: -15195.8
W288: -15190.3
W289: -15184.8
W290: -15179.3
W291: -15173.8
W292: -15168.2
W293: -15162.6
W294: -15157
W295: -15151.4
W296: -15145.8
W297: -15140.1
W298: -15134.4
W299: -15128.8
W300: -15123.1
W301: -15117.3
W302: -15111.6
W303: -15105.8
W304: -15100.1
W305: -15094.3
W306: -15088.5
W307: -15082.6
W308: -15076.8
W309: -15070.9
W310: -15065.1
W311: -15059.2
W312: -15053.3
W313: -15047.3
W314: -15041.4
W315: -15035.4
W316: -15029.4
W317: -15023.4
W318: -15017.4
W319: -15011.4
W320: -15005.3
W321: -14999.3
W322: -14993.2
W323: -14987.1
W324: -14981
W325: -14974.8
W326: -14968.7
W327: -14962.5
W328: -14956.3
W329: -14950.1
W330: -14943.9
W331: -14937.6
W332: -14931.4
W333: -14925.1
W334: -14918.8
W335: -14912.5
W336: -14906.2
W337: -14899.8
W338: -14893.5
W339: -14887.1
W340: -14880.7
W341: -14874.3
W342: -14867.9
W343: -14861.4
W344: -14855
W345: -14848.5
W346: -14842
W347: -14835.5
W348: -14829
W349: -14822.4
W350: -14815.9
W351: -14809.3
W352: -14802.7
W353: -14796.1
W354: -14789.4
W355: -14782.8
W356: -14776.1
W357: -14769.5
W358: -14762.8
W359: -14756
W360: -14749.3
W361: -14742.6
W362: -14735.8
W363: -14729
W364: -14722.2
W365: -14715.4
W366: -14708.6
W367: -14701.7
W368: -14694.9
W369: -14688
W370: -14681.1
W371: -14674.2
W372: -14667.3
W373: -14660.3
W374: -14653.4
W375: -14646.4
W376: -14639.4
W377: -14632.4
W378: -14625.4
W379: -14618.3
W380: -14611.3
W381: -14604.2
W382: -14597.1
W383: -14590
W384: -14582.9
W385: -14575.7
W386: -14568.6
W387: -14561.4
W388: -14554.2
W389: -14547
W390: -14539.8
W391: -14532.6
W392: -14525.3
W393: -14518
W394: -14510.7
W395: -14503.4
W396: -14496.1
W397: -14488.8
W398: -14481.5
W399: -14474.1
W400: -14466.7
W401: -14459.3
W402: -14451.9
W403: -14444.5
W404: -14437
W405: -14429.6
W406: -14422.1
W407: -14414.6
W408: -14407.1
W409: -14399.6
W410: -14392
W411: -14384.5
W412: -14376.9
W413: -14369.3
W414: -14361.7
W415: -14354.1
W416: -14346.5
W417: -14338.8
W418: -14331.2
W419: -14323.5
W420: -14315.8
W421: -14308.1
W422: -14300.3
W423: -14292.6
W424: -14284.8
W425: -14277.1
W426: -14269.3
W427: -14261.5
W428: -14253.7
W429: -14245.8
W430: -14238
W431: -14230.1
W432: -14222.2
W433: -14214.3
W434: -14206.4
W435: -14198.5
W436: -14190.5
W437: -14182.6
W438: -14174.6
W439: -14166.6
W440: -14158.6
W441: -14150.6
W442: -14142.6
W443: -14134.5
W444: -14126.5
W445: -14118.4
W446: -14110.3
W447: -14102.2
W448: -14094.1
W449: -14085.9
W450: -14077.8
W451: -14069.6
W452: -14061.4
W453: -14053.2
W454: -14045
W455: -14036.8
W456: -14028.5
W457: -14020.3
W458: -14012
W459: -14003.7
W460: -13995.4
W461: -13987.1
W462: -13978.8
W463: -13970.4
W464: -13962
W465: -13953.7
W466: -13945.3
W467: -13936.9
W468: -13928.5
W469: -13920
W470: -13911.6
W471: -13903.1
W472: -13894.6
W473: -13886.1
W474: -13877.6
W475: -13869.1
W476: -13860.6
W477: -13852
W478: -13843.5
W479: -13834.9
W480: -13826.3
W481: -13817.7
W482: -13809
W483: -13800.4
W484: -13791.8
W485: -13783.1
W486: -13774.4
W487: -13765.7
W488: -13757
W489: -13748.3
W490: -13739.6
W491: -13730.8
W492: -13722
W493: -13713.3
W494: -13704.5
W495: -13695.7
W496: -13686.8
W497: -13678
W498: -13669.2
W499: -13660.3
W500: -13651.4
W501: -13642.5
W502: -13633.6
W503: -13624.7
W504: -13615.8
W505: -13606.8
W506: -13597.9
W507: -13588.9
W508: -13579.9
W509: -13570.9
W510: -13561.9
W511: -13552.9
W512: -13543.8
W513: -13534.8
W514: -13525.7
W515: -13516.6
W516: -13507.5
W517: -13498.4
W518: -13489.3
W519: -13480.1
W520: -13471
W521: -13461.8
W522: -13452.6
W523: -13443.4
W524: -13434.2
W525: -13425
W526: -13415.8
W527: -13406.5
W528: -13397.3
W529: -13388
W530: -13378.7
W531: -13369.4
W532: -13360.1
W533: -13350.8
W534: -13341.5
W535: -13332.1
W536: -13322.7
W537: -13313.4
W538: -13304
W539: -13294.6
W540: -13285.2
W541: -13275.7
W542: -13266.3
W543: -13256.8
W544: -13247.4
W545: -13237.9
W546: -13228.4
W547: -13218.9
W548: -13209.4
W549: -13199.8
W550: -13190.3
W551: -13180.7
W552: -13171.2
W553: -13161.6
W554: -13152
W555: -13142.4
W556: -13132.7
W557: -13123.1
W558: -13113.5
W559: -13103.8
W560: -13094.1
W561: -13084.4
W562: -13074.8
W563: -13065
W564: -13055.3
W565: -13045.6
W566: -13035.8
W567: -13026.1
W568: -13016.3
W569: -13006.5
W570: -12996.7
W571: -12986.9
W572: -12977.1
W573: -12967.3
W574: -12957.4
W575: -12947.6
W576: -12937.7
W577: -12927.8
W578: -12917.9
W579: -12908
W580: -12898.1
W581: -12888.2
W582: -12878.2
W583: -12868.3
W584: -12858.3
W585: -12848.3
W586: -12838.3
W587: -12828.3
W588: -12818.3
W589: -12808.3
W590: -12798.2
W591: -12788.2
W592: -12778.1
W593: -12768.1
W594: -12758
W595: -12747.9
W596: -12737.8
W597: -12727.6
W598: -12717.5
W599: -12707.4
W600: -12697.2
W601: -12687.1
W602: -12676.9
W603: -12666.7
W604: -12656.5
W605: -12646.3
W606: -12636
W607: -12625.8
W608: -12615.6
W609: -12605.3
W610: -12595
W611: -12584.8
W612: -12574.5
W613: -12564.2
W614: -12553.8
W615: -12543.5
W616: -12533.2
W617: -12522.8
W618: -12512.5
W619: -12502.1
W620: -12491.7
W621: -12481.3
W622: -12470.9
W623: -12460.5
W624: -12450.1
W625: -12439.6
W626: -12429.2
W627: -12418.7
W628: -12408.3
W629: -12397.8
W630: -12387.3
W631: -12376.8
W632: -12366.3
W633: -12355.8
W634: -12345.2
W635: -12334.7
W636: -12324.1
W637: -12313.6
W638: -12303
W639: -12292.4
W640: -12281.8
W641: -12271.2
W642: -12260.6
W643: -12249.9
W644: -12239.3
W645: -12228.6
W646: -12218
W647: -12207.3
W648: -12196.6
W649: -12185.9
W650: -12175.2
W651: -12164.5
W652: -12153.8
W653: -12143.1
W654: -12132.3
W655: -12121.6
W656: -12110.8
W657: -12100
W658: -12089.3
W659: -12078.5
W660: -12067.7
W661: -12056.8
W662: -12046
W663: -12035.2
W664: -12024.3
W665: -12013.5
W666: -12002.6
W667: -11991.7
W668: -11980.9
W669: -11970
W670: -11959.1
W671: -11948.2
W672: -11937.2
W673: -11926.3
W674: -11915.4
W675: -11904.4
W676: -11893.4
W677: -11882.5
W678: -11871.5
W679: -11860.5
W680: -11849.5
W681: -11838.5
W682: -11827.5
W683: -11816.5
W684: -11805.4
W685: -11794.4
W686: -11783.3
W687: -11772.2
W688: -11761.2
W689: -11750.1
W690: -11739
W691: -11727.9
W692: -11716.8
W693: -11705.7
W694: -11694.5
W695: -11683.4
W696: -11672.2
W697: -11661.1
W698: -11649.9
W699: -11638.8
W700: -11627.6
W701: -11616.4
W702: -11605.2
W703: -11594
W704: -11582.7
W705: -11571.5
W706: -11560.3
W707: -11549
W708: -11537.8
W709: -11526.5
W710: -11515.2
W711: -11504
W712: -11492.7
W713: -11481.4
W714: -11470.1
W715: -11458.8
W716: -11447.4
W717: -11436.1
W718: -11424.8
W719: -11413.4
W720: -11402.1
W721: -11390.7
W722: -11379.3
W723: -11367.9
W724: -11356.5
W725: -11345.1
W726: -11333.7
W727: -11322.3
W728: -11310.9
W729: -11299.5
W730: -11288
W731: -11276.6
W732: -11265.1
W733: -11253.7
W734: -11242.2
W735: -11230.7
W736: -11219.2
W737: -11207.7
W738: -11196.2
W739: -11184.7
W740: -11173.2
W741: -11161.7
W742: -11150.1
W743: -11138.6
W744: -11127
W745: -11115.5
W746: -11103.9
W747: -11092.3
W748: -11080.8
W749: -11069.2
W750: -11057.6
W751: -11046
W752: -11034.4
W753: -11022.7
W754: -11011.1
W755: -10999.5
W756: -10987.8
W757: -10976.2
W758: -10964.5
W759: -10952.9
W760: -10941.2
W761: -10929.5
W762: -10917.8
W763: -10906.1
W764: -10894.4
W765: -10882.7
W766: -10871
W767: -10859.3
W768: -10847.6
W769: -10835.8
W770: -10824.1
W771: -10812.3
W772: -10800.6
W773: -10788.8
W774: -10777.1
W775: -10765.3
W776: -10753.5
W777: -10741.7
W778: -10729.9
W779: -10718.1
W780: -10706.3
W781: -10694.5
W782: -10682.7
W783: -10670.8
W784: -10659
W785: -10647.2
W786: -10635.3
W787: -10623.5
W788: -10611.6
W789: -10599.7
W790: -10587.8
W791: -10576
W792: -10564.1
W793: -10552.2
W794: -10540.3
W795: -10528.4
W796: -10516.5
W797: -10504.5
W798: -10492.6
W799: -10480.7
W800: -10468.7
W801: -10456.8
W802: -10444.9
W803: -10432.9
W804: -10420.9
W805: -10409
W806: -10397
W807: -10385
W808: -10373
W809: -10361
W810: -10349
W811: -10337
W812: -10325
W813: -10313
W814: -10301
W815: -10289
W816: -10276.9
W817: -10264.9
W818: -10252.9
W819: -10240.8
W820: -10228.8
W821: -10216.7
W822: -10204.6
W823: -10192.6
W824: -10180.5
W825: -10168.4
W826: -10156.3
W827: -10144.2
W828: -10132.1
W829: -10120
W830: -10107.9
W831: -10095.8
W832: -10083.7
W833: -10071.6
W834: -10059.4
W835: -10047.3
W836: -10035.2
W837: -10023
W838: -10010.9
W839: -9998.73
W840: -9986.57
W841: -9974.41
W842: -9962.24
W843: -9950.07
W844: -9937.89
W845: -9925.71
W846: -9913.53
W847: -9901.33
W848: -9889.14
W849: -9876.94
W850: -9864.73
W851: -9852.52
W852: -9840.31
W853: -9828.09
W854: -9815.86
W855: -9803.64
W856: -9791.4
W857: -9779.17
W858: -9766.93
W859: -9754.68
W860: -9742.43
W861: -9730.18
W862: -9717.92
W863: -9705.66
W864: -9693.39
W865: -9681.12
W866: -9668.84
W867: -9656.56
W868: -9644.28
W869: -9631.99
W870: -9619.7
W871: -9607.4
W872: -9595.11
W873: -9582.8
W874: -9570.49
W875: -9558.18
W876: -9545.87
W877: -9533.55
W878: -9521.23
W879: -9508.9
W880: -9496.57
W881: -9484.24
W882: -9471.9
W883: -9459.56
W884: -9447.21
W885: -9434.87
W886: -9422.51
W887: -9410.16
W888: -9397.8
W889: -9385.44
W890: -9373.07
W891: -9360.7
W892: -9348.33
W893: -9335.96
W894: -9323.58
W895: -9311.19
W896: -9298.81
W897: -9286.42
W898: -9274.03
W899: -9261.63
W900: -9249.24
W901: -9236.83
W902: -9224.43
W903: -9212.02
W904: -9199.61
W905: -9187.2
W906: -9174.78
W907: -9162.37
W908: -9149.94
W909: -9137.52
W910: -9125.09
W911: -9112.66
W912: -9100.23
W913: -9087.79
W914: -9075.35
W915: -9062.91
W916: -9050.47
W917: -9038.02
W918: -9025.57
W919: -9013.12
W920: -9000.67
W921: -8988.21
W922: -8975.75
W923: -8963.29
W924: -8950.83
W925: -8938.36
W926: -8925.9
W927: -8913.43
W928: -8900.95
W929: -8888.48
W930: -8876
W931: -8863.52
W932: -8851.04
W933: -8838.56
W934: -8826.07
W935: -8813.58
W936: -8801.09
W937: -8788.6
W938: -8776.11
W939: -8763.61
W940: -8751.12
W941: -8738.62
W942: -8726.12
W943: -8713.61
W944: -8701.11
W945: -8688.6
W946: -8676.1
W947: -8663.59
W948: -8651.07
W949: -8638.56
W950: -8626.05
W951: -8613.53
W952: -8601.01
W953: -8588.49
W954: -8575.97
W955: -8563.45
W956: -8550.93
W957: -8538.4
W958: -8525.88
W959: -8513.35
W960: -8500.82
W961: -8488.29
W962: -8475.76
W963: -8463.23
W964: -8450.7
W965: -8438.16
W966: -8425.63
W967: -8413.09
W968: -8400.55
W969: -8388.01
W970: -8375.48
W971: -8362.94
W972: -8350.39
W973: -8337.85
W974: -8325.31
W975: -8312.76
W976: -8300.22
W977: -8287.68
W978: -8275.13
W979: -8262.58
W980: -8250.04
W981: -8237.49
W982: -8224.94
W983: -8212.39
W984: -8199.84
W985: -8187.29
W986: -8174.74
W987: -8162.19
W988: -8149.64
W989: -8137.09
W990: -8124.53
W991: -8111.98
W992: -8099.43
W993: -8086.87
W994: -8074.32
W995: -8061.77
W996: -8049.21
W997: -8036.66
W998: -8024.11
W999: -8011.55
W1000: -7999
W1001: -7986.45
W1002: -7973.89
W1003: -7961.34
W1004: -7948.79
W1005: -7936.23
W1006: -7923.68
W1007: -7911.13
W1008: -7898.57
W1009: -7886.02
W1010: -7873.47
W1011: -7860.91
W1012: -7848.36
W1013: -7835.81
W1014: -7823.26
W1015: -7810.71
W1016: -7798.16
W1017: -7785.61
W1018: -7773.06
W1019: -7760.51
W1020: -7747.96
W1021: -7735.42
W1022: -7722.87
W1023: -7710.32
W1024: -7697.78
W1025: -7685.24
W1026: -7672.69
W1027: -7660.15
W1028: -7647.61
W1029: -7635.06
W1030: -7622.52
W1031: -7609.99
W1032: -7597.45
W1033: -7584.91
W1034: -7572.37
W1035: -7559.84
W1036: -7547.3
W1037: -7534.77
W1038: -7522.24
W1039: -7509.71
W1040: -7497.18
W1041: -7484.65
W1042: -7472.12
W1043: -7459.6
W1044: -7447.07
W1045: -7434.55
W1046: -7422.03
W1047: -7409.51
W1048: -7396.99
W1049: -7384.47
W1050: -7371.95
W1051: -7359.44
W1052: -7346.93
W1053: -7334.41
W1054: -7321.9
W1055: -7309.4
W1056: -7296.89
W1057: -7284.39
W1058: -7271.88
W1059: -7259.38
W1060: -7246.88
W1061: -7234.39
W1062: -7221.89
W1063: -7209.4
W1064: -7196.91
W1065: -7184.42
W1066: -7171.93
W1067: -7159.44
W1068: -7146.96
W1069: -7134.48
W1070: -7122
W1071: -7109.52
W1072: -7097.05
W1073: -7084.57
W1074: -7072.1
W1075: -7059.64
W1076: -7047.17
W1077: -7034.71
W1078: -7022.25
W1079: -7009.79
W1080: -6997.33
W1081: -6984.88
W1082: -6972.43
W1083: -6959.98
W1084: -6947.53
W1085: -6935.09
W1086: -6922.65
W1087: -6910.21
W1088: -6897.77
W1089: -6885.34
W1090: -6872.91
W1091: -6860.48
W1092: -6848.06
W1093: -6835.63
W1094: -6823.22
W1095: -6810.8
W1096: -6798.39
W1097: -6785.98
W1098: -6773.57
W1099: -6761.17
W1100: -6748.76
W1101: -6736.37
W1102: -6723.97
W1103: -6711.58
W1104: -6699.19
W1105: -6686.81
W1106: -6674.42
W1107: -6662.04
W1108: -6649.67
W1109: -6637.3
W1110: -6624.93
W1111: -6612.56
W1112: -6600.2
W1113: -6587.84
W1114: -6575.49
W1115: -6563.13
W1116: -6550.79
W1117: -6538.44
W1118: -6526.1
W1119: -6513.76
W1120: -6501.43
W1121: -6489.1
W1122: -6476.77
W1123: -6464.45
W1124: -6452.13
W1125: -6439.82
W1126: -6427.51
W1127: -6415.2
W1128: -6402.89
W1129: -6390.6
W1130: -6378.3
W1131: -6366.01
W1132: -6353.72
W1133: -6341.44
W1134: -6329.16
W1135: -6316.88
W1136: -6304.61
W1137: -6292.34
W1138: -6280.08
W1139: -6267.82
W1140: -6255.57
W1141: -6243.32
W1142: -6231.07
W1143: -6218.83
W1144: -6206.6
W1145: -6194.36
W1146: -6182.14
W1147: -6169.91
W1148: -6157.69
W1149: -6145.48
W1150: -6133.27
W1151: -6121.06
W1152: -6108.86
W1153: -6096.67
W1154: -6084.47
W1155: -6072.29
W1156: -6060.11
W1157: -6047.93
W1158: -6035.76
W1159: -6023.59
W1160: -6011.43
W1161: -5999.27
W1162: -5987.12
W1163: -5974.97
W1164: -5962.83
W1165: -5950.69
W1166: -5938.55
W1167: -5926.43
W1168: -5914.3
W1169: -5902.19
W1170: -5890.07
W1171: -5877.97
W1172: -5865.87
W1173: -5853.77
W1174: -5841.68
W1175: -5829.59
W1176: -5817.51
W1177: -5805.43
W1178: -5793.36
W1179: -5781.3
W1180: -5769.24
W1181: -5757.19
W1182: -5745.14
W1183: -5733.1
W1184: -5721.06
W1185: -5709.03
W1186: -5697
W1187: -5684.98
W1188: -5672.97
W1189: -5660.96
W1190: -5648.96
W1191: -5636.96
W1192: -5624.97
W1193: -5612.98
W1194: -5601
W1195: -5589.03
W1196: -5577.06
W1197: -5565.1
W1198: -5553.15
W1199: -5541.2
W1200: -5529.25
W1201: -5517.31
W1202: -5505.38
W1203: -5493.46
W1204: -5481.54
W1205: -5469.63
W1206: -5457.72
W1207: -5445.82
W1208: -5433.92
W1209: -5422.04
W1210: -5410.15
W1211: -5398.28
W1212: -5386.41
W1213: -5374.55
W1214: -5362.69
W1215: -5350.84
W1216: -5339
W1217: -5327.16
W1218: -5315.33
W1219: -5303.51
W1220: -5291.7
W1221: -5279.89
W1222: -5268.08
W1223: -5256.29
W1224: -5244.5
W1225: -5232.71
W1226: -5220.94
W1227: -5209.17
W1228: -5197.41
W1229: -5185.65
W1230: -5173.9
W1231: -5162.16
W1232: -5150.43
W1233: -5138.7
W1234: -5126.98
W1235: -5115.27
W1236: -5103.56
W1237: -5091.86
W1238: -5080.17
W1239: -5068.48
W1240: -5056.81
W1241: -5045.13
W1242: -5033.47
W1243: -5021.82
W1244: -5010.17
W1245: -4998.53
W1246: -4986.89
W1247: -4975.27
W1248: -4963.65
W1249: -4952.04
W1250: -4940.43
W1251: -4928.84
W1252: -4917.25
W1253: -4905.67
W1254: -4894.09
W1255: -4882.53
W1256: -4870.97
W1257: -4859.42
W1258: -4847.87
W1259: -4836.34
W1260: -4824.81
W1261: -4813.29
W1262: -4801.78
W1263: -4790.28
W1264: -4778.78
W1265: -4767.29
W1266: -4755.81
W1267: -4744.34
W1268: -4732.88
W1269: -4721.42
W1270: -4709.97
W1271: -4698.53
W1272: -4687.1
W1273: -4675.68
W1274: -4664.26
W1275: -4652.86
W1276: -4641.46
W1277: -4630.07
W1278: -4618.69
W1279: -4607.31
W1280: -4595.95
W1281: -4584.59
W1282: -4573.24
W1283: -4561.9
W1284: -4550.57
W1285: -4539.24
W1286: -4527.93
W1287: -4516.62
W1288: -4505.33
W1289: -4494.04
W1290: -4482.76
W1291: -4471.48
W1292: -4460.22
W1293: -4448.97
W1294: -4437.72
W1295: -4426.48
W1296: -4415.26
W1297: -4404.04
W1298: -4392.83
W1299: -4381.62
W1300: -4370.43
W1301: -4359.25
W1302: -4348.07
W1303: -4336.91
W1304: -4325.75
W1305: -4314.6
W1306: -4303.46
W1307: -4292.34
W1308: -4281.21
W1309: -4270.1
W1310: -4259
W1311: -4247.91
W1312: -4236.82
W1313: -4225.75
W1314: -4214.69
W1315: -4203.63
W1316: -4192.58
W1317: -4181.55
W1318: -4170.52
W1319: -4159.5
W1320: -4148.49
W1321: -4137.49
W1322: -4126.5
W1323: -4115.52
W1324: -4104.55
W1325: -4093.59
W1326: -4082.64
W1327: -4071.7
W1328: -4060.76
W1329: -4049.84
W1330: -4038.93
W1331: -4028.03
W1332: -4017.13
W1333: -4006.25
W1334: -3995.38
W1335: -3984.51
W1336: -3973.66
W1337: -3962.82
W1338: -3951.98
W1339: -3941.16
W1340: -3930.34
W1341: -3919.54
W1342: -3908.75
W1343: -3897.96
W1344: -3887.19
W1345: -3876.42
W1346: -3865.67
W1347: -3854.93
W1348: -3844.19
W1349: -3833.47
W1350: -3822.76
W1351: -3812.06
W1352: -3801.36
W1353: -3790.68
W1354: -3780.01
W1355: -3769.35
W1356: -3758.7
W1357: -3748.06
W1358: -3737.43
W1359: -3726.81
W1360: -3716.2
W1361: -3705.6
W1362: -3695.02
W1363: -3684.44
W1364: -3673.87
W1365: -3663.32
W1366: -3652.77
W1367: -3642.24
W1368: -3631.72
W1369: -3621.2
W1370: -3610.7
W1371: -3600.21
W1372: -3589.73
W1373: -3579.26
W1374: -3568.8
W1375: -3558.35
W1376: -3547.92
W1377: -3537.49
W1378: -3527.08
W1379: -3516.67
W1380: -3506.28
W1381: -3495.9
W1382: -3485.53
W1383: -3475.17
W1384: -3464.82
W1385: -3454.48
W1386: -3444.16
W1387: -3433.84
W1388: -3423.54
W1389: -3413.25
W1390: -3402.96
W1391: -3392.69
W1392: -3382.44
W1393: -3372.19
W1394: -3361.95
W1395: -3351.73
W1396: -3341.52
W1397: -3331.32
W1398: -3321.13
W1399: -3310.95
W1400: -3300.78
W1401: -3290.63
W1402: -3280.48
W1403: -3270.35
W1404: -3260.23
W1405: -3250.12
W1406: -3240.03
W1407: -3229.94
W1408: -3219.87
W1409: -3209.81
W1410: -3199.76
W1411: -3189.72
W1412: -3179.69
W1413: -3169.68
W1414: -3159.67
W1415: -3149.68
W1416: -3139.71
W1417: -3129.74
W1418: -3119.78
W1419: -3109.84
W1420: -3099.91
W1421: -3089.99
W1422: -3080.09
W1423: -3070.19
W1424: -3060.31
W1425: -3050.44
W1426: -3040.58
W1427: -3030.74
W1428: -3020.9
W1429: -3011.08
W1430: -3001.27
W1431: -2991.48
W1432: -2981.69
W1433: -2971.92
W1434: -2962.16
W1435: -2952.41
W1436: -2942.68
W1437: -2932.96
W1438: -2923.25
W1439: -2913.55
W1440: -2903.87
W1441: -2894.19
W1442: -2884.53
W1443: -2874.89
W1444: -2865.25
W1445: -2855.63
W1446: -2846.02
W1447: -2836.43
W1448: -2826.84
W1449: -2817.27
W1450: -2807.71
W1451: -2798.17
W1452: -2788.63
W1453: -2779.11
W1454: -2769.61
W1455: -2760.11
W1456: -2750.63
W1457: -2741.16
W1458: -2731.71
W1459: -2722.27
W1460: -2712.84
W1461: -2703.42
W1462: -2694.02
W1463: -2684.63
W1464: -2675.25
W1465: -2665.89
W1466: -2656.54
W1467: -2647.2
W1468: -2637.87
W1469: -2628.56
W1470: -2619.27
W1471: -2609.98
W1472: -2600.71
W1473: -2591.45
W1474: -2582.21
W1475: -2572.97
W1476: -2563.76
W1477: -2554.55
W1478: -2545.36
W1479: -2536.18
W1480: -2527.02
W1481: -2517.87
W1482: -2508.73
W1483: -2499.6
W1484: -2490.49
W1485: -2481.4
W1486: -2472.31
W1487: -2463.24
W1488: -2454.19
W1489: -2445.15
W1490: -2436.12
W1491: -2427.1
W1492: -2418.1
W1493: -2409.11
W1494: -2400.14
W1495: -2391.18
W1496: -2382.23
W1497: -2373.3
W1498: -2364.38
W1499: -2355.48
W1500: -2346.59
W1501: -2337.71
W1502: -2328.85
W1503: -2320
W1504: -2311.16
W1505: -2302.34
W1506: -2293.53
W1507: -2284.74
W1508: -2275.96
W1509: -2267.2
W1510: -2258.45
W1511: -2249.71
W1512: -2240.99
W1513: -2232.28
W1514: -2223.59
W1515: -2214.91
W1516: -2206.24
W1517: -2197.59
W1518: -2188.95
W1519: -2180.33
W1520: -2171.72
W1521: -2163.13
W1522: -2154.55
W1523: -2145.98
W1524: -2137.43
W1525: -2128.9
W1526: -2120.37
W1527: -2111.87
W1528: -2103.37
W1529: -2094.9
W1530: -2086.43
W1531: -2077.98
W1532: -2069.55
W1533: -2061.13
W1534: -2052.72
W1535: -2044.33
W1536: -2035.95
W1537: -2027.59
W1538: -2019.25
W1539: -2010.91
W1540: -2002.6
W1541: -1994.29
W1542: -1986.01
W1543: -1977.73
W1544: -1969.48
W1545: -1961.23
W1546: -1953
W1547: -1944.79
W1548: -1936.59
W1549: -1928.41
W1550: -1920.24
W1551: -1912.08
W1552: -1903.95
W1553: -1895.82
W1554: -1887.71
W1555: -1879.62
W1556: -1871.54
W1557: -1863.48
W1558: -1855.43
W1559: -1847.4
W1560: -1839.38
W1561: -1831.37
W1562: -1823.39
W1563: -1815.41
W1564: -1807.46
W1565: -1799.51
W1566: -1791.59
W1567: -1783.68
W1568: -1775.78
W1569: -1767.9
W1570: -1760.03
W1571: -1752.18
W1572: -1744.35
W1573: -1736.53
W1574: -1728.72
W1575: -1720.94
W1576: -1713.16
W1577: -1705.41
W1578: -1697.66
W1579: -1689.94
W1580: -1682.23
W1581: -1674.53
W1582: -1666.85
W1583: -1659.19
W1584: -1651.54
W1585: -1643.9
W1586: -1636.29
W1587: -1628.68
W1588: -1621.1
W1589: -1613.53
W1590: -1605.97
W1591: -1598.43
W1592: -1590.91
W1593: -1583.4
W1594: -1575.91
W1595: -1568.44
W1596: -1560.98
W1597: -1553.53
W1598: -1546.1
W1599: -1538.69
W1600: -1531.29
W1601: -1523.91
W1602: -1516.55
W1603: -1509.2
W1604: -1501.87
W1605: -1494.55
W1606: -1487.25
W1607: -1479.97
W1608: -1472.7
W1609: -1465.44
W1610: -1458.21
W1611: -1450.99
W1612: -1443.78
W1613: -1436.6
W1614: -1429.42
W1615: -1422.27
W1616: -1415.13
W1617: -1408.01
W1618: -1400.9
W1619: -1393.81
W1620: -1386.73
W1621: -1379.68
W1622: -1372.63
W1623: -1365.61
W1624: -1358.6
W1625: -1351.61
W1626: -1344.63
W1627: -1337.67
W1628: -1330.72
W1629: -1323.8
W1630: -1316.89
W1631: -1309.99
W1632: -1303.11
W1633: -1296.25
W1634: -1289.41
W1635: -1282.58
W1636: -1275.77
W1637: -1268.97
W1638: -1262.19
W1639: -1255.43
W1640: -1248.69
W1641: -1241.96
W1642: -1235.24
W1643: -1228.55
W1644: -1221.87
W1645: -1215.21
W1646: -1208.56
W1647: -1201.93
W1648: -1195.32
W1649: -1188.72
W1650: -1182.15
W1651: -1175.58
W1652: -1169.04
W1653: -1162.51
W1654: -1156
W1655: -1149.5
W1656: -1143.03
W1657: -1136.57
W1658: -1130.12
W1659: -1123.7
W1660: -1117.29
W1661: -1110.89
W1662: -1104.52
W1663: -1098.16
W1664: -1091.81
W1665: -1085.49
W1666: -1079.18
W1667: -1072.89
W1668: -1066.62
W1669: -1060.36
W1670: -1054.12
W1671: -1047.9
W1672: -1041.69
W1673: -1035.5
W1674: -1029.33
W1675: -1023.18
W1676: -1017.04
W1677: -1010.92
W1678: -1004.82
W1679: -998.731
W1680: -992.663
W1681: -986.612
W1682: -980.578
W1683: -974.562
W1684: -968.563
W1685: -962.581
W1686: -956.617
W1687: -950.67
W1688: -944.74
W1689: -938.827
W1690: -932.932
W1691: -927.055
W1692: -921.195
W1693: -915.352
W1694: -909.526
W1695: -903.719
W1696: -897.928
W1697: -892.155
W1698: -886.4
W1699: -880.662
W1700: -874.942
W1701: -869.239
W1702: -863.554
W1703: -857.886
W1704: -852.236
W1705: -846.603
W1706: -840.988
W1707: -835.391
W1708: -829.811
W1709: -824.249
W1710: -818.705
W1711: -813.178
W1712: -807.67
W1713: -802.178
W1714: -796.705
W1715: -791.249
W1716: -785.811
W1717: -780.391
W1718: -774.988
W1719: -769.604
W1720: -764.237
W1721: -758.888
W1722: -753.556
W1723: -748.243
W1724: -742.947
W1725: -737.67
W1726: -732.41
W1727: -727.168
W1728: -721.944
W1729: -716.738
W1730: -711.55
W1731: -706.38
W1732: -701.227
W1733: -696.093
W1734: -690.977
W1735: -685.878
W1736: -680.798
W1737: -675.736
W1738: -670.692
W1739: -665.666
W1740: -660.657
W1741: -655.667
W1742: -650.695
W1743: -645.741
W1744: -640.806
W1745: -635.888
W1746: -630.989
W1747: -626.107
W1748: -621.244
W1749: -616.399
W1750: -611.572
W1751: -606.763
W1752: -601.973
W1753: -597.201
W1754: -592.446
W1755: -587.711
W1756: -582.993
W1757: -578.294
W1758: -573.613
W1759: -568.95
W1760: -564.306
W1761: -559.68
W1762: -555.072
W1763: -550.482
W1764: -545.911
W1765: -541.358
W1766: -536.824
W1767: -532.308
W1768: -527.81
W1769: -523.331
W1770: -518.87
W1771: -514.428
W1772: -510.004
W1773: -505.598
W1774: -501.211
W1775: -496.842
W1776: -492.492
W1777: -488.16
W1778: -483.847
W1779: -479.553
W1780: -475.276
W1781: -471.019
W1782: -466.78
W1783: -462.559
W1784: -458.357
W1785: -454.174
W1786: -450.009
W1787: -445.863
W1788: -441.735
W1789: -437.626
W1790: -433.535
W1791: -429.464
W1792: -425.41
W1793: -421.376
W1794: -417.36
W1795: -413.363
W1796: -409.384
W1797: -405.425
W1798: -401.483
W1799: -397.561
W1800: -393.657
W1801: -389.772
W1802: -385.906
W1803: -382.059
W1804: -378.23
W1805: -374.42
W1806: -370.629
W1807: -366.856
W1808: -363.103
W1809: -359.368
W1810: -355.652
W1811: -351.955
W1812: -348.277
W1813: -344.617
W1814: -340.976
W1815: -337.355
W1816: -333.752
W1817: -330.168
W1818: -326.602
W1819: -323.056
W1820: -319.529
W1821: -316.02
W1822: -312.531
W1823: -309.06
W1824: -305.609
W1825: -302.176
W1826: -298.762
W1827: -295.367
W1828: -291.991
W1829: -288.635
W1830: -285.297
W1831: -281.978
W1832: -278.678
W1833: -275.397
W1834: -272.135
W1835: -268.892
W1836: -265.669
W1837: -262.464
W1838: -259.278
W1839: -256.111
W1840: -252.964
W1841: -249.835
W1842: -246.726
W1843: -243.636
W1844: -240.564
W1845: -237.512
W1846: -234.479
W1847: -231.465
W1848: -228.471
W1849: -225.495
W1850: -222.539
W1851: -219.601
W1852: -216.683
W1853: -213.784
W1854: -210.904
W1855: -208.044
W1856: -205.202
W1857: -202.38
W1858: -199.577
W1859: -196.793
W1860: -194.028
W1861: -191.283
W1862: -188.556
W1863: -185.849
W1864: -183.162
W1865: -180.493
W1866: -177.844
W1867: -175.214
W1868: -172.603
W1869: -170.012
W1870: -167.44
W1871: -164.887
W1872: -162.353
W1873: -159.839
W1874: -157.344
W1875: -154.868
W1876: -152.412
W1877: -149.975
W1878: -147.557
W1879: -145.159
W1880: -142.78
W1881: -140.42
W1882: -138.079
W1883: -135.759
W1884: -133.457
W1885: -131.175
W1886: -128.912
W1887: -126.668
W1888: -124.444
W1889: -122.239
W1890: -120.054
W1891: -117.888
W1892: -115.742
W1893: -113.614
W1894: -111.507
W1895: -109.418
W1896: -107.35
W1897: -105.3
W1898: -103.27
W1899: -101.26
W1900: -99.2686
W1901: -97.297
W1902: -95.3448
W1903: -93.4121
W1904: -91.4989
W1905: -89.6051
W1906: -87.7308
W1907: -85.876
W1908: -84.0406
W1909: -82.2248
W1910: -80.4285
W1911: -78.6516
W1912: -76.8943
W1913: -75.1564
W1914: -73.4381
W1915: -71.7393
W1916: -70.06
W1917: -68.4003
W1918: -66.7601
W1919: -65.1394
W1920: -63.5382
W1921: -61.9566
W1922: -60.3945
W1923: -58.852
W1924: -57.329
W1925: -55.8256
W1926: -54.3417
W1927: -52.8774
W1928: -51.4327
W1929: -50.0076
W1930: -48.602
W1931: -47.216
W1932: -45.8496
W1933: -44.5027
W1934: -43.1755
W1935: -41.8678
W1936: -40.5797
W1937: -39.3113
W1938: -38.0624
W1939: -36.8331
W1940: -35.6235
W1941: -34.4334
W1942: -33.263
W1943: -32.1122
W1944: -30.981
W1945: -29.8694
W1946: -28.7774
W1947: -27.7051
W1948: -26.6524
W1949: -25.6193
W1950: -24.6059
W1951: -23.6121
W1952: -22.6379
W1953: -21.6834
W1954: -20.7486
W1955: -19.8333
W1956: -18.9377
W1957: -18.0618
W1958: -17.2055
W1959: -16.3689
W1960: -15.552
W1961: -14.7547
W1962: -13.977
W1963: -13.219
W1964: -12.4807
W1965: -11.7621
W1966: -11.0631
W1967: -10.3838
W1968: -9.72414
W1969: -9.08417
W1970: -8.46388
W1971: -7.86327
W1972: -7.28233
W1973: -6.72108
W1974: -6.1795
W1975: -5.65761
W1976: -5.15539
W1977: -4.67287
W1978: -4.21003
W1979: -3.76688
W1980: -3.34341
W1981: -2.93963
W1982: -2.55555
W1983: -2.19115
W1984: -1.84645
W1985: -1.52144
W1986: -1.21612
W1987: -0.930502
W1988: -0.664574
W1989: -0.418343
W1990: -0.191808
W1991: 0.0150307
W1992: 0.202172
W1993: 0.369615
W1994: 0.51736
W1995: 0.645406
W1996: 0.753754
W1997: 0.842402
W1998: 0.911351
W1999: 0.9606
W2000: 0.99015
Initial Condition: 
0
0.0015708
0.00314159
0.00471237
0.00628314
0.0078539
0.00942464
0.0109954
0.012566
0.0141367
0.0157073
0.0172779
0.0188484
0.0204189
0.0219894
0.0235598
0.0251301
0.0267004
0.0282706
0.0298407
0.0314108
0.0329807
0.0345506
0.0361205
0.0376902
0.0392598
0.0408294
0.0423988
0.0439681
0.0455373
0.0471065
0.0486754
0.0502443
0.0518131
0.0533817
0.0549502
0.0565185
0.0580867
0.0596548
0.0612227
0.0627905
0.0643581
0.0659256
0.0674929
0.06906
0.070627
0.0721938
0.0737604
0.0753268
0.076893
0.0784591
0.080025
0.0815906
0.0831561
0.0847213
0.0862864
0.0878512
0.0894158
0.0909802
0.0925444
0.0941083
0.095672
0.0972355
0.0987987
0.100362
0.101924
0.103487
0.105049
0.106611
0.108173
0.109734
0.111295
0.112856
0.114417
0.115977
0.117537
0.119097
0.120657
0.122216
0.123775
0.125333
0.126891
0.128449
0.130007
0.131564
0.133121
0.134678
0.136234
0.13779
0.139346
0.140901
0.142456
0.144011
0.145565
0.147119
0.148672
0.150226
0.151778
0.153331
0.154883
0.156434
0.157986
0.159537
0.161087
0.162637
0.164187
0.165736
0.167285
0.168833
0.170381
0.171929
0.173476
0.175023
0.176569
0.178115
0.179661
0.181206
0.18275
0.184294
0.185838
0.187381
0.188924
0.190466
0.192008
0.193549
0.19509
0.196631
0.198171
0.19971
0.201249
0.202787
0.204325
0.205863
0.2074
0.208936
0.210472
0.212007
0.213542
0.215076
0.21661
0.218143
0.219676
0.221208
0.22274
0.224271
0.225801
0.227331
0.228861
0.230389
0.231918
0.233445
0.234972
0.236499
0.238025
0.23955
0.241075
0.242599
0.244123
0.245646
0.247168
0.24869
0.250211
0.251732
0.253251
0.254771
0.256289
0.257807
0.259325
0.260842
0.262358
0.263873
0.265388
0.266902
0.268415
0.269928
0.27144
0.272952
0.274463
0.275973
0.277482
0.278991
0.280499
0.282007
0.283513
0.285019
0.286525
0.288029
0.289533
0.291036
0.292539
0.29404
0.295541
0.297042
0.298541
0.30004
0.301538
0.303035
0.304532
0.306028
0.307523
0.309017
0.310511
0.312003
0.313495
0.314987
0.316477
0.317967
0.319456
0.320944
0.322431
0.323917
0.325403
0.326888
0.328372
0.329855
0.331338
0.33282
0.3343
0.33578
0.33726
0.338738
0.340215
0.341692
0.343168
0.344643
0.346117
0.34759
0.349063
0.350534
0.352005
0.353475
0.354944
0.356412
0.357879
0.359345
0.360811
0.362275
0.363739
0.365202
0.366664
0.368125
0.369585
0.371044
0.372502
0.373959
0.375416
0.376871
0.378326
0.379779
0.381232
0.382683
0.384134
0.385584
0.387033
0.388481
0.389928
0.391374
0.392819
0.394263
0.395706
0.397148
0.398589
0.400029
0.401468
0.402906
0.404344
0.40578
0.407215
0.408649
0.410082
0.411514
0.412945
0.414376
0.415805
0.417233
0.41866
0.420086
0.421511
0.422935
0.424357
0.425779
0.4272
0.42862
0.430038
0.431456
0.432873
0.434288
0.435702
0.437116
0.438528
0.439939
0.441349
0.442758
0.444166
0.445573
0.446979
0.448383
0.449787
0.451189
0.45259
0.45399
0.45539
0.456787
0.458184
0.45958
0.460974
0.462368
0.46376
0.465151
0.466541
0.46793
0.469317
0.470704
0.472089
0.473473
0.474856
0.476238
0.477619
0.478998
0.480377
0.481754
0.48313
0.484504
0.485878
0.48725
0.488621
0.489991
0.49136
0.492727
0.494094
0.495459
0.496822
0.498185
0.499546
0.500907
0.502266
0.503623
0.50498
0.506335
0.507689
0.509041
0.510393
0.511743
0.513092
0.51444
0.515786
0.517131
0.518475
0.519817
0.521159
0.522499
0.523837
0.525175
0.526511
0.527846
0.529179
0.530511
0.531842
0.533172
0.5345
0.535827
0.537152
0.538477
0.5398
0.541121
0.542442
0.54376
0.545078
0.546394
0.547709
0.549023
0.550335
0.551646
0.552955
0.554263
0.55557
0.556876
0.55818
0.559482
0.560784
0.562083
0.563382
0.564679
0.565975
0.567269
0.568562
0.569853
0.571143
0.572432
0.573719
0.575005
0.57629
0.577573
0.578854
0.580134
0.581413
0.58269
0.583966
0.585241
0.586514
0.587785
0.589055
0.590324
0.591591
0.592857
0.594121
0.595384
0.596645
0.597905
0.599163
0.60042
0.601676
0.60293
0.604182
0.605433
0.606682
0.60793
0.609177
0.610422
0.611665
0.612907
0.614147
0.615386
0.616624
0.61786
0.619094
0.620327
0.621558
0.622788
0.624016
0.625243
0.626468
0.627691
0.628913
0.630134
0.631353
0.63257
0.633786
0.635
0.636213
0.637424
0.638634
0.639841
0.641048
0.642253
0.643456
0.644657
0.645858
0.647056
0.648253
0.649448
0.650642
0.651834
0.653024
0.654213
0.6554
0.656586
0.65777
0.658952
0.660133
0.661312
0.662489
0.663665
0.664839
0.666012
0.667183
0.668352
0.66952
0.670686
0.67185
0.673013
0.674173
0.675333
0.67649
0.677646
0.678801
0.679953
0.681104
0.682254
0.683401
0.684547
0.685691
0.686834
0.687975
0.689114
0.690251
0.691387
0.692521
0.693653
0.694784
0.695913
0.69704
0.698165
0.699289
0.700411
0.701531
0.70265
0.703767
0.704882
0.705995
0.707107
0.708217
0.709325
0.710431
0.711536
0.712639
0.71374
0.714839
0.715936
0.717032
0.718126
0.719219
0.720309
0.721398
0.722485
0.72357
0.724653
0.725735
0.726814
0.727892
0.728969
0.730043
0.731116
0.732186
0.733255
0.734323
0.735388
0.736451
0.737513
0.738573
0.739631
0.740687
0.741742
0.742794
0.743845
0.744894
0.745941
0.746986
0.74803
0.749071
0.750111
0.751149
0.752185
0.753219
0.754251
0.755282
0.75631
0.757337
0.758362
0.759385
0.760406
0.761425
0.762443
0.763458
0.764472
0.765483
0.766493
0.767501
0.768507
0.769511
0.770513
0.771514
0.772512
0.773508
0.774503
0.775496
0.776487
0.777475
0.778462
0.779447
0.78043
0.781412
0.782391
0.783368
0.784343
0.785317
0.786288
0.787258
0.788226
0.789191
0.790155
0.791117
0.792077
0.793034
0.79399
0.794944
0.795896
0.796846
0.797794
0.798741
0.799685
0.800627
0.801567
0.802505
0.803441
0.804376
0.805308
0.806238
0.807166
0.808093
0.809017
0.809939
0.81086
0.811778
0.812694
0.813608
0.814521
0.815431
0.816339
0.817245
0.81815
0.819052
0.819952
0.82085
0.821746
0.822641
0.823533
0.824423
0.825311
0.826197
0.827081
0.827962
0.828842
0.82972
0.830596
0.83147
0.832341
0.833211
0.834078
0.834944
0.835807
0.836669
0.837528
0.838385
0.83924
0.840094
0.840945
0.841794
0.84264
0.843485
0.844328
0.845169
0.846007
0.846844
0.847678
0.84851
0.84934
0.850168
0.850994
0.851818
0.85264
0.85346
0.854277
0.855093
0.855906
0.856718
0.857527
0.858334
0.859139
0.859941
0.860742
0.861541
0.862337
0.863131
0.863923
0.864713
0.865501
0.866287
0.867071
0.867852
0.868632
0.869409
0.870184
0.870957
0.871727
0.872496
0.873262
0.874027
0.874789
0.875549
0.876307
0.877062
0.877816
0.878567
0.879316
0.880063
0.880808
0.881551
0.882291
0.88303
0.883766
0.8845
0.885231
0.885961
0.886688
0.887413
0.888136
0.888857
0.889576
0.890292
0.891007
0.891719
0.892428
0.893136
0.893841
0.894545
0.895246
0.895944
0.896641
0.897335
0.898028
0.898718
0.899405
0.900091
0.900774
0.901455
0.902134
0.902811
0.903485
0.904157
0.904827
0.905495
0.90616
0.906823
0.907484
0.908143
0.9088
0.909454
0.910106
0.910756
0.911403
0.912049
0.912692
0.913332
0.913971
0.914607
0.915241
0.915873
0.916502
0.91713
0.917755
0.918377
0.918998
0.919616
0.920232
0.920845
0.921457
0.922066
0.922673
0.923277
0.92388
0.92448
0.925077
0.925673
0.926266
0.926857
0.927445
0.928031
0.928615
0.929197
0.929776
0.930354
0.930928
0.931501
0.932071
0.932639
0.933205
0.933768
0.934329
0.934888
0.935444
0.935998
0.93655
0.937099
0.937646
0.938191
0.938734
0.939274
0.939812
0.940348
0.940881
0.941412
0.94194
0.942467
0.942991
0.943512
0.944031
0.944548
0.945063
0.945575
0.946085
0.946593
0.947098
0.947601
0.948102
0.9486
0.949096
0.94959
0.950081
0.95057
0.951057
0.951541
0.952023
0.952502
0.952979
0.953454
0.953927
0.954397
0.954865
0.95533
0.955793
0.956254
0.956712
0.957168
0.957622
0.958073
0.958522
0.958968
0.959412
0.959854
0.960294
0.960731
0.961165
0.961598
0.962028
0.962455
0.96288
0.963303
0.963724
0.964142
0.964557
0.964971
0.965382
0.96579
0.966196
0.9666
0.967001
0.9674
0.967797
0.968191
0.968583
0.968973
0.96936
0.969744
0.970127
0.970506
0.970884
0.971259
0.971632
0.972002
0.97237
0.972735
0.973099
0.973459
0.973817
0.974173
0.974527
0.974878
0.975227
0.975573
0.975917
0.976258
0.976597
0.976934
0.977268
0.9776
0.977929
0.978256
0.978581
0.978903
0.979223
0.97954
0.979855
0.980168
0.980478
0.980785
0.981091
0.981393
0.981694
0.981992
0.982287
0.98258
0.982871
0.983159
0.983445
0.983729
0.98401
0.984288
0.984564
0.984838
0.985109
0.985378
0.985645
0.985909
0.98617
0.986429
0.986686
0.98694
0.987192
0.987441
0.987688
0.987933
0.988175
0.988415
0.988652
0.988886
0.989119
0.989349
0.989576
0.989801
0.990024
0.990244
0.990461
0.990677
0.990889
0.9911
0.991308
0.991513
0.991716
0.991917
0.992115
0.99231
0.992504
0.992694
0.992883
0.993068
0.993252
0.993433
0.993611
0.993787
0.993961
0.994132
0.994301
0.994467
0.994631
0.994792
0.994951
0.995107
0.995261
0.995413
0.995562
0.995709
0.995853
0.995994
0.996134
0.99627
0.996405
0.996537
0.996666
0.996793
0.996917
0.997039
0.997159
0.997276
0.997391
0.997503
0.997613
0.99772
0.997825
0.997927
0.998027
0.998124
0.998219
0.998312
0.998402
0.998489
0.998574
0.998657
0.998737
0.998815
0.99889
0.998963
0.999033
0.999101
0.999166
0.999229
0.999289
0.999347
0.999403
0.999456
0.999507
0.999555
0.9996
0.999643
0.999684
0.999722
0.999758
0.999792
0.999822
0.999851
0.999877
0.9999
0.999921
0.99994
0.999956
0.999969
0.99998
0.999989
0.999995
0.999999
1
0.999999
0.999995
0.999989
0.99998
0.999969
0.999956
0.99994
0.999921
0.9999
0.999877
0.999851
0.999822
0.999792
0.999758
0.999722
0.999684
0.999643
0.9996
0.999555
0.999507
0.999456
0.999403
0.999347
0.999289
0.999229
0.999166
0.999101
0.999033
0.998963
0.99889
0.998815
0.998737
0.998657
0.998574
0.998489
0.998402
0.998312
0.998219
0.998124
0.998027
0.997927
0.997825
0.99772
0.997613
0.997503
0.997391
0.997276
0.997159
0.997039
0.996917
0.996793
0.996666
0.996537
0.996405
0.99627
0.996134
0.995994
0.995853
0.995709
0.995562
0.995413
0.995261
0.995107
0.994951
0.994792
0.994631
0.994467
0.994301
0.994132
0.993961
0.993787
0.993611
0.993433
0.993252
0.993068
0.992883
0.992694
0.992504
0.99231
0.992115
0.991917
0.991716
0.991513
0.991308
0.9911
0.990889
0.990677
0.990461
0.990244
0.990024
0.989801
0.989576
0.989349
0.989119
0.988886
0.988652
0.988415
0.988175
0.987933
0.987688
0.987441
0.987192
0.98694
0.986686
0.986429
0.98617
0.985909
0.985645
0.985378
0.985109
0.984838
0.984564
0.984288
0.98401
0.983729
0.983445
0.983159
0.982871
0.98258
0.982287
0.981992
0.981694
0.981393
0.981091
0.980785
0.980478
0.980168
0.979855
0.97954
0.979223
0.978903
0.978581
0.978256
0.977929
0.9776
0.977268
0.976934
0.976597
0.976258
0.975917
0.975573
0.975227
0.974878
0.974527
0.974173
0.973817
0.973459
0.973099
0.972735
0.97237
0.972002
0.971632
0.971259
0.970884
0.970506
0.970127
0.969744
0.96936
0.968973
0.968583
0.968191
0.967797
0.9674
0.967001
0.9666
0.966196
0.96579
0.965382
0.964971
0.964557
0.964142
0.963724
0.963303
0.96288
0.962455
0.962028
0.961598
0.961165
0.960731
0.960294
0.959854
0.959412
0.958968
0.958522
0.958073
0.957622
0.957168
0.956712
0.956254
0.955793
0.95533
0.954865
0.954397
0.953927
0.953454
0.952979
0.952502
0.952023
0.951541
0.951057
0.95057
0.950081
0.94959
0.949096
0.9486
0.948102
0.947601
0.947098
0.946593
0.946085
0.945575
0.945063
0.944548
0.944031
0.943512
0.942991
0.942467
0.94194
0.941412
0.940881
0.940348
0.939812
0.939274
0.938734
0.938191
0.937646
0.937099
0.93655
0.935998
0.935444
0.934888
0.934329
0.933768
0.933205
0.932639
0.932071
0.931501
0.930928
0.930354
0.929776
0.929197
0.928615
0.928031
0.927445
0.926857
0.926266
0.925673
0.925077
0.92448
0.92388
0.923277
0.922673
0.922066
0.921457
0.920845
0.920232
0.919616
0.918998
0.918377
0.917755
0.91713
0.916502
0.915873
0.915241
0.914607
0.913971
0.913332
0.912692
0.912049
0.911403
0.910756
0.910106
0.909454
0.9088
0.908143
0.907484
0.906823
0.90616
0.905495
0.904827
0.904157
0.903485
0.902811
0.902134
0.901455
0.900774
0.900091
0.899405
0.898718
0.898028
0.897335
0.896641
0.895944
0.895246
0.894545
0.893841
0.893136
0.892428
0.891719
0.891007
0.890292
0.889576
0.888857
0.888136
0.887413
0.886688
0.885961
0.885231
0.8845
0.883766
0.88303
0.882291
0.881551
0.880808
0.880063
0.879316
0.878567
0.877816
0.877062
0.876307
0.875549
0.874789
0.874027
0.873262
0.872496
0.871727
0.870957
0.870184
0.869409
0.868632
0.867852
0.867071
0.866287
0.865501
0.864713
0.863923
0.863131
0.862337
0.861541
0.860742
0.859941
0.859139
0.858334
0.857527
0.856718
0.855906
0.855093
0.854277
0.85346
0.85264
0.851818
0.850994
0.850168
0.84934
0.84851
0.847678
0.846844
0.846007
0.845169
0.844328
0.843485
0.84264
0.841794
0.840945
0.840094
0.83924
0.838385
0.837528
0.836669
0.835807
0.834944
0.834078
0.833211
0.832341
0.83147
0.830596
0.82972
0.828842
0.827962
0.827081
0.826197
0.825311
0.824423
0.823533
0.822641
0.821746
0.82085
0.819952
0.819052
0.81815
0.817245
0.816339
0.815431
0.814521
0.813608
0.812694
0.811778
0.81086
0.809939
0.809017
0.808093
0.807166
0.806238
0.805308
0.804376
0.803441
0.802505
0.801567
0.800627
0.799685
0.798741
0.797794
0.796846
0.795896
0.794944
0.79399
0.793034
0.792077
0.791117
0.790155
0.789191
0.788226
0.787258
0.786288
0.785317
0.784343
0.783368
0.782391
0.781412
0.78043
0.779447
0.778462
0.777475
0.776487
0.775496
0.774503
0.773508
0.772512
0.771514
0.770513
0.769511
0.768507
0.767501
0.766493
0.765483
0.764472
0.763458
0.762443
0.761425
0.760406
0.759385
0.758362
0.757337
0.75631
0.755282
0.754251
0.753219
0.752185
0.751149
0.750111
0.749071
0.74803
0.746986
0.745941
0.744894
0.743845
0.742794
0.741742
0.740687
0.739631
0.738573
0.737513
0.736451
0.735388
0.734323
0.733255
0.732186
0.731116
0.730043
0.728969
0.727892
0.726814
0.725735
0.724653
0.72357
0.722485
0.721398
0.720309
0.719219
0.718126
0.717032
0.715936
0.714839
0.71374
0.712639
0.711536
0.710431
0.709325
0.708217
0.707107
0.705995
0.704882
0.703767
0.70265
0.701531
0.700411
0.699289
0.698165
0.69704
0.695913
0.694784
0.693653
0.692521
0.691387
0.690251
0.689114
0.687975
0.686834
0.685691
0.684547
0.683401
0.682254
0.681104
0.679953
0.678801
0.677646
0.67649
0.675333
0.674173
0.673013
0.67185
0.670686
0.66952
0.668352
0.667183
0.666012
0.664839
0.663665
0.662489
0.661312
0.660133
0.658952
0.65777
0.656586
0.6554
0.654213
0.653024
0.651834
0.650642
0.649448
0.648253
0.647056
0.645858
0.644657
0.643456
0.642253
0.641048
0.639841
0.638634
0.637424
0.636213
0.635
0.633786
0.63257
0.631353
0.630134
0.628913
0.627691
0.626468
0.625243
0.624016
0.622788
0.621558
0.620327
0.619094
0.61786
0.616624
0.615386
0.614147
0.612907
0.611665
0.610422
0.609177
0.60793
0.606682
0.605433
0.604182
0.60293
0.601676
0.60042
0.599163
0.597905
0.596645
0.595384
0.594121
0.592857
0.591591
0.590324
0.589055
0.587785
0.586514
0.585241
0.583966
0.58269
0.581413
0.580134
0.578854
0.577573
0.57629
0.575005
0.573719
0.572432
0.571143
0.569853
0.568562
0.567269
0.565975
0.564679
0.563382
0.562083
0.560784
0.559482
0.55818
0.556876
0.55557
0.554263
0.552955
0.551646
0.550335
0.549023
0.547709
0.546394
0.545078
0.54376
0.542442
0.541121
0.5398
0.538477
0.537152
0.535827
0.5345
0.533172
0.531842
0.530511
0.529179
0.527846
0.526511
0.525175
0.523837
0.522499
0.521159
0.519817
0.518475
0.517131
0.515786
0.51444
0.513092
0.511743
0.510393
0.509041
0.507689
0.506335
0.50498
0.503623
0.502266
0.500907
0.499546
0.498185
0.496822
0.495459
0.494094
0.492727
0.49136
0.489991
0.488621
0.48725
0.485878
0.484504
0.48313
0.481754
0.480377
0.478998
0.477619
0.476238
0.474856
0.473473
0.472089
0.470704
0.469317
0.46793
0.466541
0.465151
0.46376
0.462368
0.460974
0.45958
0.458184
0.456787
0.45539
0.45399
0.45259
0.451189
0.449787
0.448383
0.446979
0.445573
0.444166
0.442758
0.441349
0.439939
0.438528
0.437116
0.435702
0.434288
0.432873
0.431456
0.430038
0.42862
0.4272
0.425779
0.424357
0.422935
0.421511
0.420086
0.41866
0.417233
0.415805
0.414376
0.412945
0.411514
0.410082
0.408649
0.407215
0.40578
0.404344
0.402906
0.401468
0.400029
0.398589
0.397148
0.395706
0.394263
0.392819
0.391374
0.389928
0.388481
0.387033
0.385584
0.384134
0.382683
0.381232
0.379779
0.378326
0.376871
0.375416
0.373959
0.372502
0.371044
0.369585
0.368125
0.366664
0.365202
0.363739
0.362275
0.360811
0.359345
0.357879
0.356412
0.354944
0.353475
0.352005
0.350534
0.349063
0.34759
0.346117
0.344643
0.343168
0.341692
0.340215
0.338738
0.33726
0.33578
0.3343
0.33282
0.331338
0.329855
0.328372
0.326888
0.325403
0.323917
0.322431
0.320944
0.319456
0.317967
0.316477
0.314987
0.313495
0.312003
0.310511
0.309017
0.307523
0.306028
0.304532
0.303035
0.301538
0.30004
0.298541
0.297042
0.295541
0.29404
0.292539
0.291036
0.289533
0.288029
0.286525
0.285019
0.283513
0.282007
0.280499
0.278991
0.277482
0.275973
0.274463
0.272952
0.27144
0.269928
0.268415
0.266902
0.265388
0.263873
0.262358
0.260842
0.259325
0.257807
0.256289
0.254771
0.253251
0.251732
0.250211
0.24869
0.247168
0.245646
0.244123
0.242599
0.241075
0.23955
0.238025
0.236499
0.234972
0.233445
0.231918
0.230389
0.228861
0.227331
0.225801
0.224271
0.22274
0.221208
0.219676
0.218143
0.21661
0.215076
0.213542
0.212007
0.210472
0.208936
0.2074
0.205863
0.204325
0.202787
0.201249
0.19971
0.198171
0.196631
0.19509
0.193549
0.192008
0.190466
0.188924
0.187381
0.185838
0.184294
0.18275
0.181206
0.179661
0.178115
0.176569
0.175023
0.173476
0.171929
0.170381
0.168833
0.167285
0.165736
0.164187
0.162637
0.161087
0.159537
0.157986
0.156434
0.154883
0.153331
0.151778
0.150226
0.148672
0.147119
0.145565
0.144011
0.142456
0.140901
0.139346
0.13779
0.136234
0.134678
0.133121
0.131564
0.130007
0.128449
0.126891
0.125333
0.123775
0.122216
0.120657
0.119097
0.117537
0.115977
0.114417
0.112856
0.111295
0.109734
0.108173
0.106611
0.105049
0.103487
0.101924
0.100362
0.0987987
0.0972355
0.095672
0.0941083
0.0925444
0.0909802
0.0894158
0.0878512
0.0862864
0.0847213
0.0831561
0.0815906
0.080025
0.0784591
0.076893
0.0753268
0.0737604
0.0721938
0.070627
0.06906
0.0674929
0.0659256
0.0643581
0.0627905
0.0612227
0.0596548
0.0580867
0.0565185
0.0549502
0.0533817
0.0518131
0.0502443
0.0486754
0.0471065
0.0455373
0.0439681
0.0423988
0.0408294
0.0392598
0.0376902
0.0361205
0.0345506
0.0329807
0.0314108
0.0298407
0.0282706
0.0267004
0.0251301
0.0235598
0.0219894
0.0204189
0.0188484
0.0172779
0.0157073
0.0141367
0.012566
0.0109954
0.00942464
0.0078539
0.00628314
0.00471237
0.00314159
0.0015708
0
Final Solution: 
0
0.000220323
0.000440645
0.000660967
0.000881286
0.0011016
0.00132192
0.00154223
0.00176254
0.00198284
0.00220314
0.00242343
0.00264372
0.002864
0.00308427
0.00330454
0.0035248
0.00374505
0.00396529
0.00418552
0.00440574
0.00462594
0.00484614
0.00506633
0.0052865
0.00550666
0.00572681
0.00594694
0.00616706
0.00638716
0.00660724
0.00682732
0.00704737
0.0072674
0.00748742
0.00770742
0.0079274
0.00814736
0.0083673
0.00858722
0.00880712
0.009027
0.00924686
0.00946669
0.0096865
0.00990628
0.010126
0.0103458
0.0105655
0.0107852
0.0110048
0.0112245
0.0114441
0.0116636
0.0118832
0.0121027
0.0123222
0.0125416
0.0127611
0.0129805
0.0131998
0.0134191
0.0136384
0.0138577
0.0140769
0.0142961
0.0145153
0.0147344
0.0149535
0.0151725
0.0153916
0.0156105
0.0158295
0.0160484
0.0162672
0.016486
0.0167048
0.0169235
0.0171422
0.0173609
0.0175795
0.0177981
0.0180166
0.018235
0.0184535
0.0186719
0.0188902
0.0191085
0.0193267
0.0195449
0.0197631
0.0199812
0.0201992
0.0204172
0.0206352
0.0208531
0.0210709
0.0212887
0.0215065
0.0217242
0.0219418
0.0221594
0.0223769
0.0225944
0.0228118
0.0230292
0.0232465
0.0234637
0.0236809
0.023898
0.0241151
0.0243321
0.0245491
0.024766
0.0249828
0.0251996
0.0254163
0.0256329
0.0258495
0.026066
0.0262825
0.0264989
0.0267152
0.0269314
0.0271476
0.0273638
0.0275798
0.0277958
0.0280117
0.0282276
0.0284434
0.0286591
0.0288747
0.0290903
0.0293058
0.0295212
0.0297365
0.0299518
0.030167
0.0303822
0.0305972
0.0308122
0.0310271
0.0312419
0.0314567
0.0316713
0.0318859
0.0321004
0.0323149
0.0325292
0.0327435
0.0329577
0.0331718
0.0333859
0.0335998
0.0338137
0.0340275
0.0342412
0.0344548
0.0346683
0.0348817
0.0350951
0.0353084
0.0355216
0.0357347
0.0359477
0.0361606
0.0363734
0.0365862
0.0367988
0.0370114
0.0372238
0.0374362
0.0376485
0.0378607
0.0380728
0.0382848
0.0384967
0.0387085
0.0389202
0.0391318
0.0393434
0.0395548
0.0397661
0.0399774
0.0401885
0.0403995
0.0406105
0.0408213
0.041032
0.0412427
0.0414532
0.0416636
0.041874
0.0420842
0.0422943
0.0425043
0.0427142
0.042924
0.0431337
0.0433433
0.0435528
0.0437622
0.0439715
0.0441806
0.0443897
0.0445986
0.0448075
0.0450162
0.0452248
0.0454333
0.0456417
0.04585
0.0460581
0.0462662
0.0464741
0.0466819
0.0468896
0.0470972
0.0473047
0.0475121
0.0477193
0.0479264
0.0481334
0.0483403
0.0485471
0.0487537
0.0489602
0.0491666
0.0493729
0.0495791
0.0497851
0.049991
0.0501968
0.0504025
0.050608
0.0508135
0.0510188
0.0512239
0.051429
0.0516339
0.0518387
0.0520433
0.0522479
0.0524523
0.0526565
0.0528607
0.0530647
0.0532686
0.0534723
0.0536759
0.0538794
0.0540828
0.054286
0.0544891
0.054692
0.0548949
0.0550975
0.0553001
0.0555025
0.0557048
0.0559069
0.0561089
0.0563107
0.0565125
0.056714
0.0569155
0.0571168
0.0573179
0.057519
0.0577198
0.0579206
0.0581211
0.0583216
0.0585219
0.0587221
0.0589221
0.0591219
0.0593217
0.0595212
0.0597207
0.0599199
0.0601191
0.0603181
0.0605169
0.0607156
0.0609141
0.0611125
0.0613107
0.0615088
0.0617067
0.0619045
0.0621022
0.0622996
0.0624969
0.0626941
0.0628911
0.063088
0.0632847
0.0634812
0.0636776
0.0638738
0.0640699
0.0642658
0.0644616
0.0646572
0.0648526
0.0650479
0.065243
0.065438
0.0656328
0.0658274
0.0660219
0.0662162
0.0664103
0.0666043
0.0667981
0.0669918
0.0671853
0.0673786
0.0675717
0.0677647
0.0679575
0.0681502
0.0683427
0.068535
0.0687271
0.0689191
0.0691109
0.0693026
0.069494
0.0696853
0.0698764
0.0700674
0.0702582
0.0704488
0.0706392
0.0708295
0.0710195
0.0712094
0.0713992
0.0715887
0.0717781
0.0719673
0.0721563
0.0723452
0.0725338
0.0727223
0.0729106
0.0730987
0.0732867
0.0734745
0.073662
0.0738494
0.0740367
0.0742237
0.0744106
0.0745972
0.0747837
0.07497
0.0751561
0.0753421
0.0755278
0.0757134
0.0758987
0.0760839
0.0762689
0.0764537
0.0766384
0.0768228
0.077007
0.0771911
0.077375
0.0775586
0.0777421
0.0779254
0.0781085
0.0782914
0.0784741
0.0786566
0.0788389
0.0790211
0.079203
0.0793847
0.0795663
0.0797476
0.0799288
0.0801097
0.0802905
0.080471
0.0806514
0.0808315
0.0810115
0.0811913
0.0813708
0.0815502
0.0817293
0.0819083
0.082087
0.0822656
0.0824439
0.0826221
0.0828
0.0829778
0.0831553
0.0833326
0.0835097
0.0836866
0.0838633
0.0840398
0.0842161
0.0843922
0.0845681
0.0847438
0.0849192
0.0850945
0.0852695
0.0854443
0.085619
0.0857934
0.0859676
0.0861416
0.0863153
0.0864889
0.0866622
0.0868354
0.0870083
0.087181
0.0873535
0.0875257
0.0876978
0.0878696
0.0880412
0.0882126
0.0883838
0.0885548
0.0887256
0.0888961
0.0890664
0.0892365
0.0894064
0.089576
0.0897454
0.0899147
0.0900836
0.0902524
0.0904209
0.0905893
0.0907574
0.0909252
0.0910929
0.0912603
0.0914275
0.0915945
0.0917612
0.0919277
0.092094
0.0922601
0.0924259
0.0925915
0.0927569
0.0929221
0.093087
0.0932517
0.0934162
0.0935804
0.0937444
0.0939082
0.0940717
0.094235
0.0943981
0.0945609
0.0947235
0.0948859
0.095048
0.0952099
0.0953716
0.0955331
0.0956943
0.0958552
0.0960159
0.0961764
0.0963367
0.0964967
0.0966565
0.096816
0.0969753
0.0971344
0.0972932
0.0974518
0.0976101
0.0977682
0.0979261
0.0980837
0.0982411
0.0983982
0.0985551
0.0987117
0.0988681
0.0990243
0.0991802
0.0993359
0.0994913
0.0996465
0.0998014
0.0999561
0.100111
0.100265
0.100419
0.100572
0.100726
0.100879
0.101032
0.101185
0.101337
0.101489
0.101641
0.101793
0.101944
0.102096
0.102247
0.102397
0.102548
0.102698
0.102848
0.102998
0.103147
0.103296
0.103445
0.103594
0.103742
0.10389
0.104038
0.104186
0.104333
0.10448
0.104627
0.104774
0.10492
0.105066
0.105212
0.105358
0.105503
0.105648
0.105793
0.105937
0.106082
0.106226
0.106369
0.106513
0.106656
0.106799
0.106942
0.107084
0.107226
0.107368
0.10751
0.107651
0.107792
0.107933
0.108074
0.108214
0.108354
0.108494
0.108633
0.108773
0.108912
0.10905
0.109189
0.109327
0.109465
0.109602
0.10974
0.109877
0.110014
0.11015
0.110286
0.110422
0.110558
0.110694
0.110829
0.110964
0.111098
0.111233
0.111367
0.1115
0.111634
0.111767
0.1119
0.112033
0.112165
0.112298
0.112429
0.112561
0.112692
0.112823
0.112954
0.113085
0.113215
0.113345
0.113474
0.113604
0.113733
0.113862
0.11399
0.114118
0.114246
0.114374
0.114501
0.114628
0.114755
0.114882
0.115008
0.115134
0.11526
0.115385
0.11551
0.115635
0.11576
0.115884
0.116008
0.116132
0.116255
0.116378
0.116501
0.116624
0.116746
0.116868
0.11699
0.117111
0.117232
0.117353
0.117473
0.117594
0.117714
0.117833
0.117953
0.118072
0.11819
0.118309
0.118427
0.118545
0.118663
0.11878
0.118897
0.119014
0.11913
0.119246
0.119362
0.119478
0.119593
0.119708
0.119823
0.119937
0.120051
0.120165
0.120278
0.120392
0.120504
0.120617
0.120729
0.120841
0.120953
0.121065
0.121176
0.121286
0.121397
0.121507
0.121617
0.121727
0.121836
0.121945
0.122054
0.122162
0.12227
0.122378
0.122486
0.122593
0.1227
0.122806
0.122913
0.123019
0.123124
0.12323
0.123335
0.123439
0.123544
0.123648
0.123752
0.123855
0.123959
0.124062
0.124164
0.124267
0.124369
0.12447
0.124572
0.124673
0.124774
0.124874
0.124974
0.125074
0.125174
0.125273
0.125372
0.125471
0.125569
0.125667
0.125765
0.125862
0.125959
0.126056
0.126152
0.126249
0.126344
0.12644
0.126535
0.12663
0.126725
0.126819
0.126913
0.127007
0.1271
0.127193
0.127286
0.127378
0.12747
0.127562
0.127653
0.127744
0.127835
0.127926
0.128016
0.128106
0.128195
0.128285
0.128374
0.128462
0.12855
0.128638
0.128726
0.128813
0.1289
0.128987
0.129074
0.12916
0.129245
0.129331
0.129416
0.129501
0.129585
0.129669
0.129753
0.129837
0.12992
0.130003
0.130085
0.130168
0.130249
0.130331
0.130412
0.130493
0.130574
0.130654
0.130734
0.130814
0.130893
0.130972
0.131051
0.131129
0.131207
0.131285
0.131362
0.131439
0.131516
0.131593
0.131669
0.131744
0.13182
0.131895
0.13197
0.132044
0.132118
0.132192
0.132266
0.132339
0.132412
0.132484
0.132556
0.132628
0.1327
0.132771
0.132842
0.132912
0.132983
0.133053
0.133122
0.133191
0.13326
0.133329
0.133397
0.133465
0.133533
0.1336
0.133667
0.133733
0.1338
0.133866
0.133931
0.133996
0.134061
0.134126
0.13419
0.134254
0.134318
0.134381
0.134444
0.134507
0.134569
0.134631
0.134693
0.134754
0.134815
0.134876
0.134936
0.134996
0.135056
0.135115
0.135174
0.135232
0.135291
0.135349
0.135406
0.135464
0.135521
0.135577
0.135634
0.13569
0.135745
0.1358
0.135855
0.13591
0.135964
0.136018
0.136072
0.136125
0.136178
0.136231
0.136283
0.136335
0.136387
0.136438
0.136489
0.136539
0.13659
0.13664
0.136689
0.136738
0.136787
0.136836
0.136884
0.136932
0.136979
0.137027
0.137074
0.13712
0.137166
0.137212
0.137258
0.137303
0.137348
0.137392
0.137436
0.13748
0.137524
0.137567
0.13761
0.137652
0.137694
0.137736
0.137778
0.137819
0.137859
0.1379
0.13794
0.13798
0.138019
0.138058
0.138097
0.138135
0.138173
0.138211
0.138248
0.138286
0.138322
0.138359
0.138395
0.13843
0.138466
0.138501
0.138535
0.138569
0.138603
0.138637
0.13867
0.138703
0.138736
0.138768
0.1388
0.138831
0.138863
0.138894
0.138924
0.138954
0.138984
0.139014
0.139043
0.139072
0.1391
0.139128
0.139156
0.139183
0.139211
0.139237
0.139264
0.13929
0.139315
0.139341
0.139366
0.139391
0.139415
0.139439
0.139463
0.139486
0.139509
0.139532
0.139554
0.139576
0.139597
0.139619
0.13964
0.13966
0.13968
0.1397
0.13972
0.139739
0.139758
0.139776
0.139794
0.139812
0.13983
0.139847
0.139863
0.13988
0.139896
0.139912
0.139927
0.139942
0.139957
0.139971
0.139985
0.139999
0.140012
0.140025
0.140038
0.14005
0.140062
0.140074
0.140085
0.140096
0.140106
0.140116
0.140126
0.140136
0.140145
0.140154
0.140162
0.14017
0.140178
0.140186
0.140193
0.1402
0.140206
0.140212
0.140218
0.140223
0.140228
0.140233
0.140237
0.140241
0.140245
0.140248
0.140251
0.140254
0.140256
0.140258
0.140259
0.14026
0.140261
0.140262
0.140262
0.140262
0.140261
0.14026
0.140259
0.140258
0.140256
0.140254
0.140251
0.140248
0.140245
0.140241
0.140237
0.140233
0.140228
0.140223
0.140218
0.140212
0.140206
0.1402
0.140193
0.140186
0.140178
0.14017
0.140162
0.140154
0.140145
0.140136
0.140126
0.140116
0.140106
0.140096
0.140085
0.140074
0.140062
0.14005
0.140038
0.140025
0.140012
0.139999
0.139985
0.139971
0.139957
0.139942
0.139927
0.139912
0.139896
0.13988
0.139863
0.139847
0.13983
0.139812
0.139794
0.139776
0.139758
0.139739
0.13972
0.1397
0.13968
0.13966
0.13964
0.139619
0.139597
0.139576
0.139554
0.139532
0.139509
0.139486
0.139463
0.139439
0.139415
0.139391
0.139366
0.139341
0.139315
0.13929
0.139264
0.139237
0.139211
0.139183
0.139156
0.139128
0.1391
0.139072
0.139043
0.139014
0.138984
0.138954
0.138924
0.138894
0.138863
0.138831
0.1388
0.138768
0.138736
0.138703
0.13867
0.138637
0.138603
0.138569
0.138535
0.138501
0.138466
0.13843
0.138395
0.138359
0.138322
0.138286
0.138248
0.138211
0.138173
0.138135
0.138097
0.138058
0.138019
0.13798
0.13794
0.1379
0.137859
0.137819
0.137778
0.137736
0.137694
0.137652
0.13761
0.137567
0.137524
0.13748
0.137436
0.137392
0.137348
0.137303
0.137258
0.137212
0.137166
0.13712
0.137074
0.137027
0.136979
0.136932
0.136884
0.136836
0.136787
0.136738
0.136689
0.13664
0.13659
0.136539
0.136489
0.136438
0.136387
0.136335
0.136283
0.136231
0.136178
0.136125
0.136072
0.136018
0.135964
0.13591
0.135855
0.1358
0.135745
0.13569
0.135634
0.135577
0.135521
0.135464
0.135406
0.135349
0.135291
0.135232
0.135174
0.135115
0.135056
0.134996
0.134936
0.134876
0.134815
0.134754
0.134693
0.134631
0.134569
0.134507
0.134444
0.134381
0.134318
0.134254
0.13419
0.134126
0.134061
0.133996
0.133931
0.133866
0.1338
0.133733
0.133667
0.1336
0.133533
0.133465
0.133397
0.133329
0.13326
0.133191
0.133122
0.133053
0.132983
0.132912
0.132842
0.132771
0.1327
0.132628
0.132556
0.132484
0.132412
0.132339
0.132266
0.132192
0.132118
0.132044
0.13197
0.131895
0.13182
0.131744
0.131669
0.131593
0.131516
0.131439
0.131362
0.131285
0.131207
0.131129
0.131051
0.130972
0.130893
0.130814
0.130734
0.130654
0.130574
0.130493
0.130412
0.130331
0.130249
0.130168
0.130085
0.130003
0.12992
0.129837
0.129753
0.129669
0.129585
0.129501
0.129416
0.129331
0.129245
0.12916
0.129074
0.128987
0.1289
0.128813
0.128726
0.128638
0.12855
0.128462
0.128374
0.128285
0.128195
0.128106
0.128016
0.127926
0.127835
0.127744
0.127653
0.127562
0.12747
0.127378
0.127286
0.127193
0.1271
0.127007
0.126913
0.126819
0.126725
0.12663
0.126535
0.12644
0.126344
0.126249
0.126152
0.126056
0.125959
0.125862
0.125765
0.125667
0.125569
0.125471
0.125372
0.125273
0.125174
0.125074
0.124974
0.124874
0.124774
0.124673
0.124572
0.12447
0.124369
0.124267
0.124164
0.124062
0.123959
0.123855
0.123752
0.123648
0.123544
0.123439
0.123335
0.12323
0.123124
0.123019
0.122913
0.122806
0.1227
0.122593
0.122486
0.122378
0.12227
0.122162
0.122054
0.121945
0.121836
0.121727
0.121617
0.121507
0.121397
0.121286
0.121176
0.121065
0.120953
0.120841
0.120729
0.120617
0.120504
0.120392
0.120278
0.120165
0.120051
0.119937
0.119823
0.119708
0.119593
0.119478
0.119362
0.119246
0.11913
0.119014
0.118897
0.11878
0.118663
0.118545
0.118427
0.118309
0.11819
0.118072
0.117953
0.117833
0.117714
0.117594
0.117473
0.117353
0.117232
0.117111
0.11699
0.116868
0.116746
0.116624
0.116501
0.116378
0.116255
0.116132
0.116008
0.115884
0.11576
0.115635
0.11551
0.115385
0.11526
0.115134
0.115008
0.114882
0.114755
0.114628
0.114501
0.114374
0.114246
0.114118
0.11399
0.113862
0.113733
0.113604
0.113474
0.113345
0.113215
0.113085
0.112954
0.112823
0.112692
0.112561
0.112429
0.112298
0.112165
0.112033
0.1119
0.111767
0.111634
0.1115
0.111367
0.111233
0.111098
0.110964
0.110829
0.110694
0.110558
0.110422
0.110286
0.11015
0.110014
0.109877
0.10974
0.109602
0.109465
0.109327
0.109189
0.10905
0.108912
0.108773
0.108633
0.108494
0.108354
0.108214
0.108074
0.107933
0.107792
0.107651
0.10751
0.107368
0.107226
0.107084
0.106942
0.106799
0.106656
0.106513
0.106369
0.106226
0.106082
0.105937
0.105793
0.105648
0.105503
0.105358
0.105212
0.105066
0.10492
0.104774
0.104627
0.10448
0.104333
0.104186
0.104038
0.10389
0.103742
0.103594
0.103445
0.103296
0.103147
0.102998
0.102848
0.102698
0.102548
0.102397
0.102247
0.102096
0.101944
0.101793
0.101641
0.101489
0.101337
0.101185
0.101032
0.100879
0.100726
0.100572
0.100419
0.100265
0.100111
0.0999561
0.0998014
0.0996465
0.0994913
0.0993359
0.0991802
0.0990243
0.0988681
0.0987117
0.0985551
0.0983982
0.0982411
0.0980837
0.0979261
0.0977682
0.0976101
0.0974518
0.0972932
0.0971344
0.0969753
0.096816
0.0966565
0.0964967
0.0963367
0.0961764
0.0960159
0.0958552
0.0956943
0.0955331
0.0953716
0.0952099
0.095048
0.0948859
0.0947235
0.0945609
0.0943981
0.094235
0.0940717
0.0939082
0.0937444
0.0935804
0.0934162
0.0932517
0.093087
0.0929221
0.0927569
0.0925915
0.0924259
0.0922601
0.092094
0.0919277
0.0917612
0.0915945
0.0914275
0.0912603
0.0910929
0.0909252
0.0907574
0.0905893
0.0904209
0.0902524
0.0900836
0.0899147
0.0897454
0.089576
0.0894064
0.0892365
0.0890664
0.0888961
0.0887256
0.0885548
0.0883838
0.0882126
0.0880412
0.0878696
0.0876978
0.0875257
0.0873535
0.087181
0.0870083
0.0868354
0.0866622
0.0864889
0.0863153
0.0861416
0.0859676
0.0857934
0.085619
0.0854443
0.0852695
0.0850945
0.0849192
0.0847438
0.0845681
0.0843922
0.0842161
0.0840398
0.0838633
0.0836866
0.0835097
0.0833326
0.0831553
0.0829778
0.0828
0.0826221
0.0824439
0.0822656
0.082087
0.0819083
0.0817293
0.0815502
0.0813708
0.0811913
0.0810115
0.0808315
0.0806514
0.080471
0.0802905
0.0801097
0.0799288
0.0797476
0.0795663
0.0793847
0.079203
0.0790211
0.0788389
0.0786566
0.0784741
0.0782914
0.0781085
0.0779254
0.0777421
0.0775586
0.077375
0.0771911
0.077007
0.0768228
0.0766384
0.0764537
0.0762689
0.0760839
0.0758987
0.0757134
0.0755278
0.0753421
0.0751561
0.07497
0.0747837
0.0745972
0.0744106
0.0742237
0.0740367
0.0738494
0.073662
0.0734745
0.0732867
0.0730987
0.0729106
0.0727223
0.0725338
0.0723452
0.0721563
0.0719673
0.0717781
0.0715887
0.0713992
0.0712094
0.0710195
0.0708295
0.0706392
0.0704488
0.0702582
0.0700674
0.0698764
0.0696853
0.069494
0.0693026
0.0691109
0.0689191
0.0687271
0.068535
0.0683427
0.0681502
0.0679575
0.0677647
0.0675717
0.0673786
0.0671853
0.0669918
0.0667981
0.0666043
0.0664103
0.0662162
0.0660219
0.0658274
0.0656328
0.065438
0.065243
0.0650479
0.0648526
0.0646572
0.0644616
0.0642658
0.0640699
0.0638738
0.0636776
0.0634812
0.0632847
0.063088
0.0628911
0.0626941
0.0624969
0.0622996
0.0621022
0.0619045
0.0617067
0.0615088
0.0613107
0.0611125
0.0609141
0.0607156
0.0605169
0.0603181
0.0601191
0.0599199
0.0597207
0.0595212
0.0593217
0.0591219
0.0589221
0.0587221
0.0585219
0.0583216
0.0581211
0.0579206
0.0577198
0.057519
0.0573179
0.0571168
0.0569155
0.056714
0.0565125
0.0563107
0.0561089
0.0559069
0.0557048
0.0555025
0.0553001
0.0550975
0.0548949
0.054692
0.0544891
0.054286
0.0540828
0.0538794
0.0536759
0.0534723
0.0532686
0.0530647
0.0528607
0.0526565
0.0524523
0.0522479
0.0520433
0.0518387
0.0516339
0.051429
0.0512239
0.0510188
0.0508135
0.050608
0.0504025
0.0501968
0.049991
0.0497851
0.0495791
0.0493729
0.0491666
0.0489602
0.0487537
0.0485471
0.0483403
0.0481334
0.0479264
0.0477193
0.0475121
0.0473047
0.0470972
0.0468896
0.0466819
0.0464741
0.0462662
0.0460581
0.04585
0.0456417
0.0454333
0.0452248
0.0450162
0.0448075
0.0445986
0.0443897
0.0441806
0.0439715
0.0437622
0.0435528
0.0433433
0.0431337
0.042924
0.0427142
0.0425043
0.0422943
0.0420842
0.041874
0.0416636
0.0414532
0.0412427
0.041032
0.0408213
0.0406105
0.0403995
0.0401885
0.0399774
0.0397661
0.0395548
0.0393434
0.0391318
0.0389202
0.0387085
0.0384967
0.0382848
0.0380728
0.0378607
0.0376485
0.0374362
0.0372238
0.0370114
0.0367988
0.0365862
0.0363734
0.0361606
0.0359477
0.0357347
0.0355216
0.0353084
0.0350951
0.0348817
0.0346683
0.0344548
0.0342412
0.0340275
0.0338137
0.0335998
0.0333859
0.0331718
0.0329577
0.0327435
0.0325292
0.0323149
0.0321004
0.0318859
0.0316713
0.0314567
0.0312419
0.0310271
0.0308122
0.0305972
0.0303822
0.030167
0.0299518
0.0297365
0.0295212
0.0293058
0.0290903
0.0288747
0.0286591
0.0284434
0.0282276
0.0280117
0.0277958
0.0275798
0.0273638
0.0271476
0.0269314
0.0267152
0.0264989
0.0262825
0.026066
0.0258495
0.0256329
0.0254163
0.0251996
0.0249828
0.024766
0.0245491
0.0243321
0.0241151
0.023898
0.0236809
0.0234637
0.0232465
0.0230292
0.0228118
0.0225944
0.0223769
0.0221594
0.0219418
0.0217242
0.0215065
0.0212887
0.0210709
0.0208531
0.0206352
0.0204172
0.0201992
0.0199812
0.0197631
0.0195449
0.0193267
0.0191085
0.0188902
0.0186719
0.0184535
0.018235
0.0180166
0.0177981
0.0175795
0.0173609
0.0171422
0.0169235
0.0167048
0.016486
0.0162672
0.0160484
0.0158295
0.0156105
0.0153916
0.0151725
0.0149535
0.0147344
0.0145153
0.0142961
0.0140769
0.0138577
0.0136384
0.0134191
0.0131998
0.0129805
0.0127611
0.0125416
0.0123222
0.0121027
0.0118832
0.0116636
0.0114441
0.0112245
0.0110048
0.0107852
0.0105655
0.0103458
0.010126
0.00990628
0.0096865
0.00946669
0.00924686
0.009027
0.00880712
0.00858722
0.0083673
0.00814736
0.0079274
0.00770742
0.00748742
0.0072674
0.00704737
0.00682732
0.00660724
0.00638716
0.00616706
0.00594694
0.00572681
0.00550666
0.0052865
0.00506633
0.00484614
0.00462594
0.00440574
0.00418552
0.00396529
0.00374505
0.0035248
0.00330454
0.00308427
0.002864
0.00264372
0.00242343
0.00220314
0.00198284
0.00176254
0.00154223
0.00132192
0.0011016
0.000881286
0.000660967
0.000440645
0.000220323
0
 23.683298s wall, 23.670000s user + 0.010000s system = 23.680000s CPU (100.0%)
W0: -15999
W1: -15999
W2: -15998.9
W3: -15998.8
W4: -15998.8
W5: -15998.6
W6: -15998.5
W7: -15998.4
W8: -15998.2
W9: -15998
W10: -15997.8
W11: -15997.6
W12: -15997.3
W13: -15997.1
W14: -15996.8
W15: -15996.5
W16: -15996.2
W17: -15995.8
W18: -15995.4
W19: -15995.1
W20: -15994.7
W21: -15994.2
W22: -15993.8
W23: -15993.3
W24: -15992.8
W25: -15992.3
W26: -15991.8
W27: -15991.3
W28: -15990.7
W29: -15990.1
W30: -15989.5
W31: -15988.9
W32: -15988.3
W33: -15987.6
W34: -15986.9
W35: -15986.2
W36: -15985.5
W37: -15984.8
W38: -15984
W39: -15983.2
W40: -15982.4
W41: -15981.6
W42: -15980.8
W43: -15979.9
W44: -15979.1
W45: -15978.2
W46: -15977.3
W47: -15976.3
W48: -15975.4
W49: -15974.4
W50: -15973.4
W51: -15972.4
W52: -15971.3
W53: -15970.3
W54: -15969.2
W55: -15968.1
W56: -15967
W57: -15965.9
W58: -15964.7
W59: -15963.6
W60: -15962.4
W61: -15961.2
W62: -15959.9
W63: -15958.7
W64: -15957.4
W65: -15956.1
W66: -15954.8
W67: -15953.5
W68: -15952.2
W69: -15950.8
W70: -15949.4
W71: -15948
W72: -15946.6
W73: -15945.1
W74: -15943.7
W75: -15942.2
W76: -15940.7
W77: -15939.1
W78: -15937.6
W79: -15936
W80: -15934.5
W81: -15932.9
W82: -15931.2
W83: -15929.6
W84: -15927.9
W85: -15926.3
W86: -15924.6
W87: -15922.8
W88: -15921.1
W89: -15919.3
W90: -15917.6
W91: -15915.8
W92: -15914
W93: -15912.1
W94: -15910.3
W95: -15908.4
W96: -15906.5
W97: -15904.6
W98: -15902.7
W99: -15900.7
W100: -15898.7
W101: -15896.7
W102: -15894.7
W103: -15892.7
W104: -15890.7
W105: -15888.6
W106: -15886.5
W107: -15884.4
W108: -15882.3
W109: -15880.1
W110: -15877.9
W111: -15875.8
W112: -15873.6
W113: -15871.3
W114: -15869.1
W115: -15866.8
W116: -15864.5
W117: -15862.2
W118: -15859.9
W119: -15857.6
W120: -15855.2
W121: -15852.8
W122: -15850.4
W123: -15848
W124: -15845.6
W125: -15843.1
W126: -15840.7
W127: -15838.2
W128: -15835.6
W129: -15833.1
W130: -15830.6
W131: -15828
W132: -15825.4
W133: -15822.8
W134: -15820.2
W135: -15817.5
W136: -15814.8
W137: -15812.2
W138: -15809.4
W139: -15806.7
W140: -15804
W141: -15801.2
W142: -15798.4
W143: -15795.6
W144: -15792.8
W145: -15790
W146: -15787.1
W147: -15784.2
W148: -15781.3
W149: -15778.4
W150: -15775.5
W151: -15772.5
W152: -15769.5
W153: -15766.5
W154: -15763.5
W155: -15760.5
W156: -15757.4
W157: -15754.4
W158: -15751.3
W159: -15748.2
W160: -15745
W161: -15741.9
W162: -15738.7
W163: -15735.5
W164: -15732.3
W165: -15729.1
W166: -15725.9
W167: -15722.6
W168: -15719.3
W169: -15716
W170: -15712.7
W171: -15709.4
W172: -15706
W173: -15702.6
W174: -15699.2
W175: -15695.8
W176: -15692.4
W177: -15688.9
W178: -15685.5
W179: -15682
W180: -15678.5
W181: -15674.9
W182: -15671.4
W183: -15667.8
W184: -15664.2
W185: -15660.6
W186: -15657
W187: -15653.4
W188: -15649.7
W189: -15646
W190: -15642.3
W191: -15638.6
W192: -15634.9
W193: -15631.1
W194: -15627.4
W195: -15623.6
W196: -15619.8
W197: -15615.9
W198: -15612.1
W199: -15608.2
W200: -15604.3
W201: -15600.4
W202: -15596.5
W203: -15592.6
W204: -15588.6
W205: -15584.6
W206: -15580.6
W207: -15576.6
W208: -15572.6
W209: -15568.5
W210: -15564.5
W211: -15560.4
W212: -15556.3
W213: -15552.1
W214: -15548
W215: -15543.8
W216: -15539.6
W217: -15535.4
W218: -15531.2
W219: -15527
W220: -15522.7
W221: -15518.4
W222: -15514.2
W223: -15509.8
W224: -15505.5
W225: -15501.2
W226: -15496.8
W227: -15492.4
W228: -15488
W229: -15483.6
W230: -15479.1
W231: -15474.7
W232: -15470.2
W233: -15465.7
W234: -15461.2
W235: -15456.6
W236: -15452.1
W237: -15447.5
W238: -15442.9
W239: -15438.3
W240: -15433.7
W241: -15429
W242: -15424.4
W243: -15419.7
W244: -15415
W245: -15410.3
W246: -15405.6
W247: -15400.8
W248: -15396
W249: -15391.2
W250: -15386.4
W251: -15381.6
W252: -15376.8
W253: -15371.9
W254: -15367
W255: -15362.1
W256: -15357.2
W257: -15352.3
W258: -15347.3
W259: -15342.3
W260: -15337.3
W261: -15332.3
W262: -15327.3
W263: -15322.3
W264: -15317.2
W265: -15312.1
W266: -15307
W267: -15301.9
W268: -15296.8
W269: -15291.6
W270: -15286.5
W271: -15281.3
W272: -15276.1
W273: -15270.8
W274: -15265.6
W275: -15260.3
W276: -15255.1
W277: -15249.8
W278: -15244.4
W279: -15239.1
W280: -15233.8
W281: -15228.4
W282: -15223
W283: -15217.6
W284: -15212.2
W285: -15206.8
W286: -15201.3
W287: -15195.8
W288: -15190.3
W289: -15184.8
W290: -15179.3
W291: -15173.8
W292: -15168.2
W293: -15162.6
W294: -15157
W295: -15151.4
W296: -15145.8
W297: -15140.1
W298: -15134.4
W299: -15128.8
W300: -15123.1
W301: -15117.3
W302: -15111.6
W303: -15105.8
W304: -15100.1
W305: -15094.3
W306: -15088.5
W307: -15082.6
W308: -15076.8
W309: -15070.9
W310: -15065.1
W311: -15059.2
W312: -15053.3
W313: -15047.3
W314: -15041.4
W315: -15035.4
W316: -15029.4
W317: -15023.4
W318: -15017.4
W319: -15011.4
W320: -15005.3
W321: -14999.3
W322: -14993.2
W323: -14987.1
W324: -14981
W325: -14974.8
W326: -14968.7
W327: -14962.5
W328: -14956.3
W329: -14950.1
W330: -14943.9
W331: -14937.6
W332: -14931.4
W333: -14925.1
W334: -14918.8
W335: -14912.5
W336: -14906.2
W337: -14899.8
W338: -14893.5
W339: -14887.1
W340: -14880.7
W341: -14874.3
W342: -14867.9
W343: -14861.4
W344: -14855
W345: -14848.5
W346: -14842
W347: -14835.5
W348: -14829
W349: -14822.4
W350: -14815.9
W351: -14809.3
W352: -14802.7
W353: -14796.1
W354: -14789.4
W355: -14782.8
W356: -14776.1
W357: -14769.5
W358: -14762.8
W359: -14756
W360: -14749.3
W361: -14742.6
W362: -14735.8
W363: -14729
W364: -14722.2
W365: -14715.4
W366: -14708.6
W367: -14701.7
W368: -14694.9
W369: -14688
W370: -14681.1
W371: -14674.2
W372: -14667.3
W373: -14660.3
W374: -14653.4
W375: -14646.4
W376: -14639.4
W377: -14632.4
W378: -14625.4
W379: -14618.3
W380: -14611.3
W381: -14604.2
W382: -14597.1
W383: -14590
W384: -14582.9
W385: -14575.7
W386: -14568.6
W387: -14561.4
W388: -14554.2
W389: -14547
W390: -14539.8
W391: -14532.6
W392: -14525.3
W393: -14518
W394: -14510.7
W395: -14503.4
W396: -14496.1
W397: -14488.8
W398: -14481.5
W399: -14474.1
W400: -14466.7
W401: -14459.3
W402: -14451.9
W403: -14444.5
W404: -14437
W405: -14429.6
W406: -14422.1
W407: -14414.6
W408: -14407.1
W409: -14399.6
W410: -14392
W411: -14384.5
W412: -14376.9
W413: -14369.3
W414: -14361.7
W415: -14354.1
W416: -14346.5
W417: -14338.8
W418: -14331.2
W419: -14323.5
W420: -14315.8
W421: -14308.1
W422: -14300.3
W423: -14292.6
W424: -14284.8
W425: -14277.1
W426: -14269.3
W427: -14261.5
W428: -14253.7
W429: -14245.8
W430: -14238
W431: -14230.1
W432: -14222.2
W433: -14214.3
W434: -14206.4
W435: -14198.5
W436: -14190.5
W437: -14182.6
W438: -14174.6
W439: -14166.6
W440: -14158.6
W441: -14150.6
W442: -14142.6
W443: -14134.5
W444: -14126.5
W445: -14118.4
W446: -14110.3
W447: -14102.2
W448: -14094.1
W449: -14085.9
W450: -14077.8
W451: -14069.6
W452: -14061.4
W453: -14053.2
W454: -14045
W455: -14036.8
W456: -14028.5
W457: -14020.3
W458: -14012
W459: -14003.7
W460: -13995.4
W461: -13987.1
W462: -13978.8
W463: -13970.4
W464: -13962
W465: -13953.7
W466: -13945.3
W467: -13936.9
W468: -13928.5
W469: -13920
W470: -13911.6
W471: -13903.1
W472: -13894.6
W473: -13886.1
W474: -13877.6
W475: -13869.1
W476: -13860.6
W477: -13852
W478: -13843.5
W479: -13834.9
W480: -13826.3
W481: -13817.7
W482: -13809
W483: -13800.4
W484: -13791.8
W485: -13783.1
W486: -13774.4
W487: -13765.7
W488: -13757
W489: -13748.3
W490: -13739.6
W491: -13730.8
W492: -13722
W493: -13713.3
W494: -13704.5
W495: -13695.7
W496: -13686.8
W497: -13678
W498: -13669.2
W499: -13660.3
W500: -13651.4
W501: -13642.5
W502: -13633.6
W503: -13624.7
W504: -13615.8
W505: -13606.8
W506: -13597.9
W507: -13588.9
W508: -13579.9
W509: -13570.9
W510: -13561.9
W511: -13552.9
W512: -13543.8
W513: -13534.8
W514: -13525.7
W515: -13516.6
W516: -13507.5
W517: -13498.4
W518: -13489.3
W519: -13480.1
W520: -13471
W521: -13461.8
W522: -13452.6
W523: -13443.4
W524: -13434.2
W525: -13425
W526: -13415.8
W527: -13406.5
W528: -13397.3
W529: -13388
W530: -13378.7
W531: -13369.4
W532: -13360.1
W533: -13350.8
W534: -13341.5
W535: -13332.1
W536: -13322.7
W537: -13313.4
W538: -13304
W539: -13294.6
W540: -13285.2
W541: -13275.7
W542: -13266.3
W543: -13256.8
W544: -13247.4
W545: -13237.9
W546: -13228.4
W547: -13218.9
W548: -13209.4
W549: -13199.8
W550: -13190.3
W551: -13180.7
W552: -13171.2
W553: -13161.6
W554: -13152
W555: -13142.4
W556: -13132.7
W557: -13123.1
W558: -13113.5
W559: -13103.8
W560: -13094.1
W561: -13084.4
W562: -13074.8
W563: -13065
W564: -13055.3
W565: -13045.6
W566: -13035.8
W567: -13026.1
W568: -13016.3
W569: -13006.5
W570: -12996.7
W571: -12986.9
W572: -12977.1
W573: -12967.3
W574: -12957.4
W575: -12947.6
W576: -12937.7
W577: -12927.8
W578: -12917.9
W579: -12908
W580: -12898.1
W581: -12888.2
W582: -12878.2
W583: -12868.3
W584: -12858.3
W585: -12848.3
W586: -12838.3
W587: -12828.3
W588: -12818.3
W589: -12808.3
W590: -12798.2
W591: -12788.2
W592: -12778.1
W593: -12768.1
W594: -12758
W595: -12747.9
W596: -12737.8
W597: -12727.6
W598: -12717.5
W599: -12707.4
W600: -12697.2
W601: -12687.1
W602: -12676.9
W603: -12666.7
W604: -12656.5
W605: -12646.3
W606: -12636
W607: -12625.8
W608: -12615.6
W609: -12605.3
W610: -12595
W611: -12584.8
W612: -12574.5
W613: -12564.2
W614: -12553.8
W615: -12543.5
W616: -12533.2
W617: -12522.8
W618: -12512.5
W619: -12502.1
W620: -12491.7
W621: -12481.3
W622: -12470.9
W623: -12460.5
W624: -12450.1
W625: -12439.6
W626: -12429.2
W627: -12418.7
W628: -12408.3
W629: -12397.8
W630: -12387.3
W631: -12376.8
W632: -12366.3
W633: -12355.8
W634: -12345.2
W635: -12334.7
W636: -12324.1
W637: -12313.6
W638: -12303
W639: -12292.4
W640: -12281.8
W641: -12271.2
W642: -12260.6
W643: -12249.9
W644: -12239.3
W645: -12228.6
W646: -12218
W647: -12207.3
W648: -12196.6
W649: -12185.9
W650: -12175.2
W651: -12164.5
W652: -12153.8
W653: -12143.1
W654: -12132.3
W655: -12121.6
W656: -12110.8
W657: -12100
W658: -12089.3
W659: -12078.5
W660: -12067.7
W661: -12056.8
W662: -12046
W663: -12035.2
W664: -12024.3
W665: -12013.5
W666: -12002.6
W667: -11991.7
W668: -11980.9
W669: -11970
W670: -11959.1
W671: -11948.2
W672: -11937.2
W673: -11926.3
W674: -11915.4
W675: -11904.4
W676: -11893.4
W677: -11882.5
W678: -11871.5
W679: -11860.5
W680: -11849.5
W681: -11838.5
W682: -11827.5
W683: -11816.5
W684: -11805.4
W685: -11794.4
W686: -11783.3
W687: -11772.2
W688: -11761.2
W689: -11750.1
W690: -11739
W691: -11727.9
W692: -11716.8
W693: -11705.7
W694: -11694.5
W695: -11683.4
W696: -11672.2
W697: -11661.1
W698: -11649.9
W699: -11638.8
W700: -11627.6
W701: -11616.4
W702: -11605.2
W703: -11594
W704: -11582.7
W705: -11571.5
W706: -11560.3
W707: -11549
W708: -11537.8
W709: -11526.5
W710: -11515.2
W711: -11504
W712: -11492.7
W713: -11481.4
W714: -11470.1
W715: -11458.8
W716: -11447.4
W717: -11436.1
W718: -11424.8
W719: -11413.4
W720: -11402.1
W721: -11390.7
W722: -11379.3
W723: -11367.9
W724: -11356.5
W725: -11345.1
W726: -11333.7
W727: -11322.3
W728: -11310.9
W729: -11299.5
W730: -11288
W731: -11276.6
W732: -11265.1
W733: -11253.7
W734: -11242.2
W735: -11230.7
W736: -11219.2
W737: -11207.7
W738: -11196.2
W739: -11184.7
W740: -11173.2
W741: -11161.7
W742: -11150.1
W743: -11138.6
W744: -11127
W745: -11115.5
W746: -11103.9
W747: -11092.3
W748: -11080.8
W749: -11069.2
W750: -11057.6
W751: -11046
W752: -11034.4
W753: -11022.7
W754: -11011.1
W755: -10999.5
W756: -10987.8
W757: -10976.2
W758: -10964.5
W759: -10952.9
W760: -10941.2
W761: -10929.5
W762: -10917.8
W763: -10906.1
W764: -10894.4
W765: -10882.7
W766: -10871
W767: -10859.3
W768: -10847.6
W769: -10835.8
W770: -10824.1
W771: -10812.3
W772: -10800.6
W773: -10788.8
W774: -10777.1
W775: -10765.3
W776: -10753.5
W777: -10741.7
W778: -10729.9
W779: -10718.1
W780: -10706.3
W781: -10694.5
W782: -10682.7
W783: -10670.8
W784: -10659
W785: -10647.2
W786: -10635.3
W787: -10623.5
W788: -10611.6
W789: -10599.7
W790: -10587.8
W791: -10576
W792: -10564.1
W793: -10552.2
W794: -10540.3
W795: -10528.4
W796: -10516.5
W797: -10504.5
W798: -10492.6
W799: -10480.7
W800: -10468.7
W801: -10456.8
W802: -10444.9
W803: -10432.9
W804: -10420.9
W805: -10409
W806: -10397
W807: -10385
W808: -10373
W809: -10361
W810: -10349
W811: -10337
W812: -10325
W813: -10313
W814: -10301
W815: -10289
W816: -10276.9
W817: -10264.9
W818: -10252.9
W819: -10240.8
W820: -10228.8
W821: -10216.7
W822: -10204.6
W823: -10192.6
W824: -10180.5
W825: -10168.4
W826: -10156.3
W827: -10144.2
W828: -10132.1
W829: -10120
W830: -10107.9
W831: -10095.8
W832: -10083.7
W833: -10071.6
W834: -10059.4
W835: -10047.3
W836: -10035.2
W837: -10023
W838: -10010.9
W839: -9998.73
W840: -9986.57
W841: -9974.41
W842: -9962.24
W843: -9950.07
W844: -9937.89
W845: -9925.71
W846: -9913.53
W847: -9901.33
W848: -9889.14
W849: -9876.94
W850: -9864.73
W851: -9852.52
W852: -9840.31
W853: -9828.09
W854: -9815.86
W855: -9803.64
W856: -9791.4
W857: -9779.17
W858: -9766.93
W859: -9754.68
W860: -9742.43
W861: -9730.18
W862: -9717.92
W863: -9705.66
W864: -9693.39
W865: -9681.12
W866: -9668.84
W867: -9656.56
W868: -9644.28
W869: -9631.99
W870: -9619.7
W871: -9607.4
W872: -9595.11
W873: -9582.8
W874: -9570.49
W875: -9558.18
W876: -9545.87
W877: -9533.55
W878: -9521.23
W879: -9508.9
W880: -9496.57
W881: -9484.24
W882: -9471.9
W883: -9459.56
W884: -9447.21
W885: -9434.87
W886: -9422.51
W887: -9410.16
W888: -9397.8
W889: -9385.44
W890: -9373.07
W891: -9360.7
W892: -9348.33
W893: -9335.96
W894: -9323.58
W895: -9311.19
W896: -9298.81
W897: -9286.42
W898: -9274.03
W899: -9261.63
W900: -9249.24
W901: -9236.83
W902: -9224.43
W903: -9212.02
W904: -9199.61
W905: -9187.2
W906: -9174.78
W907: -9162.37
W908: -9149.94
W909: -9137.52
W910: -9125.09
W911: -9112.66
W912: -9100.23
W913: -9087.79
W914: -9075.35
W915: -9062.91
W916: -9050.47
W917: -9038.02
W918: -9025.57
W919: -9013.12
W920: -9000.67
W921: -8988.21
W922: -8975.75
W923: -8963.29
W924: -8950.83
W925: -8938.36
W926: -8925.9
W927: -8913.43
W928: -8900.95
W929: -8888.48
W930: -8876
W931: -8863.52
W932: -8851.04
W933: -8838.56
W934: -8826.07
W935: -8813.58
W936: -8801.09
W937: -8788.6
W938: -8776.11
W939: -8763.61
W940: -8751.12
W941: -8738.62
W942: -8726.12
W943: -8713.61
W944: -8701.11
W945: -8688.6
W946: -8676.1
W947: -8663.59
W948: -8651.07
W949: -8638.56
W950: -8626.05
W951: -8613.53
W952: -8601.01
W953: -8588.49
W954: -8575.97
W955: -8563.45
W956: -8550.93
W957: -8538.4
W958: -8525.88
W959: -8513.35
W960: -8500.82
W961: -8488.29
W962: -8475.76
W963: -8463.23
W964: -8450.7
W965: -8438.16
W966: -8425.63
W967: -8413.09
W968: -8400.55
W969: -8388.01
W970: -8375.48
W971: -8362.94
W972: -8350.39
W973: -8337.85
W974: -8325.31
W975: -8312.76
W976: -8300.22
W977: -8287.68
W978: -8275.13
W979: -8262.58
W980: -8250.04
W981: -8237.49
W982: -8224.94
W983: -8212.39
W984: -8199.84
W985: -8187.29
W986: -8174.74
W987: -8162.19
W988: -8149.64
W989: -8137.09
W990: -8124.53
W991: -8111.98
W992: -8099.43
W993: -8086.87
W994: -8074.32
W995: -8061.77
W996: -8049.21
W997: -8036.66
W998: -8024.11
W999: -8011.55
W1000: -7999
W1001: -7986.45
W1002: -7973.89
W1003: -7961.34
W1004: -7948.79
W1005: -7936.23
W1006: -7923.68
W1007: -7911.13
W1008: -7898.57
W1009: -7886.02
W1010: -7873.47
W1011: -7860.91
W1012: -7848.36
W1013: -7835.81
W1014: -7823.26
W1015: -7810.71
W1016: -7798.16
W1017: -7785.61
W1018: -7773.06
W1019: -7760.51
W1020: -7747.96
W1021: -7735.42
W1022: -7722.87
W1023: -7710.32
W1024: -7697.78
W1025: -7685.24
W1026: -7672.69
W1027: -7660.15
W1028: -7647.61
W1029: -7635.06
W1030: -7622.52
W1031: -7609.99
W1032: -7597.45
W1033: -7584.91
W1034: -7572.37
W1035: -7559.84
W1036: -7547.3
W1037: -7534.77
W1038: -7522.24
W1039: -7509.71
W1040: -7497.18
W1041: -7484.65
W1042: -7472.12
W1043: -7459.6
W1044: -7447.07
W1045: -7434.55
W1046: -7422.03
W1047: -7409.51
W1048: -7396.99
W1049: -7384.47
W1050: -7371.95
W1051: -7359.44
W1052: -7346.93
W1053: -7334.41
W1054: -7321.9
W1055: -7309.4
W1056: -7296.89
W1057: -7284.39
W1058: -7271.88
W1059: -7259.38
W1060: -7246.88
W1061: -7234.39
W1062: -7221.89
W1063: -7209.4
W1064: -7196.91
W1065: -7184.42
W1066: -7171.93
W1067: -7159.44
W1068: -7146.96
W1069: -7134.48
W1070: -7122
W1071: -7109.52
W1072: -7097.05
W1073: -7084.57
W1074: -7072.1
W1075: -7059.64
W1076: -7047.17
W1077: -7034.71
W1078: -7022.25
W1079: -7009.79
W1080: -6997.33
W1081: -6984.88
W1082: -6972.43
W1083: -6959.98
W1084: -6947.53
W1085: -6935.09
W1086: -6922.65
W1087: -6910.21
W1088: -6897.77
W1089: -6885.34
W1090: -6872.91
W1091: -6860.48
W1092: -6848.06
W1093: -6835.63
W1094: -6823.22
W1095: -6810.8
W1096: -6798.39
W1097: -6785.98
W1098: -6773.57
W1099: -6761.17
W1100: -6748.76
W1101: -6736.37
W1102: -6723.97
W1103: -6711.58
W1104: -6699.19
W1105: -6686.81
W1106: -6674.42
W1107: -6662.04
W1108: -6649.67
W1109: -6637.3
W1110: -6624.93
W1111: -6612.56
W1112: -6600.2
W1113: -6587.84
W1114: -6575.49
W1115: -6563.13
W1116: -6550.79
W1117: -6538.44
W1118: -6526.1
W1119: -6513.76
W1120: -6501.43
W1121: -6489.1
W1122: -6476.77
W1123: -6464.45
W1124: -6452.13
W1125: -6439.82
W1126: -6427.51
W1127: -6415.2
W1128: -6402.89
W1129: -6390.6
W1130: -6378.3
W1131: -6366.01
W1132: -6353.72
W1133: -6341.44
W1134: -6329.16
W1135: -6316.88
W1136: -6304.61
W1137: -6292.34
W1138: -6280.08
W1139: -6267.82
W1140: -6255.57
W1141: -6243.32
W1142: -6231.07
W1143: -6218.83
W1144: -6206.6
W1145: -6194.36
W1146: -6182.14
W1147: -6169.91
W1148: -6157.69
W1149: -6145.48
W1150: -6133.27
W1151: -6121.06
W1152: -6108.86
W1153: -6096.67
W1154: -6084.47
W1155: -6072.29
W1156: -6060.11
W1157: -6047.93
W1158: -6035.76
W1159: -6023.59
W1160: -6011.43
W1161: -5999.27
W1162: -5987.12
W1163: -5974.97
W1164: -5962.83
W1165: -5950.69
W1166: -5938.55
W1167: -5926.43
W1168: -5914.3
W1169: -5902.19
W1170: -5890.07
W1171: -5877.97
W1172: -5865.87
W1173: -5853.77
W1174: -5841.68
W1175: -5829.59
W1176: -5817.51
W1177: -5805.43
W1178: -5793.36
W1179: -5781.3
W1180: -5769.24
W1181: -5757.19
W1182: -5745.14
W1183: -5733.1
W1184: -5721.06
W1185: -5709.03
W1186: -5697
W1187: -5684.98
W1188: -5672.97
W1189: -5660.96
W1190: -5648.96
W1191: -5636.96
W1192: -5624.97
W1193: -5612.98
W1194: -5601
W1195: -5589.03
W1196: -5577.06
W1197: -5565.1
W1198: -5553.15
W1199: -5541.2
W1200: -5529.25
W1201: -5517.31
W1202: -5505.38
W1203: -5493.46
W1204: -5481.54
W1205: -5469.63
W1206: -5457.72
W1207: -5445.82
W1208: -5433.92
W1209: -5422.04
W1210: -5410.15
W1211: -5398.28
W1212: -5386.41
W1213: -5374.55
W1214: -5362.69
W1215: -5350.84
W1216: -5339
W1217: -5327.16
W1218: -5315.33
W1219: -5303.51
W1220: -5291.7
W1221: -5279.89
W1222: -5268.08
W1223: -5256.29
W1224: -5244.5
W1225: -5232.71
W1226: -5220.94
W1227: -5209.17
W1228: -5197.41
W1229: -5185.65
W1230: -5173.9
W1231: -5162.16
W1232: -5150.43
W1233: -5138.7
W1234: -5126.98
W1235: -5115.27
W1236: -5103.56
W1237: -5091.86
W1238: -5080.17
W1239: -5068.48
W1240: -5056.81
W1241: -5045.13
W1242: -5033.47
W1243: -5021.82
W1244: -5010.17
W1245: -4998.53
W1246: -4986.89
W1247: -4975.27
W1248: -4963.65
W1249: -4952.04
W1250: -4940.43
W1251: -4928.84
W1252: -4917.25
W1253: -4905.67
W1254: -4894.09
W1255: -4882.53
W1256: -4870.97
W1257: -4859.42
W1258: -4847.87
W1259: -4836.34
W1260: -4824.81
W1261: -4813.29
W1262: -4801.78
W1263: -4790.28
W1264: -4778.78
W1265: -4767.29
W1266: -4755.81
W1267: -4744.34
W1268: -4732.88
W1269: -4721.42
W1270: -4709.97
W1271: -4698.53
W1272: -4687.1
W1273: -4675.68
W1274: -4664.26
W1275: -4652.86
W1276: -4641.46
W1277: -4630.07
W1278: -4618.69
W1279: -4607.31
W1280: -4595.95
W1281: -4584.59
W1282: -4573.24
W1283: -4561.9
W1284: -4550.57
W1285: -4539.24
W1286: -4527.93
W1287: -4516.62
W1288: -4505.33
W1289: -4494.04
W1290: -4482.76
W1291: -4471.48
W1292: -4460.22
W1293: -4448.97
W1294: -4437.72
W1295: -4426.48
W1296: -4415.26
W1297: -4404.04
W1298: -4392.83
W1299: -4381.62
W1300: -4370.43
W1301: -4359.25
W1302: -4348.07
W1303: -4336.91
W1304: -4325.75
W1305: -4314.6
W1306: -4303.46
W1307: -4292.34
W1308: -4281.21
W1309: -4270.1
W1310: -4259
W1311: -4247.91
W1312: -4236.82
W1313: -4225.75
W1314: -4214.69
W1315: -4203.63
W1316: -4192.58
W1317: -4181.55
W1318: -4170.52
W1319: -4159.5
W1320: -4148.49
W1321: -4137.49
W1322: -4126.5
W1323: -4115.52
W1324: -4104.55
W1325: -4093.59
W1326: -4082.64
W1327: -4071.7
W1328: -4060.76
W1329: -4049.84
W1330: -4038.93
W1331: -4028.03
W1332: -4017.13
W1333: -4006.25
W1334: -3995.38
W1335: -3984.51
W1336: -3973.66
W1337: -3962.82
W1338: -3951.98
W1339: -3941.16
W1340: -3930.34
W1341: -3919.54
W1342: -3908.75
W1343: -3897.96
W1344: -3887.19
W1345: -3876.42
W1346: -3865.67
W1347: -3854.93
W1348: -3844.19
W1349: -3833.47
W1350: -3822.76
W1351: -3812.06
W1352: -3801.36
W1353: -3790.68
W1354: -3780.01
W1355: -3769.35
W1356: -3758.7
W1357: -3748.06
W1358: -3737.43
W1359: -3726.81
W1360: -3716.2
W1361: -3705.6
W1362: -3695.02
W1363: -3684.44
W1364: -3673.87
W1365: -3663.32
W1366: -3652.77
W1367: -3642.24
W1368: -3631.72
W1369: -3621.2
W1370: -3610.7
W1371: -3600.21
W1372: -3589.73
W1373: -3579.26
W1374: -3568.8
W1375: -3558.35
W1376: -3547.92
W1377: -3537.49
W1378: -3527.08
W1379: -3516.67
W1380: -3506.28
W1381: -3495.9
W1382: -3485.53
W1383: -3475.17
W1384: -3464.82
W1385: -3454.48
W1386: -3444.16
W1387: -3433.84
W1388: -3423.54
W1389: -3413.25
W1390: -3402.96
W1391: -3392.69
W1392: -3382.44
W1393: -3372.19
W1394: -3361.95
W1395: -3351.73
W1396: -3341.52
W1397: -3331.32
W1398: -3321.13
W1399: -3310.95
W1400: -3300.78
W1401: -3290.63
W1402: -3280.48
W1403: -3270.35
W1404: -3260.23
W1405: -3250.12
W1406: -3240.03
W1407: -3229.94
W1408: -3219.87
W1409: -3209.81
W1410: -3199.76
W1411: -3189.72
W1412: -3179.69
W1413: -3169.68
W1414: -3159.67
W1415: -3149.68
W1416: -3139.71
W1417: -3129.74
W1418: -3119.78
W1419: -3109.84
W1420: -3099.91
W1421: -3089.99
W1422: -3080.09
W1423: -3070.19
W1424: -3060.31
W1425: -3050.44
W1426: -3040.58
W1427: -3030.74
W1428: -3020.9
W1429: -3011.08
W1430: -3001.27
W1431: -2991.48
W1432: -2981.69
W1433: -2971.92
W1434: -2962.16
W1435: -2952.41
W1436: -2942.68
W1437: -2932.96
W1438: -2923.25
W1439: -2913.55
W1440: -2903.87
W1441: -2894.19
W1442: -2884.53
W1443: -2874.89
W1444: -2865.25
W1445: -2855.63
W1446: -2846.02
W1447: -2836.43
W1448: -2826.84
W1449: -2817.27
W1450: -2807.71
W1451: -2798.17
W1452: -2788.63
W1453: -2779.11
W1454: -2769.61
W1455: -2760.11
W1456: -2750.63
W1457: -2741.16
W1458: -2731.71
W1459: -2722.27
W1460: -2712.84
W1461: -2703.42
W1462: -2694.02
W1463: -2684.63
W1464: -2675.25
W1465: -2665.89
W1466: -2656.54
W1467: -2647.2
W1468: -2637.87
W1469: -2628.56
W1470: -2619.27
W1471: -2609.98
W1472: -2600.71
W1473: -2591.45
W1474: -2582.21
W1475: -2572.97
W1476: -2563.76
W1477: -2554.55
W1478: -2545.36
W1479: -2536.18
W1480: -2527.02
W1481: -2517.87
W1482: -2508.73
W1483: -2499.6
W1484: -2490.49
W1485: -2481.4
W1486: -2472.31
W1487: -2463.24
W1488: -2454.19
W1489: -2445.15
W1490: -2436.12
W1491: -2427.1
W1492: -2418.1
W1493: -2409.11
W1494: -2400.14
W1495: -2391.18
W1496: -2382.23
W1497: -2373.3
W1498: -2364.38
W1499: -2355.48
W1500: -2346.59
W1501: -2337.71
W1502: -2328.85
W1503: -2320
W1504: -2311.16
W1505: -2302.34
W1506: -2293.53
W1507: -2284.74
W1508: -2275.96
W1509: -2267.2
W1510: -2258.45
W1511: -2249.71
W1512: -2240.99
W1513: -2232.28
W1514: -2223.59
W1515: -2214.91
W1516: -2206.24
W1517: -2197.59
W1518: -2188.95
W1519: -2180.33
W1520: -2171.72
W1521: -2163.13
W1522: -2154.55
W1523: -2145.98
W1524: -2137.43
W1525: -2128.9
W1526: -2120.37
W1527: -2111.87
W1528: -2103.37
W1529: -2094.9
W1530: -2086.43
W1531: -2077.98
W1532: -2069.55
W1533: -2061.13
W1534: -2052.72
W1535: -2044.33
W1536: -2035.95
W1537: -2027.59
W1538: -2019.25
W1539: -2010.91
W1540: -2002.6
W1541: -1994.29
W1542: -1986.01
W1543: -1977.73
W1544: -1969.48
W1545: -1961.23
W1546: -1953
W1547: -1944.79
W1548: -1936.59
W1549: -1928.41
W1550: -1920.24
W1551: -1912.08
W1552: -1903.95
W1553: -1895.82
W1554: -1887.71
W1555: -1879.62
W1556: -1871.54
W1557: -1863.48
W1558: -1855.43
W1559: -1847.4
W1560: -1839.38
W1561: -1831.37
W1562: -1823.39
W1563: -1815.41
W1564: -1807.46
W1565: -1799.51
W1566: -1791.59
W1567: -1783.68
W1568: -1775.78
W1569: -1767.9
W1570: -1760.03
W1571: -1752.18
W1572: -1744.35
W1573: -1736.53
W1574: -1728.72
W1575: -1720.94
W1576: -1713.16
W1577: -1705.41
W1578: -1697.66
W1579: -1689.94
W1580: -1682.23
W1581: -1674.53
W1582: -1666.85
W1583: -1659.19
W1584: -1651.54
W1585: -1643.9
W1586: -1636.29
W1587: -1628.68
W1588: -1621.1
W1589: -1613.53
W1590: -1605.97
W1591: -1598.43
W1592: -1590.91
W1593: -1583.4
W1594: -1575.91
W1595: -1568.44
W1596: -1560.98
W1597: -1553.53
W1598: -1546.1
W1599: -1538.69
W1600: -1531.29
W1601: -1523.91
W1602: -1516.55
W1603: -1509.2
W1604: -1501.87
W1605: -1494.55
W1606: -1487.25
W1607: -1479.97
W1608: -1472.7
W1609: -1465.44
W1610: -1458.21
W1611: -1450.99
W1612: -1443.78
W1613: -1436.6
W1614: -1429.42
W1615: -1422.27
W1616: -1415.13
W1617: -1408.01
W1618: -1400.9
W1619: -1393.81
W1620: -1386.73
W1621: -1379.68
W1622: -1372.63
W1623: -1365.61
W1624: -1358.6
W1625: -1351.61
W1626: -1344.63
W1627: -1337.67
W1628: -1330.72
W1629: -1323.8
W1630: -1316.89
W1631: -1309.99
W1632: -1303.11
W1633: -1296.25
W1634: -1289.41
W1635: -1282.58
W1636: -1275.77
W1637: -1268.97
W1638: -1262.19
W1639: -1255.43
W1640: -1248.69
W1641: -1241.96
W1642: -1235.24
W1643: -1228.55
W1644: -1221.87
W1645: -1215.21
W1646: -1208.56
W1647: -1201.93
W1648: -1195.32
W1649: -1188.72
W1650: -1182.15
W1651: -1175.58
W1652: -1169.04
W1653: -1162.51
W1654: -1156
W1655: -1149.5
W1656: -1143.03
W1657: -1136.57
W1658: -1130.12
W1659: -1123.7
W1660: -1117.29
W1661: -1110.89
W1662: -1104.52
W1663: -1098.16
W1664: -1091.81
W1665: -1085.49
W1666: -1079.18
W1667: -1072.89
W1668: -1066.62
W1669: -1060.36
W1670: -1054.12
W1671: -1047.9
W1672: -1041.69
W1673: -1035.5
W1674: -1029.33
W1675: -1023.18
W1676: -1017.04
W1677: -1010.92
W1678: -1004.82
W1679: -998.731
W1680: -992.663
W1681: -986.612
W1682: -980.578
W1683: -974.562
W1684: -968.563
W1685: -962.581
W1686: -956.617
W1687: -950.67
W1688: -944.74
W1689: -938.827
W1690: -932.932
W1691: -927.055
W1692: -921.195
W1693: -915.352
W1694: -909.526
W1695: -903.719
W1696: -897.928
W1697: -892.155
W1698: -886.4
W1699: -880.662
W1700: -874.942
W1701: -869.239
W1702: -863.554
W1703: -857.886
W1704: -852.236
W1705: -846.603
W1706: -840.988
W1707: -835.391
W1708: -829.811
W1709: -824.249
W1710: -818.705
W1711: -813.178
W1712: -807.67
W1713: -802.178
W1714: -796.705
W1715: -791.249
W1716: -785.811
W1717: -780.391
W1718: -774.988
W1719: -769.604
W1720: -764.237
W1721: -758.888
W1722: -753.556
W1723: -748.243
W1724: -742.947
W1725: -737.67
W1726: -732.41
W1727: -727.168
W1728: -721.944
W1729: -716.738
W1730: -711.55
W1731: -706.38
W1732: -701.227
W1733: -696.093
W1734: -690.977
W1735: -685.878
W1736: -680.798
W1737: -675.736
W1738: -670.692
W1739: -665.666
W1740: -660.657
W1741: -655.667
W1742: -650.695
W1743: -645.741
W1744: -640.806
W1745: -635.888
W1746: -630.989
W1747: -626.107
W1748: -621.244
W1749: -616.399
W1750: -611.572
W1751: -606.763
W1752: -601.973
W1753: -597.201
W1754: -592.446
W1755: -587.711
W1756: -582.993
W1757: -578.294
W1758: -573.613
W1759: -568.95
W1760: -564.306
W1761: -559.68
W1762: -555.072
W1763: -550.482
W1764: -545.911
W1765: -541.358
W1766: -536.824
W1767: -532.308
W1768: -527.81
W1769: -523.331
W1770: -518.87
W1771: -514.428
W1772: -510.004
W1773: -505.598
W1774: -501.211
W1775: -496.842
W1776: -492.492
W1777: -488.16
W1778: -483.847
W1779: -479.553
W1780: -475.276
W1781: -471.019
W1782: -466.78
W1783: -462.559
W1784: -458.357
W1785: -454.174
W1786: -450.009
W1787: -445.863
W1788: -441.735
W1789: -437.626
W1790: -433.535
W1791: -429.464
W1792: -425.41
W1793: -421.376
W1794: -417.36
W1795: -413.363
W1796: -409.384
W1797: -405.425
W1798: -401.483
W1799: -397.561
W1800: -393.657
W1801: -389.772
W1802: -385.906
W1803: -382.059
W1804: -378.23
W1805: -374.42
W1806: -370.629
W1807: -366.856
W1808: -363.103
W1809: -359.368
W1810: -355.652
W1811: -351.955
W1812: -348.277
W1813: -344.617
W1814: -340.976
W1815: -337.355
W1816: -333.752
W1817: -330.168
W1818: -326.602
W1819: -323.056
W1820: -319.529
W1821: -316.02
W1822: -312.531
W1823: -309.06
W1824: -305.609
W1825: -302.176
W1826: -298.762
W1827: -295.367
W1828: -291.991
W1829: -288.635
W1830: -285.297
W1831: -281.978
W1832: -278.678
W1833: -275.397
W1834: -272.135
W1835: -268.892
W1836: -265.669
W1837: -262.464
W1838: -259.278
W1839: -256.111
W1840: -252.964
W1841: -249.835
W1842: -246.726
W1843: -243.636
W1844: -240.564
W1845: -237.512
W1846: -234.479
W1847: -231.465
W1848: -228.471
W1849: -225.495
W1850: -222.539
W1851: -219.601
W1852: -216.683
W1853: -213.784
W1854: -210.904
W1855: -208.044
W1856: -205.202
W1857: -202.38
W1858: -199.577
W1859: -196.793
W1860: -194.028
W1861: -191.283
W1862: -188.556
W1863: -185.849
W1864: -183.162
W1865: -180.493
W1866: -177.844
W1867: -175.214
W1868: -172.603
W1869: -170.012
W1870: -167.44
W1871: -164.887
W1872: -162.353
W1873: -159.839
W1874: -157.344
W1875: -154.868
W1876: -152.412
W1877: -149.975
W1878: -147.557
W1879: -145.159
W1880: -142.78
W1881: -140.42
W1882: -138.079
W1883: -135.759
W1884: -133.457
W1885: -131.175
W1886: -128.912
W1887: -126.668
W1888: -124.444
W1889: -122.239
W1890: -120.054
W1891: -117.888
W1892: -115.742
W1893: -113.614
W1894: -111.507
W1895: -109.418
W1896: -107.35
W1897: -105.3
W1898: -103.27
W1899: -101.26
W1900: -99.2686
W1901: -97.297
W1902: -95.3448
W1903: -93.4121
W1904: -91.4989
W1905: -89.6051
W1906: -87.7308
W1907: -85.876
W1908: -84.0406
W1909: -82.2248
W1910: -80.4285
W1911: -78.6516
W1912: -76.8943
W1913: -75.1564
W1914: -73.4381
W1915: -71.7393
W1916: -70.06
W1917: -68.4003
W1918: -66.7601
W1919: -65.1394
W1920: -63.5382
W1921: -61.9566
W1922: -60.3945
W1923: -58.852
W1924: -57.329
W1925: -55.8256
W1926: -54.3417
W1927: -52.8774
W1928: -51.4327
W1929: -50.0076
W1930: -48.602
W1931: -47.216
W1932: -45.8496
W1933: -44.5027
W1934: -43.1755
W1935: -41.8678
W1936: -40.5797
W1937: -39.3113
W1938: -38.0624
W1939: -36.8331
W1940: -35.6235
W1941: -34.4334
W1942: -33.263
W1943: -32.1122
W1944: -30.981
W1945: -29.8694
W1946: -28.7774
W1947: -27.7051
W1948: -26.6524
W1949: -25.6193
W1950: -24.6059
W1951: -23.6121
W1952: -22.6379
W1953: -21.6834
W1954: -20.7486
W1955: -19.8333
W1956: -18.9377
W1957: -18.0618
W1958: -17.2055
W1959: -16.3689
W1960: -15.552
W1961: -14.7547
W1962: -13.977
W1963: -13.219
W1964: -12.4807
W1965: -11.7621
W1966: -11.0631
W1967: -10.3838
W1968: -9.72414
W1969: -9.08417
W1970: -8.46388
W1971: -7.86327
W1972: -7.28233
W1973: -6.72108
W1974: -6.1795
W1975: -5.65761
W1976: -5.15539
W1977: -4.67287
W1978: -4.21003
W1979: -3.76688
W1980: -3.34341
W1981: -2.93963
W1982: -2.55555
W1983: -2.19115
W1984: -1.84645
W1985: -1.52144
W1986: -1.21612
W1987: -0.930502
W1988: -0.664574
W1989: -0.418343
W1990: -0.191808
W1991: 0.0150307
W1992: 0.202172
W1993: 0.369615
W1994: 0.51736
W1995: 0.645406
W1996: 0.753754
W1997: 0.842402
W1998: 0.911351
W1999: 0.9606
W2000: 0.99015
Initial Condition: 
0
0.0015708
0.00314159
0.00471237
0.00628314
0.0078539
0.00942464
0.0109954
0.012566
0.0141367
0.0157073
0.0172779
0.0188484
0.0204189
0.0219894
0.0235598
0.0251301
0.0267004
0.0282706
0.0298407
0.0314108
0.0329807
0.0345506
0.0361205
0.0376902
0.0392598
0.0408294
0.0423988
0.0439681
0.0455373
0.0471065
0.0486754
0.0502443
0.0518131
0.0533817
0.0549502
0.0565185
0.0580867
0.0596548
0.0612227
0.0627905
0.0643581
0.0659256
0.0674929
0.06906
0.070627
0.0721938
0.0737604
0.0753268
0.076893
0.0784591
0.080025
0.0815906
0.0831561
0.0847213
0.0862864
0.0878512
0.0894158
0.0909802
0.0925444
0.0941083
0.095672
0.0972355
0.0987987
0.100362
0.101924
0.103487
0.105049
0.106611
0.108173
0.109734
0.111295
0.112856
0.114417
0.115977
0.117537
0.119097
0.120657
0.122216
0.123775
0.125333
0.126891
0.128449
0.130007
0.131564
0.133121
0.134678
0.136234
0.13779
0.139346
0.140901
0.142456
0.144011
0.145565
0.147119
0.148672
0.150226
0.151778
0.153331
0.154883
0.156434
0.157986
0.159537
0.161087
0.162637
0.164187
0.165736
0.167285
0.168833
0.170381
0.171929
0.173476
0.175023
0.176569
0.178115
0.179661
0.181206
0.18275
0.184294
0.185838
0.187381
0.188924
0.190466
0.192008
0.193549
0.19509
0.196631
0.198171
0.19971
0.201249
0.202787
0.204325
0.205863
0.2074
0.208936
0.210472
0.212007
0.213542
0.215076
0.21661
0.218143
0.219676
0.221208
0.22274
0.224271
0.225801
0.227331
0.228861
0.230389
0.231918
0.233445
0.234972
0.236499
0.238025
0.23955
0.241075
0.242599
0.244123
0.245646
0.247168
0.24869
0.250211
0.251732
0.253251
0.254771
0.256289
0.257807
0.259325
0.260842
0.262358
0.263873
0.265388
0.266902
0.268415
0.269928
0.27144
0.272952
0.274463
0.275973
0.277482
0.278991
0.280499
0.282007
0.283513
0.285019
0.286525
0.288029
0.289533
0.291036
0.292539
0.29404
0.295541
0.297042
0.298541
0.30004
0.301538
0.303035
0.304532
0.306028
0.307523
0.309017
0.310511
0.312003
0.313495
0.314987
0.316477
0.317967
0.319456
0.320944
0.322431
0.323917
0.325403
0.326888
0.328372
0.329855
0.331338
0.33282
0.3343
0.33578
0.33726
0.338738
0.340215
0.341692
0.343168
0.344643
0.346117
0.34759
0.349063
0.350534
0.352005
0.353475
0.354944
0.356412
0.357879
0.359345
0.360811
0.362275
0.363739
0.365202
0.366664
0.368125
0.369585
0.371044
0.372502
0.373959
0.375416
0.376871
0.378326
0.379779
0.381232
0.382683
0.384134
0.385584
0.387033
0.388481
0.389928
0.391374
0.392819
0.394263
0.395706
0.397148
0.398589
0.400029
0.401468
0.402906
0.404344
0.40578
0.407215
0.408649
0.410082
0.411514
0.412945
0.414376
0.415805
0.417233
0.41866
0.420086
0.421511
0.422935
0.424357
0.425779
0.4272
0.42862
0.430038
0.431456
0.432873
0.434288
0.435702
0.437116
0.438528
0.439939
0.441349
0.442758
0.444166
0.445573
0.446979
0.448383
0.449787
0.451189
0.45259
0.45399
0.45539
0.456787
0.458184
0.45958
0.460974
0.462368
0.46376
0.465151
0.466541
0.46793
0.469317
0.470704
0.472089
0.473473
0.474856
0.476238
0.477619
0.478998
0.480377
0.481754
0.48313
0.484504
0.485878
0.48725
0.488621
0.489991
0.49136
0.492727
0.494094
0.495459
0.496822
0.498185
0.499546
0.500907
0.502266
0.503623
0.50498
0.506335
0.507689
0.509041
0.510393
0.511743
0.513092
0.51444
0.515786
0.517131
0.518475
0.519817
0.521159
0.522499
0.523837
0.525175
0.526511
0.527846
0.529179
0.530511
0.531842
0.533172
0.5345
0.535827
0.537152
0.538477
0.5398
0.541121
0.542442
0.54376
0.545078
0.546394
0.547709
0.549023
0.550335
0.551646
0.552955
0.554263
0.55557
0.556876
0.55818
0.559482
0.560784
0.562083
0.563382
0.564679
0.565975
0.567269
0.568562
0.569853
0.571143
0.572432
0.573719
0.575005
0.57629
0.577573
0.578854
0.580134
0.581413
0.58269
0.583966
0.585241
0.586514
0.587785
0.589055
0.590324
0.591591
0.592857
0.594121
0.595384
0.596645
0.597905
0.599163
0.60042
0.601676
0.60293
0.604182
0.605433
0.606682
0.60793
0.609177
0.610422
0.611665
0.612907
0.614147
0.615386
0.616624
0.61786
0.619094
0.620327
0.621558
0.622788
0.624016
0.625243
0.626468
0.627691
0.628913
0.630134
0.631353
0.63257
0.633786
0.635
0.636213
0.637424
0.638634
0.639841
0.641048
0.642253
0.643456
0.644657
0.645858
0.647056
0.648253
0.649448
0.650642
0.651834
0.653024
0.654213
0.6554
0.656586
0.65777
0.658952
0.660133
0.661312
0.662489
0.663665
0.664839
0.666012
0.667183
0.668352
0.66952
0.670686
0.67185
0.673013
0.674173
0.675333
0.67649
0.677646
0.678801
0.679953
0.681104
0.682254
0.683401
0.684547
0.685691
0.686834
0.687975
0.689114
0.690251
0.691387
0.692521
0.693653
0.694784
0.695913
0.69704
0.698165
0.699289
0.700411
0.701531
0.70265
0.703767
0.704882
0.705995
0.707107
0.708217
0.709325
0.710431
0.711536
0.712639
0.71374
0.714839
0.715936
0.717032
0.718126
0.719219
0.720309
0.721398
0.722485
0.72357
0.724653
0.725735
0.726814
0.727892
0.728969
0.730043
0.731116
0.732186
0.733255
0.734323
0.735388
0.736451
0.737513
0.738573
0.739631
0.740687
0.741742
0.742794
0.743845
0.744894
0.745941
0.746986
0.74803
0.749071
0.750111
0.751149
0.752185
0.753219
0.754251
0.755282
0.75631
0.757337
0.758362
0.759385
0.760406
0.761425
0.762443
0.763458
0.764472
0.765483
0.766493
0.767501
0.768507
0.769511
0.770513
0.771514
0.772512
0.773508
0.774503
0.775496
0.776487
0.777475
0.778462
0.779447
0.78043
0.781412
0.782391
0.783368
0.784343
0.785317
0.786288
0.787258
0.788226
0.789191
0.790155
0.791117
0.792077
0.793034
0.79399
0.794944
0.795896
0.796846
0.797794
0.798741
0.799685
0.800627
0.801567
0.802505
0.803441
0.804376
0.805308
0.806238
0.807166
0.808093
0.809017
0.809939
0.81086
0.811778
0.812694
0.813608
0.814521
0.815431
0.816339
0.817245
0.81815
0.819052
0.819952
0.82085
0.821746
0.822641
0.823533
0.824423
0.825311
0.826197
0.827081
0.827962
0.828842
0.82972
0.830596
0.83147
0.832341
0.833211
0.834078
0.834944
0.835807
0.836669
0.837528
0.838385
0.83924
0.840094
0.840945
0.841794
0.84264
0.843485
0.844328
0.845169
0.846007
0.846844
0.847678
0.84851
0.84934
0.850168
0.850994
0.851818
0.85264
0.85346
0.854277
0.855093
0.855906
0.856718
0.857527
0.858334
0.859139
0.859941
0.860742
0.861541
0.862337
0.863131
0.863923
0.864713
0.865501
0.866287
0.867071
0.867852
0.868632
0.869409
0.870184
0.870957
0.871727
0.872496
0.873262
0.874027
0.874789
0.875549
0.876307
0.877062
0.877816
0.878567
0.879316
0.880063
0.880808
0.881551
0.882291
0.88303
0.883766
0.8845
0.885231
0.885961
0.886688
0.887413
0.888136
0.888857
0.889576
0.890292
0.891007
0.891719
0.892428
0.893136
0.893841
0.894545
0.895246
0.895944
0.896641
0.897335
0.898028
0.898718
0.899405
0.900091
0.900774
0.901455
0.902134
0.902811
0.903485
0.904157
0.904827
0.905495
0.90616
0.906823
0.907484
0.908143
0.9088
0.909454
0.910106
0.910756
0.911403
0.912049
0.912692
0.913332
0.913971
0.914607
0.915241
0.915873
0.916502
0.91713
0.917755
0.918377
0.918998
0.919616
0.920232
0.920845
0.921457
0.922066
0.922673
0.923277
0.92388
0.92448
0.925077
0.925673
0.926266
0.926857
0.927445
0.928031
0.928615
0.929197
0.929776
0.930354
0.930928
0.931501
0.932071
0.932639
0.933205
0.933768
0.934329
0.934888
0.935444
0.935998
0.93655
0.937099
0.937646
0.938191
0.938734
0.939274
0.939812
0.940348
0.940881
0.941412
0.94194
0.942467
0.942991
0.943512
0.944031
0.944548
0.945063
0.945575
0.946085
0.946593
0.947098
0.947601
0.948102
0.9486
0.949096
0.94959
0.950081
0.95057
0.951057
0.951541
0.952023
0.952502
0.952979
0.953454
0.953927
0.954397
0.954865
0.95533
0.955793
0.956254
0.956712
0.957168
0.957622
0.958073
0.958522
0.958968
0.959412
0.959854
0.960294
0.960731
0.961165
0.961598
0.962028
0.962455
0.96288
0.963303
0.963724
0.964142
0.964557
0.964971
0.965382
0.96579
0.966196
0.9666
0.967001
0.9674
0.967797
0.968191
0.968583
0.968973
0.96936
0.969744
0.970127
0.970506
0.970884
0.971259
0.971632
0.972002
0.97237
0.972735
0.973099
0.973459
0.973817
0.974173
0.974527
0.974878
0.975227
0.975573
0.975917
0.976258
0.976597
0.976934
0.977268
0.9776
0.977929
0.978256
0.978581
0.978903
0.979223
0.97954
0.979855
0.980168
0.980478
0.980785
0.981091
0.981393
0.981694
0.981992
0.982287
0.98258
0.982871
0.983159
0.983445
0.983729
0.98401
0.984288
0.984564
0.984838
0.985109
0.985378
0.985645
0.985909
0.98617
0.986429
0.986686
0.98694
0.987192
0.987441
0.987688
0.987933
0.988175
0.988415
0.988652
0.988886
0.989119
0.989349
0.989576
0.989801
0.990024
0.990244
0.990461
0.990677
0.990889
0.9911
0.991308
0.991513
0.991716
0.991917
0.992115
0.99231
0.992504
0.992694
0.992883
0.993068
0.993252
0.993433
0.993611
0.993787
0.993961
0.994132
0.994301
0.994467
0.994631
0.994792
0.994951
0.995107
0.995261
0.995413
0.995562
0.995709
0.995853
0.995994
0.996134
0.99627
0.996405
0.996537
0.996666
0.996793
0.996917
0.997039
0.997159
0.997276
0.997391
0.997503
0.997613
0.99772
0.997825
0.997927
0.998027
0.998124
0.998219
0.998312
0.998402
0.998489
0.998574
0.998657
0.998737
0.998815
0.99889
0.998963
0.999033
0.999101
0.999166
0.999229
0.999289
0.999347
0.999403
0.999456
0.999507
0.999555
0.9996
0.999643
0.999684
0.999722
0.999758
0.999792
0.999822
0.999851
0.999877
0.9999
0.999921
0.99994
0.999956
0.999969
0.99998
0.999989
0.999995
0.999999
1
0.999999
0.999995
0.999989
0.99998
0.999969
0.999956
0.99994
0.999921
0.9999
0.999877
0.999851
0.999822
0.999792
0.999758
0.999722
0.999684
0.999643
0.9996
0.999555
0.999507
0.999456
0.999403
0.999347
0.999289
0.999229
0.999166
0.999101
0.999033
0.998963
0.99889
0.998815
0.998737
0.998657
0.998574
0.998489
0.998402
0.998312
0.998219
0.998124
0.998027
0.997927
0.997825
0.99772
0.997613
0.997503
0.997391
0.997276
0.997159
0.997039
0.996917
0.996793
0.996666
0.996537
0.996405
0.99627
0.996134
0.995994
0.995853
0.995709
0.995562
0.995413
0.995261
0.995107
0.994951
0.994792
0.994631
0.994467
0.994301
0.994132
0.993961
0.993787
0.993611
0.993433
0.993252
0.993068
0.992883
0.992694
0.992504
0.99231
0.992115
0.991917
0.991716
0.991513
0.991308
0.9911
0.990889
0.990677
0.990461
0.990244
0.990024
0.989801
0.989576
0.989349
0.989119
0.988886
0.988652
0.988415
0.988175
0.987933
0.987688
0.987441
0.987192
0.98694
0.986686
0.986429
0.98617
0.985909
0.985645
0.985378
0.985109
0.984838
0.984564
0.984288
0.98401
0.983729
0.983445
0.983159
0.982871
0.98258
0.982287
0.981992
0.981694
0.981393
0.981091
0.980785
0.980478
0.980168
0.979855
0.97954
0.979223
0.978903
0.978581
0.978256
0.977929
0.9776
0.977268
0.976934
0.976597
0.976258
0.975917
0.975573
0.975227
0.974878
0.974527
0.974173
0.973817
0.973459
0.973099
0.972735
0.97237
0.972002
0.971632
0.971259
0.970884
0.970506
0.970127
0.969744
0.96936
0.968973
0.968583
0.968191
0.967797
0.9674
0.967001
0.9666
0.966196
0.96579
0.965382
0.964971
0.964557
0.964142
0.963724
0.963303
0.96288
0.962455
0.962028
0.961598
0.961165
0.960731
0.960294
0.959854
0.959412
0.958968
0.958522
0.958073
0.957622
0.957168
0.956712
0.956254
0.955793
0.95533
0.954865
0.954397
0.953927
0.953454
0.952979
0.952502
0.952023
0.951541
0.951057
0.95057
0.950081
0.94959
0.949096
0.9486
0.948102
0.947601
0.947098
0.946593
0.946085
0.945575
0.945063
0.944548
0.944031
0.943512
0.942991
0.942467
0.94194
0.941412
0.940881
0.940348
0.939812
0.939274
0.938734
0.938191
0.937646
0.937099
0.93655
0.935998
0.935444
0.934888
0.934329
0.933768
0.933205
0.932639
0.932071
0.931501
0.930928
0.930354
0.929776
0.929197
0.928615
0.928031
0.927445
0.926857
0.926266
0.925673
0.925077
0.92448
0.92388
0.923277
0.922673
0.922066
0.921457
0.920845
0.920232
0.919616
0.918998
0.918377
0.917755
0.91713
0.916502
0.915873
0.915241
0.914607
0.913971
0.913332
0.912692
0.912049
0.911403
0.910756
0.910106
0.909454
0.9088
0.908143
0.907484
0.906823
0.90616
0.905495
0.904827
0.904157
0.903485
0.902811
0.902134
0.901455
0.900774
0.900091
0.899405
0.898718
0.898028
0.897335
0.896641
0.895944
0.895246
0.894545
0.893841
0.893136
0.892428
0.891719
0.891007
0.890292
0.889576
0.888857
0.888136
0.887413
0.886688
0.885961
0.885231
0.8845
0.883766
0.88303
0.882291
0.881551
0.880808
0.880063
0.879316
0.878567
0.877816
0.877062
0.876307
0.875549
0.874789
0.874027
0.873262
0.872496
0.871727
0.870957
0.870184
0.869409
0.868632
0.867852
0.867071
0.866287
0.865501
0.864713
0.863923
0.863131
0.862337
0.861541
0.860742
0.859941
0.859139
0.858334
0.857527
0.856718
0.855906
0.855093
0.854277
0.85346
0.85264
0.851818
0.850994
0.850168
0.84934
0.84851
0.847678
0.846844
0.846007
0.845169
0.844328
0.843485
0.84264
0.841794
0.840945
0.840094
0.83924
0.838385
0.837528
0.836669
0.835807
0.834944
0.834078
0.833211
0.832341
0.83147
0.830596
0.82972
0.828842
0.827962
0.827081
0.826197
0.825311
0.824423
0.823533
0.822641
0.821746
0.82085
0.819952
0.819052
0.81815
0.817245
0.816339
0.815431
0.814521
0.813608
0.812694
0.811778
0.81086
0.809939
0.809017
0.808093
0.807166
0.806238
0.805308
0.804376
0.803441
0.802505
0.801567
0.800627
0.799685
0.798741
0.797794
0.796846
0.795896
0.794944
0.79399
0.793034
0.792077
0.791117
0.790155
0.789191
0.788226
0.787258
0.786288
0.785317
0.784343
0.783368
0.782391
0.781412
0.78043
0.779447
0.778462
0.777475
0.776487
0.775496
0.774503
0.773508
0.772512
0.771514
0.770513
0.769511
0.768507
0.767501
0.766493
0.765483
0.764472
0.763458
0.762443
0.761425
0.760406
0.759385
0.758362
0.757337
0.75631
0.755282
0.754251
0.753219
0.752185
0.751149
0.750111
0.749071
0.74803
0.746986
0.745941
0.744894
0.743845
0.742794
0.741742
0.740687
0.739631
0.738573
0.737513
0.736451
0.735388
0.734323
0.733255
0.732186
0.731116
0.730043
0.728969
0.727892
0.726814
0.725735
0.724653
0.72357
0.722485
0.721398
0.720309
0.719219
0.718126
0.717032
0.715936
0.714839
0.71374
0.712639
0.711536
0.710431
0.709325
0.708217
0.707107
0.705995
0.704882
0.703767
0.70265
0.701531
0.700411
0.699289
0.698165
0.69704
0.695913
0.694784
0.693653
0.692521
0.691387
0.690251
0.689114
0.687975
0.686834
0.685691
0.684547
0.683401
0.682254
0.681104
0.679953
0.678801
0.677646
0.67649
0.675333
0.674173
0.673013
0.67185
0.670686
0.66952
0.668352
0.667183
0.666012
0.664839
0.663665
0.662489
0.661312
0.660133
0.658952
0.65777
0.656586
0.6554
0.654213
0.653024
0.651834
0.650642
0.649448
0.648253
0.647056
0.645858
0.644657
0.643456
0.642253
0.641048
0.639841
0.638634
0.637424
0.636213
0.635
0.633786
0.63257
0.631353
0.630134
0.628913
0.627691
0.626468
0.625243
0.624016
0.622788
0.621558
0.620327
0.619094
0.61786
0.616624
0.615386
0.614147
0.612907
0.611665
0.610422
0.609177
0.60793
0.606682
0.605433
0.604182
0.60293
0.601676
0.60042
0.599163
0.597905
0.596645
0.595384
0.594121
0.592857
0.591591
0.590324
0.589055
0.587785
0.586514
0.585241
0.583966
0.58269
0.581413
0.580134
0.578854
0.577573
0.57629
0.575005
0.573719
0.572432
0.571143
0.569853
0.568562
0.567269
0.565975
0.564679
0.563382
0.562083
0.560784
0.559482
0.55818
0.556876
0.55557
0.554263
0.552955
0.551646
0.550335
0.549023
0.547709
0.546394
0.545078
0.54376
0.542442
0.541121
0.5398
0.538477
0.537152
0.535827
0.5345
0.533172
0.531842
0.530511
0.529179
0.527846
0.526511
0.525175
0.523837
0.522499
0.521159
0.519817
0.518475
0.517131
0.515786
0.51444
0.513092
0.511743
0.510393
0.509041
0.507689
0.506335
0.50498
0.503623
0.502266
0.500907
0.499546
0.498185
0.496822
0.495459
0.494094
0.492727
0.49136
0.489991
0.488621
0.48725
0.485878
0.484504
0.48313
0.481754
0.480377
0.478998
0.477619
0.476238
0.474856
0.473473
0.472089
0.470704
0.469317
0.46793
0.466541
0.465151
0.46376
0.462368
0.460974
0.45958
0.458184
0.456787
0.45539
0.45399
0.45259
0.451189
0.449787
0.448383
0.446979
0.445573
0.444166
0.442758
0.441349
0.439939
0.438528
0.437116
0.435702
0.434288
0.432873
0.431456
0.430038
0.42862
0.4272
0.425779
0.424357
0.422935
0.421511
0.420086
0.41866
0.417233
0.415805
0.414376
0.412945
0.411514
0.410082
0.408649
0.407215
0.40578
0.404344
0.402906
0.401468
0.400029
0.398589
0.397148
0.395706
0.394263
0.392819
0.391374
0.389928
0.388481
0.387033
0.385584
0.384134
0.382683
0.381232
0.379779
0.378326
0.376871
0.375416
0.373959
0.372502
0.371044
0.369585
0.368125
0.366664
0.365202
0.363739
0.362275
0.360811
0.359345
0.357879
0.356412
0.354944
0.353475
0.352005
0.350534
0.349063
0.34759
0.346117
0.344643
0.343168
0.341692
0.340215
0.338738
0.33726
0.33578
0.3343
0.33282
0.331338
0.329855
0.328372
0.326888
0.325403
0.323917
0.322431
0.320944
0.319456
0.317967
0.316477
0.314987
0.313495
0.312003
0.310511
0.309017
0.307523
0.306028
0.304532
0.303035
0.301538
0.30004
0.298541
0.297042
0.295541
0.29404
0.292539
0.291036
0.289533
0.288029
0.286525
0.285019
0.283513
0.282007
0.280499
0.278991
0.277482
0.275973
0.274463
0.272952
0.27144
0.269928
0.268415
0.266902
0.265388
0.263873
0.262358
0.260842
0.259325
0.257807
0.256289
0.254771
0.253251
0.251732
0.250211
0.24869
0.247168
0.245646
0.244123
0.242599
0.241075
0.23955
0.238025
0.236499
0.234972
0.233445
0.231918
0.230389
0.228861
0.227331
0.225801
0.224271
0.22274
0.221208
0.219676
0.218143
0.21661
0.215076
0.213542
0.212007
0.210472
0.208936
0.2074
0.205863
0.204325
0.202787
0.201249
0.19971
0.198171
0.196631
0.19509
0.193549
0.192008
0.190466
0.188924
0.187381
0.185838
0.184294
0.18275
0.181206
0.179661
0.178115
0.176569
0.175023
0.173476
0.171929
0.170381
0.168833
0.167285
0.165736
0.164187
0.162637
0.161087
0.159537
0.157986
0.156434
0.154883
0.153331
0.151778
0.150226
0.148672
0.147119
0.145565
0.144011
0.142456
0.140901
0.139346
0.13779
0.136234
0.134678
0.133121
0.131564
0.130007
0.128449
0.126891
0.125333
0.123775
0.122216
0.120657
0.119097
0.117537
0.115977
0.114417
0.112856
0.111295
0.109734
0.108173
0.106611
0.105049
0.103487
0.101924
0.100362
0.0987987
0.0972355
0.095672
0.0941083
0.0925444
0.0909802
0.0894158
0.0878512
0.0862864
0.0847213
0.0831561
0.0815906
0.080025
0.0784591
0.076893
0.0753268
0.0737604
0.0721938
0.070627
0.06906
0.0674929
0.0659256
0.0643581
0.0627905
0.0612227
0.0596548
0.0580867
0.0565185
0.0549502
0.0533817
0.0518131
0.0502443
0.0486754
0.0471065
0.0455373
0.0439681
0.0423988
0.0408294
0.0392598
0.0376902
0.0361205
0.0345506
0.0329807
0.0314108
0.0298407
0.0282706
0.0267004
0.0251301
0.0235598
0.0219894
0.0204189
0.0188484
0.0172779
0.0157073
0.0141367
0.012566
0.0109954
0.00942464
0.0078539
0.00628314
0.00471237
0.00314159
0.0015708
0
Final Solution: 
0
0.000220323
0.000440645
0.000660967
0.000881286
0.0011016
0.00132192
0.00154223
0.00176254
0.00198284
0.00220314
0.00242343
0.00264372
0.002864
0.00308427
0.00330454
0.0035248
0.00374505
0.00396529
0.00418552
0.00440574
0.00462594
0.00484614
0.00506633
0.0052865
0.00550666
0.00572681
0.00594694
0.00616706
0.00638716
0.00660724
0.00682732
0.00704737
0.0072674
0.00748742
0.00770742
0.0079274
0.00814736
0.0083673
0.00858722
0.00880712
0.009027
0.00924686
0.00946669
0.0096865
0.00990628
0.010126
0.0103458
0.0105655
0.0107852
0.0110048
0.0112245
0.0114441
0.0116636
0.0118832
0.0121027
0.0123222
0.0125416
0.0127611
0.0129805
0.0131998
0.0134191
0.0136384
0.0138577
0.0140769
0.0142961
0.0145153
0.0147344
0.0149535
0.0151725
0.0153916
0.0156105
0.0158295
0.0160484
0.0162672
0.016486
0.0167048
0.0169235
0.0171422
0.0173609
0.0175795
0.0177981
0.0180166
0.018235
0.0184535
0.0186719
0.0188902
0.0191085
0.0193267
0.0195449
0.0197631
0.0199812
0.0201992
0.0204172
0.0206352
0.0208531
0.0210709
0.0212887
0.0215065
0.0217242
0.0219418
0.0221594
0.0223769
0.0225944
0.0228118
0.0230292
0.0232465
0.0234637
0.0236809
0.023898
0.0241151
0.0243321
0.0245491
0.024766
0.0249828
0.0251996
0.0254163
0.0256329
0.0258495
0.026066
0.0262825
0.0264989
0.0267152
0.0269314
0.0271476
0.0273638
0.0275798
0.0277958
0.0280117
0.0282276
0.0284434
0.0286591
0.0288747
0.0290903
0.0293058
0.0295212
0.0297365
0.0299518
0.030167
0.0303822
0.0305972
0.0308122
0.0310271
0.0312419
0.0314567
0.0316713
0.0318859
0.0321004
0.0323149
0.0325292
0.0327435
0.0329577
0.0331718
0.0333859
0.0335998
0.0338137
0.0340275
0.0342412
0.0344548
0.0346683
0.0348817
0.0350951
0.0353084
0.0355216
0.0357347
0.0359477
0.0361606
0.0363734
0.0365862
0.0367988
0.0370114
0.0372238
0.0374362
0.0376485
0.0378607
0.0380728
0.0382848
0.0384967
0.0387085
0.0389202
0.0391318
0.0393434
0.0395548
0.0397661
0.0399774
0.0401885
0.0403995
0.0406105
0.0408213
0.041032
0.0412427
0.0414532
0.0416636
0.041874
0.0420842
0.0422943
0.0425043
0.0427142
0.042924
0.0431337
0.0433433
0.0435528
0.0437622
0.0439715
0.0441806
0.0443897
0.0445986
0.0448075
0.0450162
0.0452248
0.0454333
0.0456417
0.04585
0.0460581
0.0462662
0.0464741
0.0466819
0.0468896
0.0470972
0.0473047
0.0475121
0.0477193
0.0479264
0.0481334
0.0483403
0.0485471
0.0487537
0.0489602
0.0491666
0.0493729
0.0495791
0.0497851
0.049991
0.0501968
0.0504025
0.050608
0.0508135
0.0510188
0.0512239
0.051429
0.0516339
0.0518387
0.0520433
0.0522479
0.0524523
0.0526565
0.0528607
0.0530647
0.0532686
0.0534723
0.0536759
0.0538794
0.0540828
0.054286
0.0544891
0.054692
0.0548949
0.0550975
0.0553001
0.0555025
0.0557048
0.0559069
0.0561089
0.0563107
0.0565125
0.056714
0.0569155
0.0571168
0.0573179
0.057519
0.0577198
0.0579206
0.0581211
0.0583216
0.0585219
0.0587221
0.0589221
0.0591219
0.0593217
0.0595212
0.0597207
0.0599199
0.0601191
0.0603181
0.0605169
0.0607156
0.0609141
0.0611125
0.0613107
0.0615088
0.0617067
0.0619045
0.0621022
0.0622996
0.0624969
0.0626941
0.0628911
0.063088
0.0632847
0.0634812
0.0636776
0.0638738
0.0640699
0.0642658
0.0644616
0.0646572
0.0648526
0.0650479
0.065243
0.065438
0.0656328
0.0658274
0.0660219
0.0662162
0.0664103
0.0666043
0.0667981
0.0669918
0.0671853
0.0673786
0.0675717
0.0677647
0.0679575
0.0681502
0.0683427
0.068535
0.0687271
0.0689191
0.0691109
0.0693026
0.069494
0.0696853
0.0698764
0.0700674
0.0702582
0.0704488
0.0706392
0.0708295
0.0710195
0.0712094
0.0713992
0.0715887
0.0717781
0.0719673
0.0721563
0.0723452
0.0725338
0.0727223
0.0729106
0.0730987
0.0732867
0.0734745
0.073662
0.0738494
0.0740367
0.0742237
0.0744106
0.0745972
0.0747837
0.07497
0.0751561
0.0753421
0.0755278
0.0757134
0.0758987
0.0760839
0.0762689
0.0764537
0.0766384
0.0768228
0.077007
0.0771911
0.077375
0.0775586
0.0777421
0.0779254
0.0781085
0.0782914
0.0784741
0.0786566
0.0788389
0.0790211
0.079203
0.0793847
0.0795663
0.0797476
0.0799288
0.0801097
0.0802905
0.080471
0.0806514
0.0808315
0.0810115
0.0811913
0.0813708
0.0815502
0.0817293
0.0819083
0.082087
0.0822656
0.0824439
0.0826221
0.0828
0.0829778
0.0831553
0.0833326
0.0835097
0.0836866
0.0838633
0.0840398
0.0842161
0.0843922
0.0845681
0.0847438
0.0849192
0.0850945
0.0852695
0.0854443
0.085619
0.0857934
0.0859676
0.0861416
0.0863153
0.0864889
0.0866622
0.0868354
0.0870083
0.087181
0.0873535
0.0875257
0.0876978
0.0878696
0.0880412
0.0882126
0.0883838
0.0885548
0.0887256
0.0888961
0.0890664
0.0892365
0.0894064
0.089576
0.0897454
0.0899147
0.0900836
0.0902524
0.0904209
0.0905893
0.0907574
0.0909252
0.0910929
0.0912603
0.0914275
0.0915945
0.0917612
0.0919277
0.092094
0.0922601
0.0924259
0.0925915
0.0927569
0.0929221
0.093087
0.0932517
0.0934162
0.0935804
0.0937444
0.0939082
0.0940717
0.094235
0.0943981
0.0945609
0.0947235
0.0948859
0.095048
0.0952099
0.0953716
0.0955331
0.0956943
0.0958552
0.0960159
0.0961764
0.0963367
0.0964967
0.0966565
0.096816
0.0969753
0.0971344
0.0972932
0.0974518
0.0976101
0.0977682
0.0979261
0.0980837
0.0982411
0.0983982
0.0985551
0.0987117
0.0988681
0.0990243
0.0991802
0.0993359
0.0994913
0.0996465
0.0998014
0.0999561
0.100111
0.100265
0.100419
0.100572
0.100726
0.100879
0.101032
0.101185
0.101337
0.101489
0.101641
0.101793
0.101944
0.102096
0.102247
0.102397
0.102548
0.102698
0.102848
0.102998
0.103147
0.103296
0.103445
0.103594
0.103742
0.10389
0.104038
0.104186
0.104333
0.10448
0.104627
0.104774
0.10492
0.105066
0.105212
0.105358
0.105503
0.105648
0.105793
0.105937
0.106082
0.106226
0.106369
0.106513
0.106656
0.106799
0.106942
0.107084
0.107226
0.107368
0.10751
0.107651
0.107792
0.107933
0.108074
0.108214
0.108354
0.108494
0.108633
0.108773
0.108912
0.10905
0.109189
0.109327
0.109465
0.109602
0.10974
0.109877
0.110014
0.11015
0.110286
0.110422
0.110558
0.110694
0.110829
0.110964
0.111098
0.111233
0.111367
0.1115
0.111634
0.111767
0.1119
0.112033
0.112165
0.112298
0.112429
0.112561
0.112692
0.112823
0.112954
0.113085
0.113215
0.113345
0.113474
0.113604
0.113733
0.113862
0.11399
0.114118
0.114246
0.114374
0.114501
0.114628
0.114755
0.114882
0.115008
0.115134
0.11526
0.115385
0.11551
0.115635
0.11576
0.115884
0.116008
0.116132
0.116255
0.116378
0.116501
0.116624
0.116746
0.116868
0.11699
0.117111
0.117232
0.117353
0.117473
0.117594
0.117714
0.117833
0.117953
0.118072
0.11819
0.118309
0.118427
0.118545
0.118663
0.11878
0.118897
0.119014
0.11913
0.119246
0.119362
0.119478
0.119593
0.119708
0.119823
0.119937
0.120051
0.120165
0.120278
0.120392
0.120504
0.120617
0.120729
0.120841
0.120953
0.121065
0.121176
0.121286
0.121397
0.121507
0.121617
0.121727
0.121836
0.121945
0.122054
0.122162
0.12227
0.122378
0.122486
0.122593
0.1227
0.122806
0.122913
0.123019
0.123124
0.12323
0.123335
0.123439
0.123544
0.123648
0.123752
0.123855
0.123959
0.124062
0.124164
0.124267
0.124369
0.12447
0.124572
0.124673
0.124774
0.124874
0.124974
0.125074
0.125174
0.125273
0.125372
0.125471
0.125569
0.125667
0.125765
0.125862
0.125959
0.126056
0.126152
0.126249
0.126344
0.12644
0.126535
0.12663
0.126725
0.126819
0.126913
0.127007
0.1271
0.127193
0.127286
0.127378
0.12747
0.127562
0.127653
0.127744
0.127835
0.127926
0.128016
0.128106
0.128195
0.128285
0.128374
0.128462
0.12855
0.128638
0.128726
0.128813
0.1289
0.128987
0.129074
0.12916
0.129245
0.129331
0.129416
0.129501
0.129585
0.129669
0.129753
0.129837
0.12992
0.130003
0.130085
0.130168
0.130249
0.130331
0.130412
0.130493
0.130574
0.130654
0.130734
0.130814
0.130893
0.130972
0.131051
0.131129
0.131207
0.131285
0.131362
0.131439
0.131516
0.131593
0.131669
0.131744
0.13182
0.131895
0.13197
0.132044
0.132118
0.132192
0.132266
0.132339
0.132412
0.132484
0.132556
0.132628
0.1327
0.132771
0.132842
0.132912
0.132983
0.133053
0.133122
0.133191
0.13326
0.133329
0.133397
0.133465
0.133533
0.1336
0.133667
0.133733
0.1338
0.133866
0.133931
0.133996
0.134061
0.134126
0.13419
0.134254
0.134318
0.134381
0.134444
0.134507
0.134569
0.134631
0.134693
0.134754
0.134815
0.134876
0.134936
0.134996
0.135056
0.135115
0.135174
0.135232
0.135291
0.135349
0.135406
0.135464
0.135521
0.135577
0.135634
0.13569
0.135745
0.1358
0.135855
0.13591
0.135964
0.136018
0.136072
0.136125
0.136178
0.136231
0.136283
0.136335
0.136387
0.136438
0.136489
0.136539
0.13659
0.13664
0.136689
0.136738
0.136787
0.136836
0.136884
0.136932
0.136979
0.137027
0.137074
0.13712
0.137166
0.137212
0.137258
0.137303
0.137348
0.137392
0.137436
0.13748
0.137524
0.137567
0.13761
0.137652
0.137694
0.137736
0.137778
0.137819
0.137859
0.1379
0.13794
0.13798
0.138019
0.138058
0.138097
0.138135
0.138173
0.138211
0.138248
0.138286
0.138322
0.138359
0.138395
0.13843
0.138466
0.138501
0.138535
0.138569
0.138603
0.138637
0.13867
0.138703
0.138736
0.138768
0.1388
0.138831
0.138863
0.138894
0.138924
0.138954
0.138984
0.139014
0.139043
0.139072
0.1391
0.139128
0.139156
0.139183
0.139211
0.139237
0.139264
0.13929
0.139315
0.139341
0.139366
0.139391
0.139415
0.139439
0.139463
0.139486
0.139509
0.139532
0.139554
0.139576
0.139597
0.139619
0.13964
0.13966
0.13968
0.1397
0.13972
0.139739
0.139758
0.139776
0.139794
0.139812
0.13983
0.139847
0.139863
0.13988
0.139896
0.139912
0.139927
0.139942
0.139957
0.139971
0.139985
0.139999
0.140012
0.140025
0.140038
0.14005
0.140062
0.140074
0.140085
0.140096
0.140106
0.140116
0.140126
0.140136
0.140145
0.140154
0.140162
0.14017
0.140178
0.140186
0.140193
0.1402
0.140206
0.140212
0.140218
0.140223
0.140228
0.140233
0.140237
0.140241
0.140245
0.140248
0.140251
0.140254
0.140256
0.140258
0.140259
0.14026
0.140261
0.140262
0.140262
0.140262
0.140261
0.14026
0.140259
0.140258
0.140256
0.140254
0.140251
0.140248
0.140245
0.140241
0.140237
0.140233
0.140228
0.140223
0.140218
0.140212
0.140206
0.1402
0.140193
0.140186
0.140178
0.14017
0.140162
0.140154
0.140145
0.140136
0.140126
0.140116
0.140106
0.140096
0.140085
0.140074
0.140062
0.14005
0.140038
0.140025
0.140012
0.139999
0.139985
0.139971
0.139957
0.139942
0.139927
0.139912
0.139896
0.13988
0.139863
0.139847
0.13983
0.139812
0.139794
0.139776
0.139758
0.139739
0.13972
0.1397
0.13968
0.13966
0.13964
0.139619
0.139597
0.139576
0.139554
0.139532
0.139509
0.139486
0.139463
0.139439
0.139415
0.139391
0.139366
0.139341
0.139315
0.13929
0.139264
0.139237
0.139211
0.139183
0.139156
0.139128
0.1391
0.139072
0.139043
0.139014
0.138984
0.138954
0.138924
0.138894
0.138863
0.138831
0.1388
0.138768
0.138736
0.138703
0.13867
0.138637
0.138603
0.138569
0.138535
0.138501
0.138466
0.13843
0.138395
0.138359
0.138322
0.138286
0.138248
0.138211
0.138173
0.138135
0.138097
0.138058
0.138019
0.13798
0.13794
0.1379
0.137859
0.137819
0.137778
0.137736
0.137694
0.137652
0.13761
0.137567
0.137524
0.13748
0.137436
0.137392
0.137348
0.137303
0.137258
0.137212
0.137166
0.13712
0.137074
0.137027
0.136979
0.136932
0.136884
0.136836
0.136787
0.136738
0.136689
0.13664
0.13659
0.136539
0.136489
0.136438
0.136387
0.136335
0.136283
0.136231
0.136178
0.136125
0.136072
0.136018
0.135964
0.13591
0.135855
0.1358
0.135745
0.13569
0.135634
0.135577
0.135521
0.135464
0.135406
0.135349
0.135291
0.135232
0.135174
0.135115
0.135056
0.134996
0.134936
0.134876
0.134815
0.134754
0.134693
0.134631
0.134569
0.134507
0.134444
0.134381
0.134318
0.134254
0.13419
0.134126
0.134061
0.133996
0.133931
0.133866
0.1338
0.133733
0.133667
0.1336
0.133533
0.133465
0.133397
0.133329
0.13326
0.133191
0.133122
0.133053
0.132983
0.132912
0.132842
0.132771
0.1327
0.132628
0.132556
0.132484
0.132412
0.132339
0.132266
0.132192
0.132118
0.132044
0.13197
0.131895
0.13182
0.131744
0.131669
0.131593
0.131516
0.131439
0.131362
0.131285
0.131207
0.131129
0.131051
0.130972
0.130893
0.130814
0.130734
0.130654
0.130574
0.130493
0.130412
0.130331
0.130249
0.130168
0.130085
0.130003
0.12992
0.129837
0.129753
0.129669
0.129585
0.129501
0.129416
0.129331
0.129245
0.12916
0.129074
0.128987
0.1289
0.128813
0.128726
0.128638
0.12855
0.128462
0.128374
0.128285
0.128195
0.128106
0.128016
0.127926
0.127835
0.127744
0.127653
0.127562
0.12747
0.127378
0.127286
0.127193
0.1271
0.127007
0.126913
0.126819
0.126725
0.12663
0.126535
0.12644
0.126344
0.126249
0.126152
0.126056
0.125959
0.125862
0.125765
0.125667
0.125569
0.125471
0.125372
0.125273
0.125174
0.125074
0.124974
0.124874
0.124774
0.124673
0.124572
0.12447
0.124369
0.124267
0.124164
0.124062
0.123959
0.123855
0.123752
0.123648
0.123544
0.123439
0.123335
0.12323
0.123124
0.123019
0.122913
0.122806
0.1227
0.122593
0.122486
0.122378
0.12227
0.122162
0.122054
0.121945
0.121836
0.121727
0.121617
0.121507
0.121397
0.121286
0.121176
0.121065
0.120953
0.120841
0.120729
0.120617
0.120504
0.120392
0.120278
0.120165
0.120051
0.119937
0.119823
0.119708
0.119593
0.119478
0.119362
0.119246
0.11913
0.119014
0.118897
0.11878
0.118663
0.118545
0.118427
0.118309
0.11819
0.118072
0.117953
0.117833
0.117714
0.117594
0.117473
0.117353
0.117232
0.117111
0.11699
0.116868
0.116746
0.116624
0.116501
0.116378
0.116255
0.116132
0.116008
0.115884
0.11576
0.115635
0.11551
0.115385
0.11526
0.115134
0.115008
0.114882
0.114755
0.114628
0.114501
0.114374
0.114246
0.114118
0.11399
0.113862
0.113733
0.113604
0.113474
0.113345
0.113215
0.113085
0.112954
0.112823
0.112692
0.112561
0.112429
0.112298
0.112165
0.112033
0.1119
0.111767
0.111634
0.1115
0.111367
0.111233
0.111098
0.110964
0.110829
0.110694
0.110558
0.110422
0.110286
0.11015
0.110014
0.109877
0.10974
0.109602
0.109465
0.109327
0.109189
0.10905
0.108912
0.108773
0.108633
0.108494
0.108354
0.108214
0.108074
0.107933
0.107792
0.107651
0.10751
0.107368
0.107226
0.107084
0.106942
0.106799
0.106656
0.106513
0.106369
0.106226
0.106082
0.105937
0.105793
0.105648
0.105503
0.105358
0.105212
0.105066
0.10492
0.104774
0.104627
0.10448
0.104333
0.104186
0.104038
0.10389
0.103742
0.103594
0.103445
0.103296
0.103147
0.102998
0.102848
0.102698
0.102548
0.102397
0.102247
0.102096
0.101944
0.101793
0.101641
0.101489
0.101337
0.101185
0.101032
0.100879
0.100726
0.100572
0.100419
0.100265
0.100111
0.0999561
0.0998014
0.0996465
0.0994913
0.0993359
0.0991802
0.0990243
0.0988681
0.0987117
0.0985551
0.0983982
0.0982411
0.0980837
0.0979261
0.0977682
0.0976101
0.0974518
0.0972932
0.0971344
0.0969753
0.096816
0.0966565
0.0964967
0.0963367
0.0961764
0.0960159
0.0958552
0.0956943
0.0955331
0.0953716
0.0952099
0.095048
0.0948859
0.0947235
0.0945609
0.0943981
0.094235
0.0940717
0.0939082
0.0937444
0.0935804
0.0934162
0.0932517
0.093087
0.0929221
0.0927569
0.0925915
0.0924259
0.0922601
0.092094
0.0919277
0.0917612
0.0915945
0.0914275
0.0912603
0.0910929
0.0909252
0.0907574
0.0905893
0.0904209
0.0902524
0.0900836
0.0899147
0.0897454
0.089576
0.0894064
0.0892365
0.0890664
0.0888961
0.0887256
0.0885548
0.0883838
0.0882126
0.0880412
0.0878696
0.0876978
0.0875257
0.0873535
0.087181
0.0870083
0.0868354
0.0866622
0.0864889
0.0863153
0.0861416
0.0859676
0.0857934
0.085619
0.0854443
0.0852695
0.0850945
0.0849192
0.0847438
0.0845681
0.0843922
0.0842161
0.0840398
0.0838633
0.0836866
0.0835097
0.0833326
0.0831553
0.0829778
0.0828
0.0826221
0.0824439
0.0822656
0.082087
0.0819083
0.0817293
0.0815502
0.0813708
0.0811913
0.0810115
0.0808315
0.0806514
0.080471
0.0802905
0.0801097
0.0799288
0.0797476
0.0795663
0.0793847
0.079203
0.0790211
0.0788389
0.0786566
0.0784741
0.0782914
0.0781085
0.0779254
0.0777421
0.0775586
0.077375
0.0771911
0.077007
0.0768228
0.0766384
0.0764537
0.0762689
0.0760839
0.0758987
0.0757134
0.0755278
0.0753421
0.0751561
0.07497
0.0747837
0.0745972
0.0744106
0.0742237
0.0740367
0.0738494
0.073662
0.0734745
0.0732867
0.0730987
0.0729106
0.0727223
0.0725338
0.0723452
0.0721563
0.0719673
0.0717781
0.0715887
0.0713992
0.0712094
0.0710195
0.0708295
0.0706392
0.0704488
0.0702582
0.0700674
0.0698764
0.0696853
0.069494
0.0693026
0.0691109
0.0689191
0.0687271
0.068535
0.0683427
0.0681502
0.0679575
0.0677647
0.0675717
0.0673786
0.0671853
0.0669918
0.0667981
0.0666043
0.0664103
0.0662162
0.0660219
0.0658274
0.0656328
0.065438
0.065243
0.0650479
0.0648526
0.0646572
0.0644616
0.0642658
0.0640699
0.0638738
0.0636776
0.0634812
0.0632847
0.063088
0.0628911
0.0626941
0.0624969
0.0622996
0.0621022
0.0619045
0.0617067
0.0615088
0.0613107
0.0611125
0.0609141
0.0607156
0.0605169
0.0603181
0.0601191
0.0599199
0.0597207
0.0595212
0.0593217
0.0591219
0.0589221
0.0587221
0.0585219
0.0583216
0.0581211
0.0579206
0.0577198
0.057519
0.0573179
0.0571168
0.0569155
0.056714
0.0565125
0.0563107
0.0561089
0.0559069
0.0557048
0.0555025
0.0553001
0.0550975
0.0548949
0.054692
0.0544891
0.054286
0.0540828
0.0538794
0.0536759
0.0534723
0.0532686
0.0530647
0.0528607
0.0526565
0.0524523
0.0522479
0.0520433
0.0518387
0.0516339
0.051429
0.0512239
0.0510188
0.0508135
0.050608
0.0504025
0.0501968
0.049991
0.0497851
0.0495791
0.0493729
0.0491666
0.0489602
0.0487537
0.0485471
0.0483403
0.0481334
0.0479264
0.0477193
0.0475121
0.0473047
0.0470972
0.0468896
0.0466819
0.0464741
0.0462662
0.0460581
0.04585
0.0456417
0.0454333
0.0452248
0.0450162
0.0448075
0.0445986
0.0443897
0.0441806
0.0439715
0.0437622
0.0435528
0.0433433
0.0431337
0.042924
0.0427142
0.0425043
0.0422943
0.0420842
0.041874
0.0416636
0.0414532
0.0412427
0.041032
0.0408213
0.0406105
0.0403995
0.0401885
0.0399774
0.0397661
0.0395548
0.0393434
0.0391318
0.0389202
0.0387085
0.0384967
0.0382848
0.0380728
0.0378607
0.0376485
0.0374362
0.0372238
0.0370114
0.0367988
0.0365862
0.0363734
0.0361606
0.0359477
0.0357347
0.0355216
0.0353084
0.0350951
0.0348817
0.0346683
0.0344548
0.0342412
0.0340275
0.0338137
0.0335998
0.0333859
0.0331718
0.0329577
0.0327435
0.0325292
0.0323149
0.0321004
0.0318859
0.0316713
0.0314567
0.0312419
0.0310271
0.0308122
0.0305972
0.0303822
0.030167
0.0299518
0.0297365
0.0295212
0.0293058
0.0290903
0.0288747
0.0286591
0.0284434
0.0282276
0.0280117
0.0277958
0.0275798
0.0273638
0.0271476
0.0269314
0.0267152
0.0264989
0.0262825
0.026066
0.0258495
0.0256329
0.0254163
0.0251996
0.0249828
0.024766
0.0245491
0.0243321
0.0241151
0.023898
0.0236809
0.0234637
0.0232465
0.0230292
0.0228118
0.0225944
0.0223769
0.0221594
0.0219418
0.0217242
0.0215065
0.0212887
0.0210709
0.0208531
0.0206352
0.0204172
0.0201992
0.0199812
0.0197631
0.0195449
0.0193267
0.0191085
0.0188902
0.0186719
0.0184535
0.018235
0.0180166
0.0177981
0.0175795
0.0173609
0.0171422
0.0169235
0.0167048
0.016486
0.0162672
0.0160484
0.0158295
0.0156105
0.0153916
0.0151725
0.0149535
0.0147344
0.0145153
0.0142961
0.0140769
0.0138577
0.0136384
0.0134191
0.0131998
0.0129805
0.0127611
0.0125416
0.0123222
0.0121027
0.0118832
0.0116636
0.0114441
0.0112245
0.0110048
0.0107852
0.0105655
0.0103458
0.010126
0.00990628
0.0096865
0.00946669
0.00924686
0.009027
0.00880712
0.00858722
0.0083673
0.00814736
0.0079274
0.00770742
0.00748742
0.0072674
0.00704737
0.00682732
0.00660724
0.00638716
0.00616706
0.00594694
0.00572681
0.00550666
0.0052865
0.00506633
0.00484614
0.00462594
0.00440574
0.00418552
0.00396529
0.00374505
0.0035248
0.00330454
0.00308427
0.002864
0.00264372
0.00242343
0.00220314
0.00198284
0.00176254
0.00154223
0.00132192
0.0011016
0.000881286
0.000660967
0.000440645
0.000220323
0
 23.781015s wall, 23.730000s user + 0.030000s system = 23.760000s CPU (99.9%)
